session_id,event_name,event_time
demo_session_00000,quick_result_count,2020-02-20 02:58:00
demo_session_00001,quick_result_count,2020-02-06 13:14:00
demo_session_00001,quick_result_count,2020-02-06 13:13:00
demo_session_00002,quick_result_count,2020-04-06 21:18:00
demo_session_00002,quick_result_count,2020-04-06 21:17:00
demo_session_00003,quick_result_count,2020-03-18 21:40:00
demo_session_00003,quick_result_count,2020-03-18 21:39:00
demo_session_00004,quick_result_count,2020-03-30 17:57:00
demo_session_00004,quick_result_count,2020-03-30 17:56:00
demo_session_00005,quick_result_count,2020-04-10 14:37:00
demo_session_00005,quick_result_count,2020-04-10 14:36:00
demo_session_00005,quick_result_count,2020-04-10 14:35:00
demo_session_00006,quick_result_count,2020-04-27 12:36:00
demo_session_00007,quick_result_count,2020-04-10 07:41:00
demo_session_00008,quick_result_count,2020-02-23 13:46:00
demo_session_00008,quick_result_count,2020-02-23 13:45:00
demo_session_00008,quick_result_count,2020-02-23 13:44:00
demo_session_00008,quick_result_count,2020-02-23 13:43:00
demo_session_00009,quick_result_count,2020-01-16 20:38:00
demo_session_00009,quick_result_count,2020-01-16 20:37:00
demo_session_00011,quick_result_count,2020-02-23 10:47:00
demo_session_00011,quick_result_count,2020-02-23 10:46:00
demo_session_00012,quick_result_count,2020-04-22 05:21:00
demo_session_00014,quick_result_count,2020-04-12 17:37:00
demo_session_00014,quick_result_count,2020-04-12 17:36:00
demo_session_00015,quick_result_count,2020-03-16 22:21:00
demo_session_00016,quick_result_count,2020-01-09 10:21:00
demo_session_00018,quick_result_count,2020-01-08 11:16:00
demo_session_00018,quick_result_count,2020-01-08 11:15:00
demo_session_00018,quick_result_count,2020-01-08 11:14:00
demo_session_00025,quick_result_count,2020-03-28 18:35:00
demo_session_00026,quick_result_count,2020-01-16 20:05:00
demo_session_00027,quick_result_count,2020-01-25 21:16:00
demo_session_00027,quick_result_count,2020-01-25 21:15:00
demo_session_00028,quick_result_count,2020-04-27 05:28:00
demo_session_00028,quick_result_count,2020-04-27 05:27:00
demo_session_00028,quick_result_count,2020-04-27 05:26:00
demo_session_00029,quick_result_count,2020-01-11 23:18:00
demo_session_00030,quick_result_count,2020-04-24 02:51:00
demo_session_00031,quick_result_count,2020-01-11 11:38:00
demo_session_00032,quick_result_count,2020-02-28 09:20:00
demo_session_00034,quick_result_count,2020-01-14 15:05:00
demo_session_00034,quick_result_count,2020-01-14 15:04:00
demo_session_00036,quick_result_count,2020-04-24 20:45:00
demo_session_00036,quick_result_count,2020-04-24 20:44:00
demo_session_00037,quick_result_count,2020-01-27 17:31:00
demo_session_00038,quick_result_count,2020-01-27 14:25:00
demo_session_00039,quick_result_count,2020-04-01 04:55:00
demo_session_00039,quick_result_count,2020-04-01 04:54:00
demo_session_00040,quick_result_count,2020-02-14 14:15:00
demo_session_00040,quick_result_count,2020-02-14 14:14:00
demo_session_00040,quick_result_count,2020-02-14 14:13:00
demo_session_00041,quick_result_count,2020-01-05 12:20:00
demo_session_00042,quick_result_count,2020-03-31 00:30:00
demo_session_00043,quick_result_count,2020-02-12 09:36:00
demo_session_00044,quick_result_count,2020-02-18 20:39:00
demo_session_00044,quick_result_count,2020-02-18 20:38:00
demo_session_00046,quick_result_count,2020-03-10 05:59:00
demo_session_00050,quick_result_count,2020-04-20 04:10:00
demo_session_00050,quick_result_count,2020-04-20 04:09:00
demo_session_00052,quick_result_count,2020-03-07 18:49:00
demo_session_00052,quick_result_count,2020-03-07 18:48:00
demo_session_00053,quick_result_count,2020-02-25 12:29:00
demo_session_00054,quick_result_count,2020-03-20 17:40:00
demo_session_00054,quick_result_count,2020-03-20 17:39:00
demo_session_00055,quick_result_count,2020-01-08 06:36:00
demo_session_00057,quick_result_count,2020-02-03 01:50:00
demo_session_00057,quick_result_count,2020-02-03 01:49:00
demo_session_00058,quick_result_count,2020-03-07 18:41:00
demo_session_00058,quick_result_count,2020-03-07 18:40:00
demo_session_00059,quick_result_count,2020-04-20 18:32:00
demo_session_00059,quick_result_count,2020-04-20 18:31:00
demo_session_00059,quick_result_count,2020-04-20 18:30:00
demo_session_00059,quick_result_count,2020-04-20 18:29:00
demo_session_00062,quick_result_count,2020-02-18 07:54:00
demo_session_00062,quick_result_count,2020-02-18 07:53:00
demo_session_00064,quick_result_count,2020-03-22 17:19:00
demo_session_00066,quick_result_count,2020-04-15 11:38:00
demo_session_00066,quick_result_count,2020-04-15 11:37:00
demo_session_00066,quick_result_count,2020-04-15 11:36:00
demo_session_00066,quick_result_count,2020-04-15 11:35:00
demo_session_00067,quick_result_count,2020-01-14 15:18:00
demo_session_00069,quick_result_count,2020-03-31 04:36:00
demo_session_00069,quick_result_count,2020-03-31 04:35:00
demo_session_00069,quick_result_count,2020-03-31 04:34:00
demo_session_00070,quick_result_count,2020-01-10 22:38:00
demo_session_00070,quick_result_count,2020-01-10 22:37:00
demo_session_00071,quick_result_count,2020-02-19 11:37:00
demo_session_00072,quick_result_count,2020-02-15 08:02:00
demo_session_00072,quick_result_count,2020-02-15 08:01:00
demo_session_00072,quick_result_count,2020-02-15 08:00:00
demo_session_00072,quick_result_count,2020-02-15 07:59:00
demo_session_00072,quick_result_count,2020-02-15 07:58:00
demo_session_00074,quick_result_count,2020-01-20 01:22:00
demo_session_00074,quick_result_count,2020-01-20 01:21:00
demo_session_00074,quick_result_count,2020-01-20 01:20:00
demo_session_00076,quick_result_count,2020-02-25 03:44:00
demo_session_00076,quick_result_count,2020-02-25 03:43:00
demo_session_00077,quick_result_count,2020-04-08 04:54:00
demo_session_00078,quick_result_count,2020-03-05 21:52:00
demo_session_00081,quick_result_count,2020-01-19 02:35:00
demo_session_00081,quick_result_count,2020-01-19 02:34:00
demo_session_00081,quick_result_count,2020-01-19 02:33:00
demo_session_00082,quick_result_count,2020-03-24 09:31:00
demo_session_00083,quick_result_count,2020-02-02 18:50:00
demo_session_00084,quick_result_count,2020-01-15 14:59:00
demo_session_00084,quick_result_count,2020-01-15 14:58:00
demo_session_00084,quick_result_count,2020-01-15 14:57:00
demo_session_00085,quick_result_count,2020-01-23 22:44:00
demo_session_00087,quick_result_count,2020-04-27 04:59:00
demo_session_00088,quick_result_count,2020-03-13 00:42:00
demo_session_00089,quick_result_count,2020-04-06 23:25:00
demo_session_00089,quick_result_count,2020-04-06 23:24:00
demo_session_00089,quick_result_count,2020-04-06 23:23:00
demo_session_00089,quick_result_count,2020-04-06 23:22:00
demo_session_00090,quick_result_count,2020-04-18 08:12:00
demo_session_00090,quick_result_count,2020-04-18 08:11:00
demo_session_00090,quick_result_count,2020-04-18 08:10:00
demo_session_00091,quick_result_count,2020-02-11 19:24:00
demo_session_00092,quick_result_count,2020-03-31 21:49:00
demo_session_00094,quick_result_count,2020-01-21 18:35:00
demo_session_00094,quick_result_count,2020-01-21 18:34:00
demo_session_00095,quick_result_count,2020-03-04 23:44:00
demo_session_00095,quick_result_count,2020-03-04 23:43:00
demo_session_00097,quick_result_count,2020-03-13 20:44:00
demo_session_00097,quick_result_count,2020-03-13 20:43:00
demo_session_00098,quick_result_count,2020-02-01 05:05:00
demo_session_00098,quick_result_count,2020-02-01 05:04:00
demo_session_00098,quick_result_count,2020-02-01 05:03:00
demo_session_00098,quick_result_count,2020-02-01 05:02:00
demo_session_00099,quick_result_count,2020-01-13 10:23:00
demo_session_00099,quick_result_count,2020-01-13 10:22:00
demo_session_00100,quick_result_count,2020-03-25 15:14:00
demo_session_00100,quick_result_count,2020-03-25 15:13:00
demo_session_00101,quick_result_count,2020-02-11 21:02:00
demo_session_00101,quick_result_count,2020-02-11 21:01:00
demo_session_00102,quick_result_count,2020-02-23 15:23:00
demo_session_00103,quick_result_count,2020-01-11 07:27:00
demo_session_00103,quick_result_count,2020-01-11 07:26:00
demo_session_00103,quick_result_count,2020-01-11 07:25:00
demo_session_00104,quick_result_count,2020-01-10 14:09:00
demo_session_00105,quick_result_count,2020-04-20 06:53:00
demo_session_00106,quick_result_count,2020-03-12 23:36:00
demo_session_00107,quick_result_count,2020-02-18 09:55:00
demo_session_00108,quick_result_count,2020-03-20 21:42:00
demo_session_00108,quick_result_count,2020-03-20 21:41:00
demo_session_00110,quick_result_count,2020-01-14 15:38:00
demo_session_00110,quick_result_count,2020-01-14 15:37:00
demo_session_00110,quick_result_count,2020-01-14 15:36:00
demo_session_00114,quick_result_count,2020-02-02 06:03:00
demo_session_00115,quick_result_count,2020-01-11 12:59:00
demo_session_00115,quick_result_count,2020-01-11 12:58:00
demo_session_00117,quick_result_count,2020-02-10 08:17:00
demo_session_00117,quick_result_count,2020-02-10 08:16:00
demo_session_00117,quick_result_count,2020-02-10 08:15:00
demo_session_00120,quick_result_count,2020-01-31 07:12:00
demo_session_00120,quick_result_count,2020-01-31 07:11:00
demo_session_00121,quick_result_count,2020-02-29 23:24:00
demo_session_00122,quick_result_count,2020-03-08 01:08:00
demo_session_00123,quick_result_count,2020-01-09 23:50:00
demo_session_00123,quick_result_count,2020-01-09 23:49:00
demo_session_00125,quick_result_count,2020-01-09 10:08:00
demo_session_00125,quick_result_count,2020-01-09 10:07:00
demo_session_00126,quick_result_count,2020-03-23 21:41:00
demo_session_00127,quick_result_count,2020-03-24 22:43:00
demo_session_00130,quick_result_count,2020-04-07 08:35:00
demo_session_00132,quick_result_count,2020-01-15 00:41:00
demo_session_00134,quick_result_count,2020-02-07 00:51:00
demo_session_00135,quick_result_count,2020-02-11 11:11:00
demo_session_00135,quick_result_count,2020-02-11 11:10:00
demo_session_00138,quick_result_count,2020-02-22 12:58:00
demo_session_00139,quick_result_count,2020-02-10 01:30:00
demo_session_00139,quick_result_count,2020-02-10 01:29:00
demo_session_00139,quick_result_count,2020-02-10 01:28:00
demo_session_00139,quick_result_count,2020-02-10 01:27:00
demo_session_00140,quick_result_count,2020-04-08 17:26:00
demo_session_00141,quick_result_count,2020-03-28 15:45:00
demo_session_00143,quick_result_count,2020-03-19 16:37:00
demo_session_00145,quick_result_count,2020-02-27 18:37:00
demo_session_00146,quick_result_count,2020-03-29 05:24:00
demo_session_00146,quick_result_count,2020-03-29 05:23:00
demo_session_00149,quick_result_count,2020-02-20 03:37:00
demo_session_00150,quick_result_count,2020-03-19 00:10:00
demo_session_00151,quick_result_count,2020-02-15 19:01:00
demo_session_00152,quick_result_count,2020-04-22 05:44:00
demo_session_00152,quick_result_count,2020-04-22 05:43:00
demo_session_00152,quick_result_count,2020-04-22 05:42:00
demo_session_00153,quick_result_count,2020-02-16 19:14:00
demo_session_00154,quick_result_count,2020-01-14 03:31:00
demo_session_00154,quick_result_count,2020-01-14 03:30:00
demo_session_00156,quick_result_count,2020-01-29 15:24:00
demo_session_00156,quick_result_count,2020-01-29 15:23:00
demo_session_00156,quick_result_count,2020-01-29 15:22:00
demo_session_00157,quick_result_count,2020-02-24 15:12:00
demo_session_00158,quick_result_count,2020-04-20 11:30:00
demo_session_00160,quick_result_count,2020-01-06 02:36:00
demo_session_00162,quick_result_count,2020-02-22 07:17:00
demo_session_00162,quick_result_count,2020-02-22 07:16:00
demo_session_00162,quick_result_count,2020-02-22 07:15:00
demo_session_00162,quick_result_count,2020-02-22 07:14:00
demo_session_00163,quick_result_count,2020-01-16 11:49:00
demo_session_00166,quick_result_count,2020-03-25 05:07:00
demo_session_00167,quick_result_count,2020-02-20 17:41:00
demo_session_00168,quick_result_count,2020-04-21 16:09:00
demo_session_00170,quick_result_count,2020-04-20 11:21:00
demo_session_00170,quick_result_count,2020-04-20 11:20:00
demo_session_00172,quick_result_count,2020-03-21 01:56:00
demo_session_00172,quick_result_count,2020-03-21 01:55:00
demo_session_00174,quick_result_count,2020-01-24 03:20:00
demo_session_00175,quick_result_count,2020-01-22 15:23:00
demo_session_00176,quick_result_count,2020-01-24 14:00:00
demo_session_00177,quick_result_count,2020-01-12 01:11:00
demo_session_00177,quick_result_count,2020-01-12 01:10:00
demo_session_00179,quick_result_count,2020-04-02 19:30:00
demo_session_00179,quick_result_count,2020-04-02 19:29:00
demo_session_00179,quick_result_count,2020-04-02 19:28:00
demo_session_00180,quick_result_count,2020-02-25 14:55:00
demo_session_00180,quick_result_count,2020-02-25 14:54:00
demo_session_00181,quick_result_count,2020-01-16 17:04:00
demo_session_00181,quick_result_count,2020-01-16 17:03:00
demo_session_00182,quick_result_count,2020-03-25 20:36:00
demo_session_00183,quick_result_count,2020-01-21 23:44:00
demo_session_00185,quick_result_count,2020-02-14 00:18:00
demo_session_00185,quick_result_count,2020-02-14 00:17:00
demo_session_00187,quick_result_count,2020-02-05 03:08:00
demo_session_00187,quick_result_count,2020-02-05 03:07:00
demo_session_00187,quick_result_count,2020-02-05 03:06:00
demo_session_00188,quick_result_count,2020-04-09 21:25:00
demo_session_00188,quick_result_count,2020-04-09 21:24:00
demo_session_00189,quick_result_count,2020-04-20 09:03:00
demo_session_00189,quick_result_count,2020-04-20 09:02:00
demo_session_00191,quick_result_count,2020-04-28 15:17:00
demo_session_00193,quick_result_count,2020-02-20 16:29:00
demo_session_00193,quick_result_count,2020-02-20 16:28:00
demo_session_00193,quick_result_count,2020-02-20 16:27:00
demo_session_00193,quick_result_count,2020-02-20 16:26:00
demo_session_00193,quick_result_count,2020-02-20 16:25:00
demo_session_00194,quick_result_count,2020-02-25 00:10:00
demo_session_00195,quick_result_count,2020-01-25 03:15:00
demo_session_00198,quick_result_count,2020-03-24 22:33:00
demo_session_00198,quick_result_count,2020-03-24 22:32:00
demo_session_00198,quick_result_count,2020-03-24 22:31:00
demo_session_00198,quick_result_count,2020-03-24 22:30:00
demo_session_00198,quick_result_count,2020-03-24 22:29:00
demo_session_00199,quick_result_count,2020-02-29 11:30:00
demo_session_00199,quick_result_count,2020-02-29 11:29:00
demo_session_00199,quick_result_count,2020-02-29 11:28:00
demo_session_00201,quick_result_count,2020-02-25 22:10:00
demo_session_00203,quick_result_count,2020-01-03 10:33:00
demo_session_00205,quick_result_count,2020-01-16 09:42:00
demo_session_00205,quick_result_count,2020-01-16 09:41:00
demo_session_00205,quick_result_count,2020-01-16 09:40:00
demo_session_00208,quick_result_count,2020-01-31 00:42:00
demo_session_00209,quick_result_count,2020-02-12 05:03:00
demo_session_00209,quick_result_count,2020-02-12 05:02:00
demo_session_00209,quick_result_count,2020-02-12 05:01:00
demo_session_00210,quick_result_count,2020-04-09 13:15:00
demo_session_00212,quick_result_count,2020-03-17 15:22:00
demo_session_00213,quick_result_count,2020-04-15 08:10:00
demo_session_00213,quick_result_count,2020-04-15 08:09:00
demo_session_00217,quick_result_count,2020-04-02 13:02:00
demo_session_00217,quick_result_count,2020-04-02 13:01:00
demo_session_00217,quick_result_count,2020-04-02 13:00:00
demo_session_00217,quick_result_count,2020-04-02 12:59:00
demo_session_00220,quick_result_count,2020-02-14 19:52:00
demo_session_00220,quick_result_count,2020-02-14 19:51:00
demo_session_00224,quick_result_count,2020-02-10 07:08:00
demo_session_00227,quick_result_count,2020-04-20 08:35:00
demo_session_00227,quick_result_count,2020-04-20 08:34:00
demo_session_00227,quick_result_count,2020-04-20 08:33:00
demo_session_00229,quick_result_count,2020-04-22 00:13:00
demo_session_00231,quick_result_count,2020-01-13 14:28:00
demo_session_00233,quick_result_count,2020-01-24 08:46:00
demo_session_00233,quick_result_count,2020-01-24 08:45:00
demo_session_00234,quick_result_count,2020-03-03 12:31:00
demo_session_00234,quick_result_count,2020-03-03 12:30:00
demo_session_00236,quick_result_count,2020-02-08 01:41:00
demo_session_00237,quick_result_count,2020-04-19 08:55:00
demo_session_00239,quick_result_count,2020-01-10 08:41:00
demo_session_00241,quick_result_count,2020-03-31 03:20:00
demo_session_00242,quick_result_count,2020-04-08 20:21:00
demo_session_00242,quick_result_count,2020-04-08 20:20:00
demo_session_00243,quick_result_count,2020-02-04 12:34:00
demo_session_00243,quick_result_count,2020-02-04 12:33:00
demo_session_00244,quick_result_count,2020-02-04 21:14:00
demo_session_00244,quick_result_count,2020-02-04 21:13:00
demo_session_00246,quick_result_count,2020-04-13 22:02:00
demo_session_00246,quick_result_count,2020-04-13 22:01:00
demo_session_00247,quick_result_count,2020-01-22 06:33:00
demo_session_00249,quick_result_count,2020-04-06 18:47:00
demo_session_00252,quick_result_count,2020-03-16 11:04:00
demo_session_00254,quick_result_count,2020-02-18 04:55:00
demo_session_00256,quick_result_count,2020-01-09 03:54:00
demo_session_00257,quick_result_count,2020-02-25 23:04:00
demo_session_00257,quick_result_count,2020-02-25 23:03:00
demo_session_00258,quick_result_count,2020-03-25 07:43:00
demo_session_00260,quick_result_count,2020-01-11 15:25:00
demo_session_00261,quick_result_count,2020-04-09 06:31:00
demo_session_00262,quick_result_count,2020-01-09 10:45:00
demo_session_00264,quick_result_count,2020-03-09 04:56:00
demo_session_00265,quick_result_count,2020-04-21 05:17:00
demo_session_00265,quick_result_count,2020-04-21 05:16:00
demo_session_00266,quick_result_count,2020-03-31 11:18:00
demo_session_00266,quick_result_count,2020-03-31 11:17:00
demo_session_00266,quick_result_count,2020-03-31 11:16:00
demo_session_00268,quick_result_count,2020-02-21 07:51:00
demo_session_00270,quick_result_count,2020-01-30 17:30:00
demo_session_00272,quick_result_count,2020-03-05 00:16:00
demo_session_00272,quick_result_count,2020-03-05 00:15:00
demo_session_00272,quick_result_count,2020-03-05 00:14:00
demo_session_00273,quick_result_count,2020-03-16 04:50:00
demo_session_00273,quick_result_count,2020-03-16 04:49:00
demo_session_00273,quick_result_count,2020-03-16 04:48:00
demo_session_00273,quick_result_count,2020-03-16 04:47:00
demo_session_00275,quick_result_count,2020-04-26 02:27:00
demo_session_00275,quick_result_count,2020-04-26 02:26:00
demo_session_00278,quick_result_count,2020-03-11 19:19:00
demo_session_00278,quick_result_count,2020-03-11 19:18:00
demo_session_00278,quick_result_count,2020-03-11 19:17:00
demo_session_00282,quick_result_count,2020-04-18 05:15:00
demo_session_00282,quick_result_count,2020-04-18 05:14:00
demo_session_00282,quick_result_count,2020-04-18 05:13:00
demo_session_00283,quick_result_count,2020-02-02 23:03:00
demo_session_00283,quick_result_count,2020-02-02 23:02:00
demo_session_00284,quick_result_count,2020-03-19 02:30:00
demo_session_00285,quick_result_count,2020-03-08 23:07:00
demo_session_00287,quick_result_count,2020-04-15 02:40:00
demo_session_00288,quick_result_count,2020-01-10 23:40:00
demo_session_00288,quick_result_count,2020-01-10 23:39:00
demo_session_00289,quick_result_count,2020-04-24 08:24:00
demo_session_00289,quick_result_count,2020-04-24 08:23:00
demo_session_00290,quick_result_count,2020-04-20 14:44:00
demo_session_00293,quick_result_count,2020-04-12 16:53:00
demo_session_00296,quick_result_count,2020-04-21 11:56:00
demo_session_00297,quick_result_count,2020-04-02 20:09:00
demo_session_00298,quick_result_count,2020-04-15 15:09:00
demo_session_00300,quick_result_count,2020-02-21 05:19:00
demo_session_00305,quick_result_count,2020-04-04 11:51:00
demo_session_00306,quick_result_count,2020-03-19 00:27:00
demo_session_00307,quick_result_count,2020-03-11 07:58:00
demo_session_00308,quick_result_count,2020-04-19 15:29:00
demo_session_00308,quick_result_count,2020-04-19 15:28:00
demo_session_00309,quick_result_count,2020-04-08 09:09:00
demo_session_00311,quick_result_count,2020-04-24 18:33:00
demo_session_00313,quick_result_count,2020-03-07 13:24:00
demo_session_00313,quick_result_count,2020-03-07 13:23:00
demo_session_00314,quick_result_count,2020-01-04 17:25:00
demo_session_00316,quick_result_count,2020-01-16 06:07:00
demo_session_00318,quick_result_count,2020-04-03 21:47:00
demo_session_00318,quick_result_count,2020-04-03 21:46:00
demo_session_00318,quick_result_count,2020-04-03 21:45:00
demo_session_00318,quick_result_count,2020-04-03 21:44:00
demo_session_00322,quick_result_count,2020-04-03 13:24:00
demo_session_00322,quick_result_count,2020-04-03 13:23:00
demo_session_00322,quick_result_count,2020-04-03 13:22:00
demo_session_00323,quick_result_count,2020-04-25 03:37:00
demo_session_00324,quick_result_count,2020-04-17 18:37:00
demo_session_00326,quick_result_count,2020-02-06 19:53:00
demo_session_00327,quick_result_count,2020-03-31 05:34:00
demo_session_00328,quick_result_count,2020-01-21 00:37:00
demo_session_00330,quick_result_count,2020-02-04 00:12:00
demo_session_00331,quick_result_count,2020-02-28 05:58:00
demo_session_00333,quick_result_count,2020-04-13 13:09:00
demo_session_00334,quick_result_count,2020-04-17 02:57:00
demo_session_00334,quick_result_count,2020-04-17 02:56:00
demo_session_00335,quick_result_count,2020-04-22 08:46:00
demo_session_00338,quick_result_count,2020-04-15 07:27:00
demo_session_00338,quick_result_count,2020-04-15 07:26:00
demo_session_00339,quick_result_count,2020-03-29 03:08:00
demo_session_00340,quick_result_count,2020-01-10 15:51:00
demo_session_00340,quick_result_count,2020-01-10 15:50:00
demo_session_00340,quick_result_count,2020-01-10 15:49:00
demo_session_00340,quick_result_count,2020-01-10 15:48:00
demo_session_00340,quick_result_count,2020-01-10 15:47:00
demo_session_00341,quick_result_count,2020-03-28 16:47:00
demo_session_00341,quick_result_count,2020-03-28 16:46:00
demo_session_00342,quick_result_count,2020-03-22 01:34:00
demo_session_00342,quick_result_count,2020-03-22 01:33:00
demo_session_00343,quick_result_count,2020-01-12 06:20:00
demo_session_00343,quick_result_count,2020-01-12 06:19:00
demo_session_00344,quick_result_count,2020-01-25 05:23:00
demo_session_00345,quick_result_count,2020-03-31 04:25:00
demo_session_00345,quick_result_count,2020-03-31 04:24:00
demo_session_00346,quick_result_count,2020-01-21 01:03:00
demo_session_00347,quick_result_count,2020-02-11 14:35:00
demo_session_00347,quick_result_count,2020-02-11 14:34:00
demo_session_00348,quick_result_count,2020-03-13 23:19:00
demo_session_00349,quick_result_count,2020-04-13 18:05:00
demo_session_00350,quick_result_count,2020-02-04 03:11:00
demo_session_00350,quick_result_count,2020-02-04 03:10:00
demo_session_00351,quick_result_count,2020-01-02 08:23:00
demo_session_00351,quick_result_count,2020-01-02 08:22:00
demo_session_00352,quick_result_count,2020-04-12 03:33:00
demo_session_00353,quick_result_count,2020-04-22 03:00:00
demo_session_00353,quick_result_count,2020-04-22 02:59:00
demo_session_00353,quick_result_count,2020-04-22 02:58:00
demo_session_00355,quick_result_count,2020-02-28 01:33:00
demo_session_00355,quick_result_count,2020-02-28 01:32:00
demo_session_00356,quick_result_count,2020-03-27 10:07:00
demo_session_00356,quick_result_count,2020-03-27 10:06:00
demo_session_00359,quick_result_count,2020-03-13 02:51:00
demo_session_00359,quick_result_count,2020-03-13 02:50:00
demo_session_00359,quick_result_count,2020-03-13 02:49:00
demo_session_00359,quick_result_count,2020-03-13 02:48:00
demo_session_00359,quick_result_count,2020-03-13 02:47:00
demo_session_00360,quick_result_count,2020-03-17 06:02:00
demo_session_00360,quick_result_count,2020-03-17 06:01:00
demo_session_00361,quick_result_count,2020-03-24 01:02:00
demo_session_00362,quick_result_count,2020-04-16 17:37:00
demo_session_00362,quick_result_count,2020-04-16 17:36:00
demo_session_00362,quick_result_count,2020-04-16 17:35:00
demo_session_00363,quick_result_count,2020-04-03 13:48:00
demo_session_00364,quick_result_count,2020-01-05 09:42:00
demo_session_00364,quick_result_count,2020-01-05 09:41:00
demo_session_00365,quick_result_count,2020-03-25 05:18:00
demo_session_00366,quick_result_count,2020-03-28 12:54:00
demo_session_00368,quick_result_count,2020-03-15 20:29:00
demo_session_00368,quick_result_count,2020-03-15 20:28:00
demo_session_00370,quick_result_count,2020-02-01 09:43:00
demo_session_00371,quick_result_count,2020-04-13 13:07:00
demo_session_00372,quick_result_count,2020-01-01 06:33:00
demo_session_00372,quick_result_count,2020-01-01 06:32:00
demo_session_00372,quick_result_count,2020-01-01 06:31:00
demo_session_00374,quick_result_count,2020-01-27 17:07:00
demo_session_00374,quick_result_count,2020-01-27 17:06:00
demo_session_00375,quick_result_count,2020-04-03 08:38:00
demo_session_00375,quick_result_count,2020-04-03 08:37:00
demo_session_00376,quick_result_count,2020-01-27 09:03:00
demo_session_00377,quick_result_count,2020-01-05 04:02:00
demo_session_00379,quick_result_count,2020-03-31 16:23:00
demo_session_00381,quick_result_count,2020-02-02 08:32:00
demo_session_00383,quick_result_count,2020-04-25 10:49:00
demo_session_00383,quick_result_count,2020-04-25 10:48:00
demo_session_00383,quick_result_count,2020-04-25 10:47:00
demo_session_00384,quick_result_count,2020-02-07 05:23:00
demo_session_00384,quick_result_count,2020-02-07 05:22:00
demo_session_00387,quick_result_count,2020-01-12 01:41:00
demo_session_00388,quick_result_count,2020-02-28 11:24:00
demo_session_00388,quick_result_count,2020-02-28 11:23:00
demo_session_00389,quick_result_count,2020-01-22 18:19:00
demo_session_00391,quick_result_count,2020-03-31 09:04:00
demo_session_00391,quick_result_count,2020-03-31 09:03:00
demo_session_00391,quick_result_count,2020-03-31 09:02:00
demo_session_00393,quick_result_count,2020-03-19 04:01:00
demo_session_00394,quick_result_count,2020-03-08 22:58:00
demo_session_00394,quick_result_count,2020-03-08 22:57:00
demo_session_00394,quick_result_count,2020-03-08 22:56:00
demo_session_00395,quick_result_count,2020-03-28 06:25:00
demo_session_00395,quick_result_count,2020-03-28 06:24:00
demo_session_00399,quick_result_count,2020-04-15 13:09:00
demo_session_00403,quick_result_count,2020-01-17 02:13:00
demo_session_00403,quick_result_count,2020-01-17 02:12:00
demo_session_00404,quick_result_count,2020-04-15 03:18:00
demo_session_00405,quick_result_count,2020-04-02 02:18:00
demo_session_00405,quick_result_count,2020-04-02 02:17:00
demo_session_00406,quick_result_count,2020-01-14 18:45:00
demo_session_00406,quick_result_count,2020-01-14 18:44:00
demo_session_00406,quick_result_count,2020-01-14 18:43:00
demo_session_00408,quick_result_count,2020-01-21 14:24:00
demo_session_00409,quick_result_count,2020-03-12 05:00:00
demo_session_00409,quick_result_count,2020-03-12 04:59:00
demo_session_00411,quick_result_count,2020-02-16 05:07:00
demo_session_00412,quick_result_count,2020-02-22 23:47:00
demo_session_00412,quick_result_count,2020-02-22 23:46:00
demo_session_00413,quick_result_count,2020-03-26 06:51:00
demo_session_00413,quick_result_count,2020-03-26 06:50:00
demo_session_00413,quick_result_count,2020-03-26 06:49:00
demo_session_00414,quick_result_count,2020-01-19 17:01:00
demo_session_00414,quick_result_count,2020-01-19 17:00:00
demo_session_00415,quick_result_count,2020-01-05 06:25:00
demo_session_00415,quick_result_count,2020-01-05 06:24:00
demo_session_00416,quick_result_count,2020-02-19 23:41:00
demo_session_00416,quick_result_count,2020-02-19 23:40:00
demo_session_00416,quick_result_count,2020-02-19 23:39:00
demo_session_00417,quick_result_count,2020-02-28 22:34:00
demo_session_00417,quick_result_count,2020-02-28 22:33:00
demo_session_00420,quick_result_count,2020-01-13 06:51:00
demo_session_00420,quick_result_count,2020-01-13 06:50:00
demo_session_00421,quick_result_count,2020-03-30 13:50:00
demo_session_00421,quick_result_count,2020-03-30 13:49:00
demo_session_00422,quick_result_count,2020-04-01 23:21:00
demo_session_00422,quick_result_count,2020-04-01 23:20:00
demo_session_00422,quick_result_count,2020-04-01 23:19:00
demo_session_00422,quick_result_count,2020-04-01 23:18:00
demo_session_00423,quick_result_count,2020-02-01 21:41:00
demo_session_00424,quick_result_count,2020-03-19 05:09:00
demo_session_00425,quick_result_count,2020-01-29 01:04:00
demo_session_00425,quick_result_count,2020-01-29 01:03:00
demo_session_00426,quick_result_count,2020-02-17 10:16:00
demo_session_00427,quick_result_count,2020-02-08 09:06:00
demo_session_00427,quick_result_count,2020-02-08 09:05:00
demo_session_00428,quick_result_count,2020-04-26 12:06:00
demo_session_00428,quick_result_count,2020-04-26 12:05:00
demo_session_00429,quick_result_count,2020-02-27 15:56:00
demo_session_00429,quick_result_count,2020-02-27 15:55:00
demo_session_00429,quick_result_count,2020-02-27 15:54:00
demo_session_00430,quick_result_count,2020-03-16 22:47:00
demo_session_00431,quick_result_count,2020-01-26 04:25:00
demo_session_00431,quick_result_count,2020-01-26 04:24:00
demo_session_00431,quick_result_count,2020-01-26 04:23:00
demo_session_00433,quick_result_count,2020-03-23 02:29:00
demo_session_00434,quick_result_count,2020-01-13 16:39:00
demo_session_00435,quick_result_count,2020-02-09 19:01:00
demo_session_00436,quick_result_count,2020-03-01 16:52:00
demo_session_00436,quick_result_count,2020-03-01 16:51:00
demo_session_00438,quick_result_count,2020-04-06 02:06:00
demo_session_00439,quick_result_count,2020-03-07 21:51:00
demo_session_00441,quick_result_count,2020-02-15 05:23:00
demo_session_00443,quick_result_count,2020-03-25 03:31:00
demo_session_00443,quick_result_count,2020-03-25 03:30:00
demo_session_00447,quick_result_count,2020-03-31 19:40:00
demo_session_00448,quick_result_count,2020-01-29 01:55:00
demo_session_00448,quick_result_count,2020-01-29 01:54:00
demo_session_00449,quick_result_count,2020-03-03 18:14:00
demo_session_00449,quick_result_count,2020-03-03 18:13:00
demo_session_00450,quick_result_count,2020-01-16 17:56:00
demo_session_00451,quick_result_count,2020-02-14 02:09:00
demo_session_00453,quick_result_count,2020-01-25 03:13:00
demo_session_00454,quick_result_count,2020-03-06 16:03:00
demo_session_00457,quick_result_count,2020-04-14 18:15:00
demo_session_00458,quick_result_count,2020-02-13 10:13:00
demo_session_00459,quick_result_count,2020-01-15 12:32:00
demo_session_00461,quick_result_count,2020-01-26 20:20:00
demo_session_00461,quick_result_count,2020-01-26 20:19:00
demo_session_00461,quick_result_count,2020-01-26 20:18:00
demo_session_00462,quick_result_count,2020-04-26 19:46:00
demo_session_00463,quick_result_count,2020-03-20 19:53:00
demo_session_00463,quick_result_count,2020-03-20 19:52:00
demo_session_00463,quick_result_count,2020-03-20 19:51:00
demo_session_00463,quick_result_count,2020-03-20 19:50:00
demo_session_00464,quick_result_count,2020-01-31 16:15:00
demo_session_00464,quick_result_count,2020-01-31 16:14:00
demo_session_00465,quick_result_count,2020-03-09 23:50:00
demo_session_00465,quick_result_count,2020-03-09 23:49:00
demo_session_00465,quick_result_count,2020-03-09 23:48:00
demo_session_00465,quick_result_count,2020-03-09 23:47:00
demo_session_00466,quick_result_count,2020-04-21 21:20:00
demo_session_00467,quick_result_count,2020-04-19 22:35:00
demo_session_00469,quick_result_count,2020-01-04 11:35:00
demo_session_00469,quick_result_count,2020-01-04 11:34:00
demo_session_00470,quick_result_count,2020-01-10 13:15:00
demo_session_00471,quick_result_count,2020-04-15 10:06:00
demo_session_00471,quick_result_count,2020-04-15 10:05:00
demo_session_00471,quick_result_count,2020-04-15 10:04:00
demo_session_00472,quick_result_count,2020-03-20 07:50:00
demo_session_00474,quick_result_count,2020-03-27 13:53:00
demo_session_00476,quick_result_count,2020-03-02 00:51:00
demo_session_00477,quick_result_count,2020-02-15 10:32:00
demo_session_00478,quick_result_count,2020-01-29 05:19:00
demo_session_00481,quick_result_count,2020-01-02 17:23:00
demo_session_00482,quick_result_count,2020-01-18 10:59:00
demo_session_00483,quick_result_count,2020-04-04 11:42:00
demo_session_00484,quick_result_count,2020-03-18 19:33:00
demo_session_00484,quick_result_count,2020-03-18 19:32:00
demo_session_00486,quick_result_count,2020-01-05 08:46:00
demo_session_00486,quick_result_count,2020-01-05 08:45:00
demo_session_00487,quick_result_count,2020-01-28 03:14:00
demo_session_00488,quick_result_count,2020-01-15 05:07:00
demo_session_00488,quick_result_count,2020-01-15 05:06:00
demo_session_00488,quick_result_count,2020-01-15 05:05:00
demo_session_00489,quick_result_count,2020-02-03 04:28:00
demo_session_00489,quick_result_count,2020-02-03 04:27:00
demo_session_00490,quick_result_count,2020-04-09 23:12:00
demo_session_00490,quick_result_count,2020-04-09 23:11:00
demo_session_00490,quick_result_count,2020-04-09 23:10:00
demo_session_00492,quick_result_count,2020-02-04 09:34:00
demo_session_00492,quick_result_count,2020-02-04 09:33:00
demo_session_00492,quick_result_count,2020-02-04 09:32:00
demo_session_00493,quick_result_count,2020-02-04 13:08:00
demo_session_00495,quick_result_count,2020-02-21 01:57:00
demo_session_00498,quick_result_count,2020-02-28 21:07:00
demo_session_00498,quick_result_count,2020-02-28 21:06:00
demo_session_00498,quick_result_count,2020-02-28 21:05:00
demo_session_00498,quick_result_count,2020-02-28 21:04:00
demo_session_00499,quick_result_count,2020-04-17 01:43:00
demo_session_00499,quick_result_count,2020-04-17 01:42:00
demo_session_00500,quick_result_count,2020-04-15 05:57:00
demo_session_00500,quick_result_count,2020-04-15 05:56:00
demo_session_00500,quick_result_count,2020-04-15 05:55:00
demo_session_00501,quick_result_count,2020-04-04 22:35:00
demo_session_00501,quick_result_count,2020-04-04 22:34:00
demo_session_00502,quick_result_count,2020-04-26 15:56:00
demo_session_00503,quick_result_count,2020-03-05 05:58:00
demo_session_00503,quick_result_count,2020-03-05 05:57:00
demo_session_00504,quick_result_count,2020-03-06 16:04:00
demo_session_00505,quick_result_count,2020-01-01 06:15:00
demo_session_00506,quick_result_count,2020-01-21 04:27:00
demo_session_00506,quick_result_count,2020-01-21 04:26:00
demo_session_00509,quick_result_count,2020-01-31 10:21:00
demo_session_00510,quick_result_count,2020-03-15 15:52:00
demo_session_00510,quick_result_count,2020-03-15 15:51:00
demo_session_00510,quick_result_count,2020-03-15 15:50:00
demo_session_00511,quick_result_count,2020-02-19 15:37:00
demo_session_00512,quick_result_count,2020-04-01 19:05:00
demo_session_00512,quick_result_count,2020-04-01 19:04:00
demo_session_00512,quick_result_count,2020-04-01 19:03:00
demo_session_00513,quick_result_count,2020-02-13 11:05:00
demo_session_00515,quick_result_count,2020-03-02 17:28:00
demo_session_00515,quick_result_count,2020-03-02 17:27:00
demo_session_00516,quick_result_count,2020-01-30 06:18:00
demo_session_00518,quick_result_count,2020-02-13 19:15:00
demo_session_00518,quick_result_count,2020-02-13 19:14:00
demo_session_00519,quick_result_count,2020-03-28 03:03:00
demo_session_00519,quick_result_count,2020-03-28 03:02:00
demo_session_00520,quick_result_count,2020-02-08 20:51:00
demo_session_00522,quick_result_count,2020-04-04 01:34:00
demo_session_00525,quick_result_count,2020-04-11 03:59:00
demo_session_00525,quick_result_count,2020-04-11 03:58:00
demo_session_00526,quick_result_count,2020-01-05 17:26:00
demo_session_00526,quick_result_count,2020-01-05 17:25:00
demo_session_00526,quick_result_count,2020-01-05 17:24:00
demo_session_00526,quick_result_count,2020-01-05 17:23:00
demo_session_00526,quick_result_count,2020-01-05 17:22:00
demo_session_00535,quick_result_count,2020-02-17 04:19:00
demo_session_00536,quick_result_count,2020-04-18 18:46:00
demo_session_00537,quick_result_count,2020-01-08 03:40:00
demo_session_00537,quick_result_count,2020-01-08 03:39:00
demo_session_00538,quick_result_count,2020-04-07 19:18:00
demo_session_00539,quick_result_count,2020-04-28 13:19:00
demo_session_00539,quick_result_count,2020-04-28 13:18:00
demo_session_00540,quick_result_count,2020-01-03 15:47:00
demo_session_00545,quick_result_count,2020-02-02 22:49:00
demo_session_00546,quick_result_count,2020-03-17 15:19:00
demo_session_00549,quick_result_count,2020-03-07 21:31:00
demo_session_00549,quick_result_count,2020-03-07 21:30:00
demo_session_00551,quick_result_count,2020-02-26 10:16:00
demo_session_00551,quick_result_count,2020-02-26 10:15:00
demo_session_00554,quick_result_count,2020-02-02 08:24:00
demo_session_00554,quick_result_count,2020-02-02 08:23:00
demo_session_00554,quick_result_count,2020-02-02 08:22:00
demo_session_00555,quick_result_count,2020-02-14 15:03:00
demo_session_00555,quick_result_count,2020-02-14 15:02:00
demo_session_00556,quick_result_count,2020-02-28 20:57:00
demo_session_00556,quick_result_count,2020-02-28 20:56:00
demo_session_00557,quick_result_count,2020-02-21 12:40:00
demo_session_00558,quick_result_count,2020-03-12 10:26:00
demo_session_00558,quick_result_count,2020-03-12 10:25:00
demo_session_00560,quick_result_count,2020-02-19 13:54:00
demo_session_00560,quick_result_count,2020-02-19 13:53:00
demo_session_00561,quick_result_count,2020-03-17 17:59:00
demo_session_00562,quick_result_count,2020-03-20 02:23:00
demo_session_00563,quick_result_count,2020-04-26 12:59:00
demo_session_00564,quick_result_count,2020-04-07 22:39:00
demo_session_00564,quick_result_count,2020-04-07 22:38:00
demo_session_00564,quick_result_count,2020-04-07 22:37:00
demo_session_00564,quick_result_count,2020-04-07 22:36:00
demo_session_00566,quick_result_count,2020-01-22 05:22:00
demo_session_00566,quick_result_count,2020-01-22 05:21:00
demo_session_00566,quick_result_count,2020-01-22 05:20:00
demo_session_00567,quick_result_count,2020-02-08 12:25:00
demo_session_00568,quick_result_count,2020-02-09 18:36:00
demo_session_00569,quick_result_count,2020-02-04 11:48:00
demo_session_00569,quick_result_count,2020-02-04 11:47:00
demo_session_00570,quick_result_count,2020-04-23 13:11:00
demo_session_00570,quick_result_count,2020-04-23 13:10:00
demo_session_00570,quick_result_count,2020-04-23 13:09:00
demo_session_00571,quick_result_count,2020-03-05 01:57:00
demo_session_00572,quick_result_count,2020-04-28 17:16:00
demo_session_00576,quick_result_count,2020-04-01 13:00:00
demo_session_00577,quick_result_count,2020-02-16 19:55:00
demo_session_00579,quick_result_count,2020-02-12 05:44:00
demo_session_00579,quick_result_count,2020-02-12 05:43:00
demo_session_00579,quick_result_count,2020-02-12 05:42:00
demo_session_00579,quick_result_count,2020-02-12 05:41:00
demo_session_00580,quick_result_count,2020-03-24 15:04:00
demo_session_00582,quick_result_count,2020-03-20 04:47:00
demo_session_00582,quick_result_count,2020-03-20 04:46:00
demo_session_00582,quick_result_count,2020-03-20 04:45:00
demo_session_00582,quick_result_count,2020-03-20 04:44:00
demo_session_00583,quick_result_count,2020-02-29 10:46:00
demo_session_00583,quick_result_count,2020-02-29 10:45:00
demo_session_00586,quick_result_count,2020-01-22 20:59:00
demo_session_00586,quick_result_count,2020-01-22 20:58:00
demo_session_00586,quick_result_count,2020-01-22 20:57:00
demo_session_00587,quick_result_count,2020-03-13 20:40:00
demo_session_00587,quick_result_count,2020-03-13 20:39:00
demo_session_00587,quick_result_count,2020-03-13 20:38:00
demo_session_00592,quick_result_count,2020-01-12 00:34:00
demo_session_00592,quick_result_count,2020-01-12 00:33:00
demo_session_00593,quick_result_count,2020-03-04 03:54:00
demo_session_00597,quick_result_count,2020-04-12 03:24:00
demo_session_00600,quick_result_count,2020-03-22 15:38:00
demo_session_00602,quick_result_count,2020-01-04 13:44:00
demo_session_00603,quick_result_count,2020-01-28 01:19:00
demo_session_00604,quick_result_count,2020-03-04 20:31:00
demo_session_00605,quick_result_count,2020-02-06 09:31:00
demo_session_00607,quick_result_count,2020-03-25 22:50:00
demo_session_00608,quick_result_count,2020-04-29 03:36:00
demo_session_00610,quick_result_count,2020-03-14 00:19:00
demo_session_00612,quick_result_count,2020-02-20 00:55:00
demo_session_00612,quick_result_count,2020-02-20 00:54:00
demo_session_00612,quick_result_count,2020-02-20 00:53:00
demo_session_00612,quick_result_count,2020-02-20 00:52:00
demo_session_00612,quick_result_count,2020-02-20 00:51:00
demo_session_00613,quick_result_count,2020-03-22 07:50:00
demo_session_00614,quick_result_count,2020-04-06 18:59:00
demo_session_00620,quick_result_count,2020-03-21 14:21:00
demo_session_00621,quick_result_count,2020-03-16 01:03:00
demo_session_00621,quick_result_count,2020-03-16 01:02:00
demo_session_00621,quick_result_count,2020-03-16 01:01:00
demo_session_00622,quick_result_count,2020-03-04 21:09:00
demo_session_00622,quick_result_count,2020-03-04 21:08:00
demo_session_00623,quick_result_count,2020-04-08 02:11:00
demo_session_00623,quick_result_count,2020-04-08 02:10:00
demo_session_00623,quick_result_count,2020-04-08 02:09:00
demo_session_00623,quick_result_count,2020-04-08 02:08:00
demo_session_00624,quick_result_count,2020-01-19 20:44:00
demo_session_00624,quick_result_count,2020-01-19 20:43:00
demo_session_00624,quick_result_count,2020-01-19 20:42:00
demo_session_00624,quick_result_count,2020-01-19 20:41:00
demo_session_00625,quick_result_count,2020-03-24 06:04:00
demo_session_00625,quick_result_count,2020-03-24 06:03:00
demo_session_00625,quick_result_count,2020-03-24 06:02:00
demo_session_00626,quick_result_count,2020-04-10 03:03:00
demo_session_00627,quick_result_count,2020-01-25 22:05:00
demo_session_00628,quick_result_count,2020-03-26 03:28:00
demo_session_00631,quick_result_count,2020-02-16 22:08:00
demo_session_00631,quick_result_count,2020-02-16 22:07:00
demo_session_00631,quick_result_count,2020-02-16 22:06:00
demo_session_00632,quick_result_count,2020-04-29 23:27:00
demo_session_00633,quick_result_count,2020-02-14 13:14:00
demo_session_00633,quick_result_count,2020-02-14 13:13:00
demo_session_00633,quick_result_count,2020-02-14 13:12:00
demo_session_00633,quick_result_count,2020-02-14 13:11:00
demo_session_00635,quick_result_count,2020-04-02 02:08:00
demo_session_00635,quick_result_count,2020-04-02 02:07:00
demo_session_00636,quick_result_count,2020-04-05 19:06:00
demo_session_00637,quick_result_count,2020-03-21 13:51:00
demo_session_00637,quick_result_count,2020-03-21 13:50:00
demo_session_00637,quick_result_count,2020-03-21 13:49:00
demo_session_00638,quick_result_count,2020-01-04 15:13:00
demo_session_00638,quick_result_count,2020-01-04 15:12:00
demo_session_00639,quick_result_count,2020-04-14 15:55:00
demo_session_00640,quick_result_count,2020-02-01 07:29:00
demo_session_00640,quick_result_count,2020-02-01 07:28:00
demo_session_00642,quick_result_count,2020-03-28 19:23:00
demo_session_00643,quick_result_count,2020-02-04 15:26:00
demo_session_00643,quick_result_count,2020-02-04 15:25:00
demo_session_00644,quick_result_count,2020-03-23 06:22:00
demo_session_00646,quick_result_count,2020-01-19 17:59:00
demo_session_00646,quick_result_count,2020-01-19 17:58:00
demo_session_00647,quick_result_count,2020-01-26 20:37:00
demo_session_00647,quick_result_count,2020-01-26 20:36:00
demo_session_00647,quick_result_count,2020-01-26 20:35:00
demo_session_00649,quick_result_count,2020-01-08 06:18:00
demo_session_00649,quick_result_count,2020-01-08 06:17:00
demo_session_00650,quick_result_count,2020-02-15 19:10:00
demo_session_00651,quick_result_count,2020-02-29 23:04:00
demo_session_00651,quick_result_count,2020-02-29 23:03:00
demo_session_00651,quick_result_count,2020-02-29 23:02:00
demo_session_00651,quick_result_count,2020-02-29 23:01:00
demo_session_00652,quick_result_count,2020-02-16 01:53:00
demo_session_00653,quick_result_count,2020-02-19 15:09:00
demo_session_00659,quick_result_count,2020-03-18 07:42:00
demo_session_00659,quick_result_count,2020-03-18 07:41:00
demo_session_00659,quick_result_count,2020-03-18 07:40:00
demo_session_00659,quick_result_count,2020-03-18 07:39:00
demo_session_00659,quick_result_count,2020-03-18 07:38:00
demo_session_00660,quick_result_count,2020-04-23 06:18:00
demo_session_00660,quick_result_count,2020-04-23 06:17:00
demo_session_00660,quick_result_count,2020-04-23 06:16:00
demo_session_00661,quick_result_count,2020-01-09 20:32:00
demo_session_00662,quick_result_count,2020-03-27 05:00:00
demo_session_00663,quick_result_count,2020-03-26 04:51:00
demo_session_00665,quick_result_count,2020-01-10 22:30:00
demo_session_00666,quick_result_count,2020-03-01 23:33:00
demo_session_00667,quick_result_count,2020-03-03 02:50:00
demo_session_00668,quick_result_count,2020-01-12 07:45:00
demo_session_00668,quick_result_count,2020-01-12 07:44:00
demo_session_00670,quick_result_count,2020-02-27 16:44:00
demo_session_00670,quick_result_count,2020-02-27 16:43:00
demo_session_00670,quick_result_count,2020-02-27 16:42:00
demo_session_00671,quick_result_count,2020-02-29 21:03:00
demo_session_00672,quick_result_count,2020-03-22 21:01:00
demo_session_00672,quick_result_count,2020-03-22 21:00:00
demo_session_00673,quick_result_count,2020-03-30 16:30:00
demo_session_00673,quick_result_count,2020-03-30 16:29:00
demo_session_00675,quick_result_count,2020-02-16 06:24:00
demo_session_00677,quick_result_count,2020-01-26 13:17:00
demo_session_00678,quick_result_count,2020-02-10 18:53:00
demo_session_00678,quick_result_count,2020-02-10 18:52:00
demo_session_00678,quick_result_count,2020-02-10 18:51:00
demo_session_00679,quick_result_count,2020-02-28 08:50:00
demo_session_00681,quick_result_count,2020-02-11 01:37:00
demo_session_00681,quick_result_count,2020-02-11 01:36:00
demo_session_00681,quick_result_count,2020-02-11 01:35:00
demo_session_00682,quick_result_count,2020-04-21 05:55:00
demo_session_00683,quick_result_count,2020-01-19 03:39:00
demo_session_00683,quick_result_count,2020-01-19 03:38:00
demo_session_00687,quick_result_count,2020-01-25 04:06:00
demo_session_00688,quick_result_count,2020-02-02 17:06:00
demo_session_00691,quick_result_count,2020-03-12 02:27:00
demo_session_00692,quick_result_count,2020-02-15 04:33:00
demo_session_00692,quick_result_count,2020-02-15 04:32:00
demo_session_00692,quick_result_count,2020-02-15 04:31:00
demo_session_00692,quick_result_count,2020-02-15 04:30:00
demo_session_00693,quick_result_count,2020-04-03 20:42:00
demo_session_00693,quick_result_count,2020-04-03 20:41:00
demo_session_00695,quick_result_count,2020-04-12 09:06:00
demo_session_00696,quick_result_count,2020-04-29 23:46:00
demo_session_00697,quick_result_count,2020-03-21 04:17:00
demo_session_00698,quick_result_count,2020-01-13 05:21:00
demo_session_00698,quick_result_count,2020-01-13 05:20:00
demo_session_00698,quick_result_count,2020-01-13 05:19:00
demo_session_00698,quick_result_count,2020-01-13 05:18:00
demo_session_00699,quick_result_count,2020-04-17 05:23:00
demo_session_00699,quick_result_count,2020-04-17 05:22:00
demo_session_00703,quick_result_count,2020-03-26 06:01:00
demo_session_00704,quick_result_count,2020-03-14 20:50:00
demo_session_00704,quick_result_count,2020-03-14 20:49:00
demo_session_00705,quick_result_count,2020-04-02 10:37:00
demo_session_00709,quick_result_count,2020-03-31 05:18:00
demo_session_00710,quick_result_count,2020-02-08 03:34:00
demo_session_00713,quick_result_count,2020-02-26 17:48:00
demo_session_00716,quick_result_count,2020-03-05 20:41:00
demo_session_00716,quick_result_count,2020-03-05 20:40:00
demo_session_00716,quick_result_count,2020-03-05 20:39:00
demo_session_00716,quick_result_count,2020-03-05 20:38:00
demo_session_00717,quick_result_count,2020-02-18 00:48:00
demo_session_00718,quick_result_count,2020-03-13 20:25:00
demo_session_00719,quick_result_count,2020-01-09 10:07:00
demo_session_00719,quick_result_count,2020-01-09 10:06:00
demo_session_00720,quick_result_count,2020-04-09 02:03:00
demo_session_00720,quick_result_count,2020-04-09 02:02:00
demo_session_00720,quick_result_count,2020-04-09 02:01:00
demo_session_00720,quick_result_count,2020-04-09 02:00:00
demo_session_00721,quick_result_count,2020-01-22 20:28:00
demo_session_00723,quick_result_count,2020-03-07 23:47:00
demo_session_00727,quick_result_count,2020-01-19 21:16:00
demo_session_00729,quick_result_count,2020-02-14 21:19:00
demo_session_00731,quick_result_count,2020-03-15 21:57:00
demo_session_00731,quick_result_count,2020-03-15 21:56:00
demo_session_00732,quick_result_count,2020-01-19 19:21:00
demo_session_00732,quick_result_count,2020-01-19 19:20:00
demo_session_00733,quick_result_count,2020-01-20 20:46:00
demo_session_00733,quick_result_count,2020-01-20 20:45:00
demo_session_00733,quick_result_count,2020-01-20 20:44:00
demo_session_00733,quick_result_count,2020-01-20 20:43:00
demo_session_00734,quick_result_count,2020-04-25 02:03:00
demo_session_00734,quick_result_count,2020-04-25 02:02:00
demo_session_00734,quick_result_count,2020-04-25 02:01:00
demo_session_00734,quick_result_count,2020-04-25 02:00:00
demo_session_00734,quick_result_count,2020-04-25 01:59:00
demo_session_00734,quick_result_count,2020-04-25 01:58:00
demo_session_00736,quick_result_count,2020-01-28 05:15:00
demo_session_00737,quick_result_count,2020-03-20 13:50:00
demo_session_00737,quick_result_count,2020-03-20 13:49:00
demo_session_00739,quick_result_count,2020-04-01 15:19:00
demo_session_00740,quick_result_count,2020-02-18 00:37:00
demo_session_00741,quick_result_count,2020-03-20 06:09:00
demo_session_00742,quick_result_count,2020-04-17 11:23:00
demo_session_00742,quick_result_count,2020-04-17 11:22:00
demo_session_00745,quick_result_count,2020-04-29 16:22:00
demo_session_00745,quick_result_count,2020-04-29 16:21:00
demo_session_00748,quick_result_count,2020-01-03 15:48:00
demo_session_00748,quick_result_count,2020-01-03 15:47:00
demo_session_00753,quick_result_count,2020-03-04 10:39:00
demo_session_00753,quick_result_count,2020-03-04 10:38:00
demo_session_00754,quick_result_count,2020-02-15 12:14:00
demo_session_00755,quick_result_count,2020-04-13 19:43:00
demo_session_00755,quick_result_count,2020-04-13 19:42:00
demo_session_00756,quick_result_count,2020-01-30 18:55:00
demo_session_00756,quick_result_count,2020-01-30 18:54:00
demo_session_00756,quick_result_count,2020-01-30 18:53:00
demo_session_00759,quick_result_count,2020-04-17 16:56:00
demo_session_00759,quick_result_count,2020-04-17 16:55:00
demo_session_00759,quick_result_count,2020-04-17 16:54:00
demo_session_00762,quick_result_count,2020-01-01 06:30:00
demo_session_00762,quick_result_count,2020-01-01 06:29:00
demo_session_00762,quick_result_count,2020-01-01 06:28:00
demo_session_00763,quick_result_count,2020-03-26 13:30:00
demo_session_00763,quick_result_count,2020-03-26 13:29:00
demo_session_00764,quick_result_count,2020-03-31 07:16:00
demo_session_00764,quick_result_count,2020-03-31 07:15:00
demo_session_00766,quick_result_count,2020-01-05 05:27:00
demo_session_00767,quick_result_count,2020-01-05 08:51:00
demo_session_00768,quick_result_count,2020-01-16 12:52:00
demo_session_00772,quick_result_count,2020-04-06 15:09:00
demo_session_00774,quick_result_count,2020-03-19 12:31:00
demo_session_00775,quick_result_count,2020-02-24 09:55:00
demo_session_00775,quick_result_count,2020-02-24 09:54:00
demo_session_00776,quick_result_count,2020-03-05 20:12:00
demo_session_00777,quick_result_count,2020-04-04 01:33:00
demo_session_00777,quick_result_count,2020-04-04 01:32:00
demo_session_00778,quick_result_count,2020-01-26 04:11:00
demo_session_00778,quick_result_count,2020-01-26 04:10:00
demo_session_00778,quick_result_count,2020-01-26 04:09:00
demo_session_00778,quick_result_count,2020-01-26 04:08:00
demo_session_00778,quick_result_count,2020-01-26 04:07:00
demo_session_00779,quick_result_count,2020-01-01 12:13:00
demo_session_00779,quick_result_count,2020-01-01 12:12:00
demo_session_00779,quick_result_count,2020-01-01 12:11:00
demo_session_00780,quick_result_count,2020-01-27 12:08:00
demo_session_00780,quick_result_count,2020-01-27 12:07:00
demo_session_00780,quick_result_count,2020-01-27 12:06:00
demo_session_00781,quick_result_count,2020-04-06 10:25:00
demo_session_00781,quick_result_count,2020-04-06 10:24:00
demo_session_00781,quick_result_count,2020-04-06 10:23:00
demo_session_00782,quick_result_count,2020-03-11 23:14:00
demo_session_00782,quick_result_count,2020-03-11 23:13:00
demo_session_00784,quick_result_count,2020-04-10 03:09:00
demo_session_00785,quick_result_count,2020-01-19 05:42:00
demo_session_00785,quick_result_count,2020-01-19 05:41:00
demo_session_00785,quick_result_count,2020-01-19 05:40:00
demo_session_00786,quick_result_count,2020-01-07 22:26:00
demo_session_00786,quick_result_count,2020-01-07 22:25:00
demo_session_00787,quick_result_count,2020-01-03 13:27:00
demo_session_00788,quick_result_count,2020-01-23 16:35:00
demo_session_00789,quick_result_count,2020-02-27 12:33:00
demo_session_00789,quick_result_count,2020-02-27 12:32:00
demo_session_00789,quick_result_count,2020-02-27 12:31:00
demo_session_00789,quick_result_count,2020-02-27 12:30:00
demo_session_00792,quick_result_count,2020-02-27 09:56:00
demo_session_00792,quick_result_count,2020-02-27 09:55:00
demo_session_00792,quick_result_count,2020-02-27 09:54:00
demo_session_00793,quick_result_count,2020-03-29 10:03:00
demo_session_00794,quick_result_count,2020-04-14 17:39:00
demo_session_00795,quick_result_count,2020-01-05 03:55:00
demo_session_00796,quick_result_count,2020-02-22 01:32:00
demo_session_00796,quick_result_count,2020-02-22 01:31:00
demo_session_00796,quick_result_count,2020-02-22 01:30:00
demo_session_00797,quick_result_count,2020-03-21 18:59:00
demo_session_00797,quick_result_count,2020-03-21 18:58:00
demo_session_00797,quick_result_count,2020-03-21 18:57:00
demo_session_00798,quick_result_count,2020-04-29 14:40:00
demo_session_00799,quick_result_count,2020-04-08 03:05:00
demo_session_00801,quick_result_count,2020-02-02 12:36:00
demo_session_00803,quick_result_count,2020-03-19 09:48:00
demo_session_00804,quick_result_count,2020-01-30 22:56:00
demo_session_00804,quick_result_count,2020-01-30 22:55:00
demo_session_00806,quick_result_count,2020-04-21 11:19:00
demo_session_00806,quick_result_count,2020-04-21 11:18:00
demo_session_00806,quick_result_count,2020-04-21 11:17:00
demo_session_00810,quick_result_count,2020-03-21 17:53:00
demo_session_00810,quick_result_count,2020-03-21 17:52:00
demo_session_00811,quick_result_count,2020-01-27 18:14:00
demo_session_00812,quick_result_count,2020-02-04 10:33:00
demo_session_00813,quick_result_count,2020-04-10 20:33:00
demo_session_00813,quick_result_count,2020-04-10 20:32:00
demo_session_00814,quick_result_count,2020-02-03 15:10:00
demo_session_00814,quick_result_count,2020-02-03 15:09:00
demo_session_00814,quick_result_count,2020-02-03 15:08:00
demo_session_00815,quick_result_count,2020-03-25 04:45:00
demo_session_00816,quick_result_count,2020-02-29 11:48:00
demo_session_00816,quick_result_count,2020-02-29 11:47:00
demo_session_00817,quick_result_count,2020-01-27 12:12:00
demo_session_00818,quick_result_count,2020-02-14 04:25:00
demo_session_00819,quick_result_count,2020-03-26 08:35:00
demo_session_00824,quick_result_count,2020-03-18 20:28:00
demo_session_00824,quick_result_count,2020-03-18 20:27:00
demo_session_00825,quick_result_count,2020-02-04 05:56:00
demo_session_00825,quick_result_count,2020-02-04 05:55:00
demo_session_00827,quick_result_count,2020-04-16 16:51:00
demo_session_00827,quick_result_count,2020-04-16 16:50:00
demo_session_00827,quick_result_count,2020-04-16 16:49:00
demo_session_00827,quick_result_count,2020-04-16 16:48:00
demo_session_00828,quick_result_count,2020-03-25 02:44:00
demo_session_00830,quick_result_count,2020-01-03 12:04:00
demo_session_00830,quick_result_count,2020-01-03 12:03:00
demo_session_00830,quick_result_count,2020-01-03 12:02:00
demo_session_00830,quick_result_count,2020-01-03 12:01:00
demo_session_00831,quick_result_count,2020-02-02 12:26:00
demo_session_00831,quick_result_count,2020-02-02 12:25:00
demo_session_00831,quick_result_count,2020-02-02 12:24:00
demo_session_00833,quick_result_count,2020-02-26 23:00:00
demo_session_00833,quick_result_count,2020-02-26 22:59:00
demo_session_00836,quick_result_count,2020-01-28 17:09:00
demo_session_00838,quick_result_count,2020-04-29 07:38:00
demo_session_00838,quick_result_count,2020-04-29 07:37:00
demo_session_00840,quick_result_count,2020-02-23 10:09:00
demo_session_00842,quick_result_count,2020-01-04 03:40:00
demo_session_00843,quick_result_count,2020-02-20 13:43:00
demo_session_00843,quick_result_count,2020-02-20 13:42:00
demo_session_00845,quick_result_count,2020-02-06 18:24:00
demo_session_00845,quick_result_count,2020-02-06 18:23:00
demo_session_00848,quick_result_count,2020-02-17 19:29:00
demo_session_00850,quick_result_count,2020-02-12 09:52:00
demo_session_00850,quick_result_count,2020-02-12 09:51:00
demo_session_00851,quick_result_count,2020-03-23 23:30:00
demo_session_00852,quick_result_count,2020-03-04 06:56:00
demo_session_00853,quick_result_count,2020-02-12 04:26:00
demo_session_00854,quick_result_count,2020-04-08 19:41:00
demo_session_00855,quick_result_count,2020-03-29 09:30:00
demo_session_00855,quick_result_count,2020-03-29 09:29:00
demo_session_00858,quick_result_count,2020-04-01 15:32:00
demo_session_00859,quick_result_count,2020-04-02 08:10:00
demo_session_00860,quick_result_count,2020-03-26 11:21:00
demo_session_00861,quick_result_count,2020-01-14 15:59:00
demo_session_00861,quick_result_count,2020-01-14 15:58:00
demo_session_00861,quick_result_count,2020-01-14 15:57:00
demo_session_00862,quick_result_count,2020-01-28 14:28:00
demo_session_00866,quick_result_count,2020-04-09 10:30:00
demo_session_00867,quick_result_count,2020-02-12 05:10:00
demo_session_00867,quick_result_count,2020-02-12 05:09:00
demo_session_00867,quick_result_count,2020-02-12 05:08:00
demo_session_00867,quick_result_count,2020-02-12 05:07:00
demo_session_00869,quick_result_count,2020-03-24 18:19:00
demo_session_00871,quick_result_count,2020-03-07 20:30:00
demo_session_00875,quick_result_count,2020-03-05 08:32:00
demo_session_00875,quick_result_count,2020-03-05 08:31:00
demo_session_00876,quick_result_count,2020-04-04 09:02:00
demo_session_00876,quick_result_count,2020-04-04 09:01:00
demo_session_00877,quick_result_count,2020-03-25 12:38:00
demo_session_00878,quick_result_count,2020-04-07 17:09:00
demo_session_00879,quick_result_count,2020-03-22 00:21:00
demo_session_00879,quick_result_count,2020-03-22 00:20:00
demo_session_00882,quick_result_count,2020-02-25 23:44:00
demo_session_00882,quick_result_count,2020-02-25 23:43:00
demo_session_00883,quick_result_count,2020-04-12 04:13:00
demo_session_00884,quick_result_count,2020-03-01 05:04:00
demo_session_00885,quick_result_count,2020-03-29 17:25:00
demo_session_00886,quick_result_count,2020-01-25 19:15:00
demo_session_00887,quick_result_count,2020-01-22 14:47:00
demo_session_00887,quick_result_count,2020-01-22 14:46:00
demo_session_00888,quick_result_count,2020-03-08 18:35:00
demo_session_00889,quick_result_count,2020-04-11 14:07:00
demo_session_00889,quick_result_count,2020-04-11 14:06:00
demo_session_00893,quick_result_count,2020-03-20 21:59:00
demo_session_00893,quick_result_count,2020-03-20 21:58:00
demo_session_00893,quick_result_count,2020-03-20 21:57:00
demo_session_00894,quick_result_count,2020-03-07 18:25:00
demo_session_00894,quick_result_count,2020-03-07 18:24:00
demo_session_00894,quick_result_count,2020-03-07 18:23:00
demo_session_00895,quick_result_count,2020-04-28 21:58:00
demo_session_00896,quick_result_count,2020-04-03 11:57:00
demo_session_00898,quick_result_count,2020-01-08 19:14:00
demo_session_00898,quick_result_count,2020-01-08 19:13:00
demo_session_00899,quick_result_count,2020-02-02 10:11:00
demo_session_00899,quick_result_count,2020-02-02 10:10:00
demo_session_00899,quick_result_count,2020-02-02 10:09:00
demo_session_00900,quick_result_count,2020-01-22 04:49:00
demo_session_00900,quick_result_count,2020-01-22 04:48:00
demo_session_00901,quick_result_count,2020-01-22 20:36:00
demo_session_00901,quick_result_count,2020-01-22 20:35:00
demo_session_00901,quick_result_count,2020-01-22 20:34:00
demo_session_00901,quick_result_count,2020-01-22 20:33:00
demo_session_00906,quick_result_count,2020-01-30 18:49:00
demo_session_00908,quick_result_count,2020-03-06 20:09:00
demo_session_00909,quick_result_count,2020-01-06 21:47:00
demo_session_00909,quick_result_count,2020-01-06 21:46:00
demo_session_00914,quick_result_count,2020-01-26 14:52:00
demo_session_00914,quick_result_count,2020-01-26 14:51:00
demo_session_00915,quick_result_count,2020-04-07 21:00:00
demo_session_00917,quick_result_count,2020-01-13 18:51:00
demo_session_00918,quick_result_count,2020-01-27 12:04:00
demo_session_00918,quick_result_count,2020-01-27 12:03:00
demo_session_00920,quick_result_count,2020-04-23 18:21:00
demo_session_00923,quick_result_count,2020-04-19 03:27:00
demo_session_00923,quick_result_count,2020-04-19 03:26:00
demo_session_00925,quick_result_count,2020-02-19 01:29:00
demo_session_00925,quick_result_count,2020-02-19 01:28:00
demo_session_00925,quick_result_count,2020-02-19 01:27:00
demo_session_00926,quick_result_count,2020-01-04 08:07:00
demo_session_00926,quick_result_count,2020-01-04 08:06:00
demo_session_00926,quick_result_count,2020-01-04 08:05:00
demo_session_00930,quick_result_count,2020-03-26 09:04:00
demo_session_00931,quick_result_count,2020-02-25 21:47:00
demo_session_00931,quick_result_count,2020-02-25 21:46:00
demo_session_00931,quick_result_count,2020-02-25 21:45:00
demo_session_00932,quick_result_count,2020-04-25 19:14:00
demo_session_00935,quick_result_count,2020-01-13 01:40:00
demo_session_00935,quick_result_count,2020-01-13 01:39:00
demo_session_00938,quick_result_count,2020-01-02 13:01:00
demo_session_00938,quick_result_count,2020-01-02 13:00:00
demo_session_00939,quick_result_count,2020-01-01 12:37:00
demo_session_00942,quick_result_count,2020-03-13 22:28:00
demo_session_00942,quick_result_count,2020-03-13 22:27:00
demo_session_00943,quick_result_count,2020-03-14 20:58:00
demo_session_00943,quick_result_count,2020-03-14 20:57:00
demo_session_00943,quick_result_count,2020-03-14 20:56:00
demo_session_00943,quick_result_count,2020-03-14 20:55:00
demo_session_00944,quick_result_count,2020-02-27 14:34:00
demo_session_00945,quick_result_count,2020-02-29 17:10:00
demo_session_00945,quick_result_count,2020-02-29 17:09:00
demo_session_00946,quick_result_count,2020-03-23 13:24:00
demo_session_00946,quick_result_count,2020-03-23 13:23:00
demo_session_00946,quick_result_count,2020-03-23 13:22:00
demo_session_00947,quick_result_count,2020-01-29 16:52:00
demo_session_00947,quick_result_count,2020-01-29 16:51:00
demo_session_00947,quick_result_count,2020-01-29 16:50:00
demo_session_00949,quick_result_count,2020-04-28 09:50:00
demo_session_00949,quick_result_count,2020-04-28 09:49:00
demo_session_00949,quick_result_count,2020-04-28 09:48:00
demo_session_00952,quick_result_count,2020-03-28 12:43:00
demo_session_00953,quick_result_count,2020-03-09 04:50:00
demo_session_00953,quick_result_count,2020-03-09 04:49:00
demo_session_00955,quick_result_count,2020-01-14 21:43:00
demo_session_00959,quick_result_count,2020-02-28 13:03:00
demo_session_00959,quick_result_count,2020-02-28 13:02:00
demo_session_00960,quick_result_count,2020-04-20 08:55:00
demo_session_00960,quick_result_count,2020-04-20 08:54:00
demo_session_00960,quick_result_count,2020-04-20 08:53:00
demo_session_00960,quick_result_count,2020-04-20 08:52:00
demo_session_00963,quick_result_count,2020-03-04 18:10:00
demo_session_00963,quick_result_count,2020-03-04 18:09:00
demo_session_00963,quick_result_count,2020-03-04 18:08:00
demo_session_00965,quick_result_count,2020-02-05 05:38:00
demo_session_00965,quick_result_count,2020-02-05 05:37:00
demo_session_00965,quick_result_count,2020-02-05 05:36:00
demo_session_00966,quick_result_count,2020-03-13 02:44:00
demo_session_00969,quick_result_count,2020-04-22 20:42:00
demo_session_00969,quick_result_count,2020-04-22 20:41:00
demo_session_00970,quick_result_count,2020-04-16 17:53:00
demo_session_00972,quick_result_count,2020-04-04 14:01:00
demo_session_00972,quick_result_count,2020-04-04 14:00:00
demo_session_00972,quick_result_count,2020-04-04 13:59:00
demo_session_00973,quick_result_count,2020-03-09 22:45:00
demo_session_00974,quick_result_count,2020-04-28 00:07:00
demo_session_00974,quick_result_count,2020-04-28 00:06:00
demo_session_00974,quick_result_count,2020-04-28 00:05:00
demo_session_00975,quick_result_count,2020-01-02 20:41:00
demo_session_00975,quick_result_count,2020-01-02 20:40:00
demo_session_00976,quick_result_count,2020-02-17 16:14:00
demo_session_00977,quick_result_count,2020-01-12 15:55:00
demo_session_00978,quick_result_count,2020-04-23 12:38:00
demo_session_00979,quick_result_count,2020-01-21 10:04:00
demo_session_00979,quick_result_count,2020-01-21 10:03:00
demo_session_00980,quick_result_count,2020-01-05 15:31:00
demo_session_00980,quick_result_count,2020-01-05 15:30:00
demo_session_00980,quick_result_count,2020-01-05 15:29:00
demo_session_00980,quick_result_count,2020-01-05 15:28:00
demo_session_00980,quick_result_count,2020-01-05 15:27:00
demo_session_00981,quick_result_count,2020-01-14 11:26:00
demo_session_00982,quick_result_count,2020-04-25 19:29:00
demo_session_00983,quick_result_count,2020-03-04 16:33:00
demo_session_00983,quick_result_count,2020-03-04 16:32:00
demo_session_00985,quick_result_count,2020-02-17 15:29:00
demo_session_00986,quick_result_count,2020-02-21 01:56:00
demo_session_00987,quick_result_count,2020-04-06 03:41:00
demo_session_00988,quick_result_count,2020-01-27 08:31:00
demo_session_00989,quick_result_count,2020-01-14 22:39:00
demo_session_00990,quick_result_count,2020-03-30 23:22:00
demo_session_00991,quick_result_count,2020-02-21 17:27:00
demo_session_00992,quick_result_count,2020-01-15 21:23:00
demo_session_00993,quick_result_count,2020-02-21 09:20:00
demo_session_00994,quick_result_count,2020-02-21 03:09:00
demo_session_00995,quick_result_count,2020-01-28 16:43:00
demo_session_00999,quick_result_count,2020-01-02 06:41:00
demo_session_01000,quick_result_count,2020-03-01 23:10:00
demo_session_01001,quick_result_count,2020-01-03 06:12:00
demo_session_01004,quick_result_count,2020-04-27 18:00:00
demo_session_01006,quick_result_count,2020-02-09 20:10:00
demo_session_01008,quick_result_count,2020-01-09 05:53:00
demo_session_01008,quick_result_count,2020-01-09 05:52:00
demo_session_01010,quick_result_count,2020-02-25 02:14:00
demo_session_01010,quick_result_count,2020-02-25 02:13:00
demo_session_01010,quick_result_count,2020-02-25 02:12:00
demo_session_01013,quick_result_count,2020-01-23 23:57:00
demo_session_01014,quick_result_count,2020-01-29 15:35:00
demo_session_01014,quick_result_count,2020-01-29 15:34:00
demo_session_01014,quick_result_count,2020-01-29 15:33:00
demo_session_01014,quick_result_count,2020-01-29 15:32:00
demo_session_01014,quick_result_count,2020-01-29 15:31:00
demo_session_01016,quick_result_count,2020-03-18 06:42:00
demo_session_01016,quick_result_count,2020-03-18 06:41:00
demo_session_01016,quick_result_count,2020-03-18 06:40:00
demo_session_01017,quick_result_count,2020-02-17 01:51:00
demo_session_01018,quick_result_count,2020-02-24 19:59:00
demo_session_01020,quick_result_count,2020-03-18 12:11:00
demo_session_01020,quick_result_count,2020-03-18 12:10:00
demo_session_01021,quick_result_count,2020-01-06 10:38:00
demo_session_01022,quick_result_count,2020-02-13 06:35:00
demo_session_01024,quick_result_count,2020-04-15 00:34:00
demo_session_01025,quick_result_count,2020-04-08 22:37:00
demo_session_01025,quick_result_count,2020-04-08 22:36:00
demo_session_01028,quick_result_count,2020-03-27 06:54:00
demo_session_01028,quick_result_count,2020-03-27 06:53:00
demo_session_01029,quick_result_count,2020-01-23 01:17:00
demo_session_01031,quick_result_count,2020-04-14 22:30:00
demo_session_01031,quick_result_count,2020-04-14 22:29:00
demo_session_01032,quick_result_count,2020-01-22 13:38:00
demo_session_01033,quick_result_count,2020-03-04 22:14:00
demo_session_01033,quick_result_count,2020-03-04 22:13:00
demo_session_01033,quick_result_count,2020-03-04 22:12:00
demo_session_01033,quick_result_count,2020-03-04 22:11:00
demo_session_01035,quick_result_count,2020-03-14 21:27:00
demo_session_01035,quick_result_count,2020-03-14 21:26:00
demo_session_01037,quick_result_count,2020-01-01 22:54:00
demo_session_01037,quick_result_count,2020-01-01 22:53:00
demo_session_01038,quick_result_count,2020-04-23 09:02:00
demo_session_01040,quick_result_count,2020-02-25 14:55:00
demo_session_01041,quick_result_count,2020-02-01 02:29:00
demo_session_01042,quick_result_count,2020-04-18 15:06:00
demo_session_01043,quick_result_count,2020-04-01 07:21:00
demo_session_01043,quick_result_count,2020-04-01 07:20:00
demo_session_01043,quick_result_count,2020-04-01 07:19:00
demo_session_01045,quick_result_count,2020-02-16 06:22:00
demo_session_01047,quick_result_count,2020-03-10 06:59:00
demo_session_01048,quick_result_count,2020-01-28 14:26:00
demo_session_01049,quick_result_count,2020-04-21 19:51:00
demo_session_01049,quick_result_count,2020-04-21 19:50:00
demo_session_01049,quick_result_count,2020-04-21 19:49:00
demo_session_01051,quick_result_count,2020-04-28 03:51:00
demo_session_01051,quick_result_count,2020-04-28 03:50:00
demo_session_01052,quick_result_count,2020-02-24 20:41:00
demo_session_01053,quick_result_count,2020-01-16 06:41:00
demo_session_01054,quick_result_count,2020-01-20 01:25:00
demo_session_01054,quick_result_count,2020-01-20 01:24:00
demo_session_01055,quick_result_count,2020-03-07 16:52:00
demo_session_01055,quick_result_count,2020-03-07 16:51:00
demo_session_01056,quick_result_count,2020-04-08 05:06:00
demo_session_01056,quick_result_count,2020-04-08 05:05:00
demo_session_01058,quick_result_count,2020-03-28 21:42:00
demo_session_01060,quick_result_count,2020-04-11 03:11:00
demo_session_01062,quick_result_count,2020-02-13 13:38:00
demo_session_01064,quick_result_count,2020-02-03 10:10:00
demo_session_01065,quick_result_count,2020-03-23 18:59:00
demo_session_01065,quick_result_count,2020-03-23 18:58:00
demo_session_01065,quick_result_count,2020-03-23 18:57:00
demo_session_01066,quick_result_count,2020-01-07 15:35:00
demo_session_01067,quick_result_count,2020-01-07 11:47:00
demo_session_01067,quick_result_count,2020-01-07 11:46:00
demo_session_01068,quick_result_count,2020-01-24 23:22:00
demo_session_01070,quick_result_count,2020-04-19 06:24:00
demo_session_01070,quick_result_count,2020-04-19 06:23:00
demo_session_01072,quick_result_count,2020-03-08 08:30:00
demo_session_01073,quick_result_count,2020-03-24 13:53:00
demo_session_01075,quick_result_count,2020-03-11 00:04:00
demo_session_01076,quick_result_count,2020-03-29 13:06:00
demo_session_01077,quick_result_count,2020-02-19 03:11:00
demo_session_01077,quick_result_count,2020-02-19 03:10:00
demo_session_01077,quick_result_count,2020-02-19 03:09:00
demo_session_01077,quick_result_count,2020-02-19 03:08:00
demo_session_01079,quick_result_count,2020-02-28 11:51:00
demo_session_01079,quick_result_count,2020-02-28 11:50:00
demo_session_01082,quick_result_count,2020-04-15 22:10:00
demo_session_01083,quick_result_count,2020-02-09 11:48:00
demo_session_01084,quick_result_count,2020-02-14 19:14:00
demo_session_01087,quick_result_count,2020-03-13 21:24:00
demo_session_01089,quick_result_count,2020-02-23 06:12:00
demo_session_01091,quick_result_count,2020-02-19 17:13:00
demo_session_01091,quick_result_count,2020-02-19 17:12:00
demo_session_01092,quick_result_count,2020-03-15 15:04:00
demo_session_01093,quick_result_count,2020-03-05 11:11:00
demo_session_01093,quick_result_count,2020-03-05 11:10:00
demo_session_01094,quick_result_count,2020-04-10 08:39:00
demo_session_01094,quick_result_count,2020-04-10 08:38:00
demo_session_01095,quick_result_count,2020-04-05 23:23:00
demo_session_01095,quick_result_count,2020-04-05 23:22:00
demo_session_01095,quick_result_count,2020-04-05 23:21:00
demo_session_01095,quick_result_count,2020-04-05 23:20:00
demo_session_01095,quick_result_count,2020-04-05 23:19:00
demo_session_01096,quick_result_count,2020-04-10 17:02:00
demo_session_01097,quick_result_count,2020-01-15 15:46:00
demo_session_01098,quick_result_count,2020-01-30 11:13:00
demo_session_01098,quick_result_count,2020-01-30 11:12:00
demo_session_01098,quick_result_count,2020-01-30 11:11:00
demo_session_01100,quick_result_count,2020-01-16 15:12:00
demo_session_01101,quick_result_count,2020-04-02 21:31:00
demo_session_01101,quick_result_count,2020-04-02 21:30:00
demo_session_01104,quick_result_count,2020-01-05 13:15:00
demo_session_01105,quick_result_count,2020-01-02 05:18:00
demo_session_01107,quick_result_count,2020-01-13 15:02:00
demo_session_01109,quick_result_count,2020-01-18 07:50:00
demo_session_01110,quick_result_count,2020-02-17 15:10:00
demo_session_01111,quick_result_count,2020-01-13 10:17:00
demo_session_01111,quick_result_count,2020-01-13 10:16:00
demo_session_01112,quick_result_count,2020-03-17 10:32:00
demo_session_01112,quick_result_count,2020-03-17 10:31:00
demo_session_01112,quick_result_count,2020-03-17 10:30:00
demo_session_01112,quick_result_count,2020-03-17 10:29:00
demo_session_01113,quick_result_count,2020-01-13 07:59:00
demo_session_01113,quick_result_count,2020-01-13 07:58:00
demo_session_01116,quick_result_count,2020-03-30 00:41:00
demo_session_01118,quick_result_count,2020-04-18 17:37:00
demo_session_01118,quick_result_count,2020-04-18 17:36:00
demo_session_01119,quick_result_count,2020-04-08 11:25:00
demo_session_01120,quick_result_count,2020-03-28 22:56:00
demo_session_01122,quick_result_count,2020-02-16 19:17:00
demo_session_01123,quick_result_count,2020-03-15 08:05:00
demo_session_01124,quick_result_count,2020-01-13 18:56:00
demo_session_01124,quick_result_count,2020-01-13 18:55:00
demo_session_01124,quick_result_count,2020-01-13 18:54:00
demo_session_01124,quick_result_count,2020-01-13 18:53:00
demo_session_01124,quick_result_count,2020-01-13 18:52:00
demo_session_01124,quick_result_count,2020-01-13 18:51:00
demo_session_01125,quick_result_count,2020-04-15 17:15:00
demo_session_01125,quick_result_count,2020-04-15 17:14:00
demo_session_01125,quick_result_count,2020-04-15 17:13:00
demo_session_01125,quick_result_count,2020-04-15 17:12:00
demo_session_01126,quick_result_count,2020-04-16 05:02:00
demo_session_01126,quick_result_count,2020-04-16 05:01:00
demo_session_01126,quick_result_count,2020-04-16 05:00:00
demo_session_01126,quick_result_count,2020-04-16 04:59:00
demo_session_01127,quick_result_count,2020-02-01 10:27:00
demo_session_01128,quick_result_count,2020-03-31 20:16:00
demo_session_01131,quick_result_count,2020-04-17 21:59:00
demo_session_01132,quick_result_count,2020-03-30 05:40:00
demo_session_01132,quick_result_count,2020-03-30 05:39:00
demo_session_01132,quick_result_count,2020-03-30 05:38:00
demo_session_01134,quick_result_count,2020-02-09 00:17:00
demo_session_01134,quick_result_count,2020-02-09 00:16:00
demo_session_01134,quick_result_count,2020-02-09 00:15:00
demo_session_01134,quick_result_count,2020-02-09 00:14:00
demo_session_01134,quick_result_count,2020-02-09 00:13:00
demo_session_01135,quick_result_count,2020-02-23 06:50:00
demo_session_01135,quick_result_count,2020-02-23 06:49:00
demo_session_01135,quick_result_count,2020-02-23 06:48:00
demo_session_01138,quick_result_count,2020-02-03 06:57:00
demo_session_01138,quick_result_count,2020-02-03 06:56:00
demo_session_01139,quick_result_count,2020-03-01 11:05:00
demo_session_01141,quick_result_count,2020-01-31 22:41:00
demo_session_01143,quick_result_count,2020-01-31 02:44:00
demo_session_01143,quick_result_count,2020-01-31 02:43:00
demo_session_01144,quick_result_count,2020-03-02 20:40:00
demo_session_01144,quick_result_count,2020-03-02 20:39:00
demo_session_01144,quick_result_count,2020-03-02 20:38:00
demo_session_01145,quick_result_count,2020-02-24 05:04:00
demo_session_01147,quick_result_count,2020-01-31 22:42:00
demo_session_01148,quick_result_count,2020-02-28 04:09:00
demo_session_01149,quick_result_count,2020-01-04 14:19:00
demo_session_01150,quick_result_count,2020-03-03 04:37:00
demo_session_01150,quick_result_count,2020-03-03 04:36:00
demo_session_01151,quick_result_count,2020-01-13 15:57:00
demo_session_01152,quick_result_count,2020-03-28 09:37:00
demo_session_01152,quick_result_count,2020-03-28 09:36:00
demo_session_01152,quick_result_count,2020-03-28 09:35:00
demo_session_01152,quick_result_count,2020-03-28 09:34:00
demo_session_01153,quick_result_count,2020-04-11 21:44:00
demo_session_01153,quick_result_count,2020-04-11 21:43:00
demo_session_01153,quick_result_count,2020-04-11 21:42:00
demo_session_01153,quick_result_count,2020-04-11 21:41:00
demo_session_01154,quick_result_count,2020-02-18 04:24:00
demo_session_01155,quick_result_count,2020-04-15 21:36:00
demo_session_01155,quick_result_count,2020-04-15 21:35:00
demo_session_01155,quick_result_count,2020-04-15 21:34:00
demo_session_01156,quick_result_count,2020-02-17 02:03:00
demo_session_01156,quick_result_count,2020-02-17 02:02:00
demo_session_01156,quick_result_count,2020-02-17 02:01:00
demo_session_01160,quick_result_count,2020-02-19 00:43:00
demo_session_01160,quick_result_count,2020-02-19 00:42:00
demo_session_01160,quick_result_count,2020-02-19 00:41:00
demo_session_01161,quick_result_count,2020-04-22 05:24:00
demo_session_01161,quick_result_count,2020-04-22 05:23:00
demo_session_01161,quick_result_count,2020-04-22 05:22:00
demo_session_01163,quick_result_count,2020-02-29 21:22:00
demo_session_01163,quick_result_count,2020-02-29 21:21:00
demo_session_01163,quick_result_count,2020-02-29 21:20:00
demo_session_01165,quick_result_count,2020-02-25 12:06:00
demo_session_01166,quick_result_count,2020-04-15 03:50:00
demo_session_01166,quick_result_count,2020-04-15 03:49:00
demo_session_01167,quick_result_count,2020-02-26 22:12:00
demo_session_01170,quick_result_count,2020-03-08 23:05:00
demo_session_01170,quick_result_count,2020-03-08 23:04:00
demo_session_01171,quick_result_count,2020-03-14 14:52:00
demo_session_01172,quick_result_count,2020-03-04 06:51:00
demo_session_01173,quick_result_count,2020-02-23 20:57:00
demo_session_01173,quick_result_count,2020-02-23 20:56:00
demo_session_01174,quick_result_count,2020-01-01 03:48:00
demo_session_01174,quick_result_count,2020-01-01 03:47:00
demo_session_01177,quick_result_count,2020-01-21 15:17:00
demo_session_01177,quick_result_count,2020-01-21 15:16:00
demo_session_01177,quick_result_count,2020-01-21 15:15:00
demo_session_01179,quick_result_count,2020-01-10 04:53:00
demo_session_01179,quick_result_count,2020-01-10 04:52:00
demo_session_01180,quick_result_count,2020-04-01 14:35:00
demo_session_01180,quick_result_count,2020-04-01 14:34:00
demo_session_01182,quick_result_count,2020-03-27 10:05:00
demo_session_01183,quick_result_count,2020-01-26 20:46:00
demo_session_01185,quick_result_count,2020-04-29 00:40:00
demo_session_01185,quick_result_count,2020-04-29 00:39:00
demo_session_01186,quick_result_count,2020-03-01 12:21:00
demo_session_01188,quick_result_count,2020-03-14 13:09:00
demo_session_01188,quick_result_count,2020-03-14 13:08:00
demo_session_01188,quick_result_count,2020-03-14 13:07:00
demo_session_01188,quick_result_count,2020-03-14 13:06:00
demo_session_01190,quick_result_count,2020-03-07 02:40:00
demo_session_01191,quick_result_count,2020-03-18 03:04:00
demo_session_01191,quick_result_count,2020-03-18 03:03:00
demo_session_01193,quick_result_count,2020-02-24 08:56:00
demo_session_01194,quick_result_count,2020-03-04 05:41:00
demo_session_01195,quick_result_count,2020-01-26 01:23:00
demo_session_01196,quick_result_count,2020-02-26 11:52:00
demo_session_01197,quick_result_count,2020-02-17 08:11:00
demo_session_01197,quick_result_count,2020-02-17 08:10:00
demo_session_01198,quick_result_count,2020-03-07 11:53:00
demo_session_01198,quick_result_count,2020-03-07 11:52:00
demo_session_01198,quick_result_count,2020-03-07 11:51:00
demo_session_01198,quick_result_count,2020-03-07 11:50:00
demo_session_01199,quick_result_count,2020-02-04 08:41:00
demo_session_01201,quick_result_count,2020-03-17 12:14:00
demo_session_01202,quick_result_count,2020-03-16 05:09:00
demo_session_01203,quick_result_count,2020-04-07 23:42:00
demo_session_01203,quick_result_count,2020-04-07 23:41:00
demo_session_01203,quick_result_count,2020-04-07 23:40:00
demo_session_01205,quick_result_count,2020-02-01 12:12:00
demo_session_01205,quick_result_count,2020-02-01 12:11:00
demo_session_01206,quick_result_count,2020-01-22 16:36:00
demo_session_01207,quick_result_count,2020-03-15 13:24:00
demo_session_01207,quick_result_count,2020-03-15 13:23:00
demo_session_01207,quick_result_count,2020-03-15 13:22:00
demo_session_01210,quick_result_count,2020-04-23 01:22:00
demo_session_01210,quick_result_count,2020-04-23 01:21:00
demo_session_01212,quick_result_count,2020-02-09 16:08:00
demo_session_01214,quick_result_count,2020-02-28 16:49:00
demo_session_01214,quick_result_count,2020-02-28 16:48:00
demo_session_01214,quick_result_count,2020-02-28 16:47:00
demo_session_01214,quick_result_count,2020-02-28 16:46:00
demo_session_01215,quick_result_count,2020-02-13 01:22:00
demo_session_01215,quick_result_count,2020-02-13 01:21:00
demo_session_01216,quick_result_count,2020-02-11 12:46:00
demo_session_01218,quick_result_count,2020-02-28 11:39:00
demo_session_01219,quick_result_count,2020-02-23 13:05:00
demo_session_01220,quick_result_count,2020-02-24 18:53:00
demo_session_01222,quick_result_count,2020-03-17 01:01:00
demo_session_01223,quick_result_count,2020-02-28 14:22:00
demo_session_01223,quick_result_count,2020-02-28 14:21:00
demo_session_01223,quick_result_count,2020-02-28 14:20:00
demo_session_01223,quick_result_count,2020-02-28 14:19:00
demo_session_01224,quick_result_count,2020-01-28 12:07:00
demo_session_01226,quick_result_count,2020-04-15 16:16:00
demo_session_01226,quick_result_count,2020-04-15 16:15:00
demo_session_01227,quick_result_count,2020-02-17 07:33:00
demo_session_01227,quick_result_count,2020-02-17 07:32:00
demo_session_01227,quick_result_count,2020-02-17 07:31:00
demo_session_01228,quick_result_count,2020-03-03 16:57:00
demo_session_01230,quick_result_count,2020-02-07 21:20:00
demo_session_01231,quick_result_count,2020-01-27 03:48:00
demo_session_01231,quick_result_count,2020-01-27 03:47:00
demo_session_01233,quick_result_count,2020-02-23 22:33:00
demo_session_01233,quick_result_count,2020-02-23 22:32:00
demo_session_01233,quick_result_count,2020-02-23 22:31:00
demo_session_01234,quick_result_count,2020-02-23 06:12:00
demo_session_01234,quick_result_count,2020-02-23 06:11:00
demo_session_01234,quick_result_count,2020-02-23 06:10:00
demo_session_01236,quick_result_count,2020-02-03 04:16:00
demo_session_01236,quick_result_count,2020-02-03 04:15:00
demo_session_01237,quick_result_count,2020-03-06 04:35:00
demo_session_01240,quick_result_count,2020-02-05 08:48:00
demo_session_01241,quick_result_count,2020-02-08 22:02:00
demo_session_01242,quick_result_count,2020-01-20 08:18:00
demo_session_01242,quick_result_count,2020-01-20 08:17:00
demo_session_01243,quick_result_count,2020-02-15 07:33:00
demo_session_01245,quick_result_count,2020-03-12 11:32:00
demo_session_01245,quick_result_count,2020-03-12 11:31:00
demo_session_01247,quick_result_count,2020-03-12 13:31:00
demo_session_01247,quick_result_count,2020-03-12 13:30:00
demo_session_01247,quick_result_count,2020-03-12 13:29:00
demo_session_01247,quick_result_count,2020-03-12 13:28:00
demo_session_01247,quick_result_count,2020-03-12 13:27:00
demo_session_01248,quick_result_count,2020-02-10 02:18:00
demo_session_01248,quick_result_count,2020-02-10 02:17:00
demo_session_01250,quick_result_count,2020-02-11 03:15:00
demo_session_01250,quick_result_count,2020-02-11 03:14:00
demo_session_01250,quick_result_count,2020-02-11 03:13:00
demo_session_01252,quick_result_count,2020-04-28 07:32:00
demo_session_01252,quick_result_count,2020-04-28 07:31:00
demo_session_01253,quick_result_count,2020-01-02 07:17:00
demo_session_01253,quick_result_count,2020-01-02 07:16:00
demo_session_01254,quick_result_count,2020-01-21 01:52:00
demo_session_01257,quick_result_count,2020-03-27 03:26:00
demo_session_01257,quick_result_count,2020-03-27 03:25:00
demo_session_01258,quick_result_count,2020-01-30 12:52:00
demo_session_01258,quick_result_count,2020-01-30 12:51:00
demo_session_01258,quick_result_count,2020-01-30 12:50:00
demo_session_01259,quick_result_count,2020-03-11 07:00:00
demo_session_01259,quick_result_count,2020-03-11 06:59:00
demo_session_01259,quick_result_count,2020-03-11 06:58:00
demo_session_01261,quick_result_count,2020-02-08 00:54:00
demo_session_01261,quick_result_count,2020-02-08 00:53:00
demo_session_01263,quick_result_count,2020-04-18 20:18:00
demo_session_01265,quick_result_count,2020-03-29 14:03:00
demo_session_01265,quick_result_count,2020-03-29 14:02:00
demo_session_01266,quick_result_count,2020-03-21 18:23:00
demo_session_01266,quick_result_count,2020-03-21 18:22:00
demo_session_01266,quick_result_count,2020-03-21 18:21:00
demo_session_01269,quick_result_count,2020-02-06 15:01:00
demo_session_01269,quick_result_count,2020-02-06 15:00:00
demo_session_01269,quick_result_count,2020-02-06 14:59:00
demo_session_01272,quick_result_count,2020-01-15 07:24:00
demo_session_01273,quick_result_count,2020-04-20 02:49:00
demo_session_01273,quick_result_count,2020-04-20 02:48:00
demo_session_01274,quick_result_count,2020-02-16 03:31:00
demo_session_01275,quick_result_count,2020-02-28 20:44:00
demo_session_01275,quick_result_count,2020-02-28 20:43:00
demo_session_01276,quick_result_count,2020-03-22 12:40:00
demo_session_01277,quick_result_count,2020-04-15 12:04:00
demo_session_01278,quick_result_count,2020-04-02 09:51:00
demo_session_01278,quick_result_count,2020-04-02 09:50:00
demo_session_01280,quick_result_count,2020-03-30 23:56:00
demo_session_01281,quick_result_count,2020-02-17 10:03:00
demo_session_01282,quick_result_count,2020-03-02 23:56:00
demo_session_01282,quick_result_count,2020-03-02 23:55:00
demo_session_01283,quick_result_count,2020-03-23 07:29:00
demo_session_01286,quick_result_count,2020-01-06 08:28:00
demo_session_01286,quick_result_count,2020-01-06 08:27:00
demo_session_01286,quick_result_count,2020-01-06 08:26:00
demo_session_01287,quick_result_count,2020-01-17 16:04:00
demo_session_01288,quick_result_count,2020-01-11 01:05:00
demo_session_01289,quick_result_count,2020-03-28 09:50:00
demo_session_01291,quick_result_count,2020-01-30 01:11:00
demo_session_01291,quick_result_count,2020-01-30 01:10:00
demo_session_01292,quick_result_count,2020-02-07 17:09:00
demo_session_01292,quick_result_count,2020-02-07 17:08:00
demo_session_01293,quick_result_count,2020-01-22 00:12:00
demo_session_01293,quick_result_count,2020-01-22 00:11:00
demo_session_01295,quick_result_count,2020-01-11 16:27:00
demo_session_01297,quick_result_count,2020-01-27 23:33:00
demo_session_01297,quick_result_count,2020-01-27 23:32:00
demo_session_01297,quick_result_count,2020-01-27 23:31:00
demo_session_01297,quick_result_count,2020-01-27 23:30:00
demo_session_01299,quick_result_count,2020-01-31 01:20:00
demo_session_01303,quick_result_count,2020-04-22 14:22:00
demo_session_01303,quick_result_count,2020-04-22 14:21:00
demo_session_01303,quick_result_count,2020-04-22 14:20:00
demo_session_01304,quick_result_count,2020-04-04 08:38:00
demo_session_01305,quick_result_count,2020-03-18 08:29:00
demo_session_01305,quick_result_count,2020-03-18 08:28:00
demo_session_01307,quick_result_count,2020-03-24 04:43:00
demo_session_01307,quick_result_count,2020-03-24 04:42:00
demo_session_01307,quick_result_count,2020-03-24 04:41:00
demo_session_01307,quick_result_count,2020-03-24 04:40:00
demo_session_01308,quick_result_count,2020-04-22 22:43:00
demo_session_01309,quick_result_count,2020-01-16 22:17:00
demo_session_01309,quick_result_count,2020-01-16 22:16:00
demo_session_01309,quick_result_count,2020-01-16 22:15:00
demo_session_01311,quick_result_count,2020-01-24 02:51:00
demo_session_01311,quick_result_count,2020-01-24 02:50:00
demo_session_01312,quick_result_count,2020-02-24 07:00:00
demo_session_01313,quick_result_count,2020-04-17 20:09:00
demo_session_01313,quick_result_count,2020-04-17 20:08:00
demo_session_01314,quick_result_count,2020-03-16 17:56:00
demo_session_01314,quick_result_count,2020-03-16 17:55:00
demo_session_01314,quick_result_count,2020-03-16 17:54:00
demo_session_01314,quick_result_count,2020-03-16 17:53:00
demo_session_01315,quick_result_count,2020-03-17 02:47:00
demo_session_01315,quick_result_count,2020-03-17 02:46:00
demo_session_01316,quick_result_count,2020-01-12 12:13:00
demo_session_01317,quick_result_count,2020-04-07 03:46:00
demo_session_01319,quick_result_count,2020-02-12 21:28:00
demo_session_01319,quick_result_count,2020-02-12 21:27:00
demo_session_01321,quick_result_count,2020-03-10 06:20:00
demo_session_01321,quick_result_count,2020-03-10 06:19:00
demo_session_01322,quick_result_count,2020-04-01 00:38:00
demo_session_01323,quick_result_count,2020-03-01 06:20:00
demo_session_01323,quick_result_count,2020-03-01 06:19:00
demo_session_01324,quick_result_count,2020-04-12 18:42:00
demo_session_01324,quick_result_count,2020-04-12 18:41:00
demo_session_01325,quick_result_count,2020-01-25 15:34:00
demo_session_01325,quick_result_count,2020-01-25 15:33:00
demo_session_01327,quick_result_count,2020-04-08 23:19:00
demo_session_01328,quick_result_count,2020-03-25 20:08:00
demo_session_01328,quick_result_count,2020-03-25 20:07:00
demo_session_01330,quick_result_count,2020-02-25 15:45:00
demo_session_01332,quick_result_count,2020-02-07 01:08:00
demo_session_01332,quick_result_count,2020-02-07 01:07:00
demo_session_01332,quick_result_count,2020-02-07 01:06:00
demo_session_01333,quick_result_count,2020-01-16 23:00:00
demo_session_01333,quick_result_count,2020-01-16 22:59:00
demo_session_01333,quick_result_count,2020-01-16 22:58:00
demo_session_01333,quick_result_count,2020-01-16 22:57:00
demo_session_01333,quick_result_count,2020-01-16 22:56:00
demo_session_01334,quick_result_count,2020-01-23 09:47:00
demo_session_01334,quick_result_count,2020-01-23 09:46:00
demo_session_01335,quick_result_count,2020-03-17 14:27:00
demo_session_01336,quick_result_count,2020-01-27 23:30:00
demo_session_01339,quick_result_count,2020-02-19 05:54:00
demo_session_01339,quick_result_count,2020-02-19 05:53:00
demo_session_01340,quick_result_count,2020-02-13 18:19:00
demo_session_01340,quick_result_count,2020-02-13 18:18:00
demo_session_01342,quick_result_count,2020-01-02 12:37:00
demo_session_01342,quick_result_count,2020-01-02 12:36:00
demo_session_01343,quick_result_count,2020-01-31 21:49:00
demo_session_01343,quick_result_count,2020-01-31 21:48:00
demo_session_01344,quick_result_count,2020-03-23 21:23:00
demo_session_01344,quick_result_count,2020-03-23 21:22:00
demo_session_01345,quick_result_count,2020-04-14 18:27:00
demo_session_01346,quick_result_count,2020-02-25 02:07:00
demo_session_01346,quick_result_count,2020-02-25 02:06:00
demo_session_01348,quick_result_count,2020-01-27 03:12:00
demo_session_01348,quick_result_count,2020-01-27 03:11:00
demo_session_01350,quick_result_count,2020-03-10 21:31:00
demo_session_01351,quick_result_count,2020-03-29 21:03:00
demo_session_01351,quick_result_count,2020-03-29 21:02:00
demo_session_01352,quick_result_count,2020-01-22 03:47:00
demo_session_01353,quick_result_count,2020-02-29 09:09:00
demo_session_01353,quick_result_count,2020-02-29 09:08:00
demo_session_01354,quick_result_count,2020-03-28 08:44:00
demo_session_01355,quick_result_count,2020-02-19 14:46:00
demo_session_01355,quick_result_count,2020-02-19 14:45:00
demo_session_01355,quick_result_count,2020-02-19 14:44:00
demo_session_01355,quick_result_count,2020-02-19 14:43:00
demo_session_01356,quick_result_count,2020-04-25 06:02:00
demo_session_01357,quick_result_count,2020-04-09 12:39:00
demo_session_01358,quick_result_count,2020-01-16 11:23:00
demo_session_01358,quick_result_count,2020-01-16 11:22:00
demo_session_01359,quick_result_count,2020-04-10 20:13:00
demo_session_01359,quick_result_count,2020-04-10 20:12:00
demo_session_01359,quick_result_count,2020-04-10 20:11:00
demo_session_01359,quick_result_count,2020-04-10 20:10:00
demo_session_01360,quick_result_count,2020-02-15 22:51:00
demo_session_01361,quick_result_count,2020-03-11 16:01:00
demo_session_01361,quick_result_count,2020-03-11 16:00:00
demo_session_01364,quick_result_count,2020-02-21 12:45:00
demo_session_01365,quick_result_count,2020-02-25 13:00:00
demo_session_01367,quick_result_count,2020-01-27 04:53:00
demo_session_01367,quick_result_count,2020-01-27 04:52:00
demo_session_01368,quick_result_count,2020-02-21 04:45:00
demo_session_01369,quick_result_count,2020-01-06 23:55:00
demo_session_01369,quick_result_count,2020-01-06 23:54:00
demo_session_01369,quick_result_count,2020-01-06 23:53:00
demo_session_01370,quick_result_count,2020-01-08 00:33:00
demo_session_01370,quick_result_count,2020-01-08 00:32:00
demo_session_01370,quick_result_count,2020-01-08 00:31:00
demo_session_01370,quick_result_count,2020-01-08 00:30:00
demo_session_01371,quick_result_count,2020-03-19 10:39:00
demo_session_01371,quick_result_count,2020-03-19 10:38:00
demo_session_01372,quick_result_count,2020-02-03 08:58:00
demo_session_01372,quick_result_count,2020-02-03 08:57:00
demo_session_01373,quick_result_count,2020-03-21 07:19:00
demo_session_01374,quick_result_count,2020-04-01 04:32:00
demo_session_01375,quick_result_count,2020-03-20 19:56:00
demo_session_01376,quick_result_count,2020-02-20 12:15:00
demo_session_01376,quick_result_count,2020-02-20 12:14:00
demo_session_01377,quick_result_count,2020-03-08 11:43:00
demo_session_01377,quick_result_count,2020-03-08 11:42:00
demo_session_01378,quick_result_count,2020-04-03 22:38:00
demo_session_01378,quick_result_count,2020-04-03 22:37:00
demo_session_01380,quick_result_count,2020-02-20 02:08:00
demo_session_01381,quick_result_count,2020-01-30 01:02:00
demo_session_01381,quick_result_count,2020-01-30 01:01:00
demo_session_01383,quick_result_count,2020-01-08 21:12:00
demo_session_01386,quick_result_count,2020-04-02 06:28:00
demo_session_01387,quick_result_count,2020-03-16 09:28:00
demo_session_01388,quick_result_count,2020-01-11 13:52:00
demo_session_01390,quick_result_count,2020-03-31 00:23:00
demo_session_01390,quick_result_count,2020-03-31 00:22:00
demo_session_01390,quick_result_count,2020-03-31 00:21:00
demo_session_01392,quick_result_count,2020-04-26 05:24:00
demo_session_01393,quick_result_count,2020-01-11 01:39:00
demo_session_01393,quick_result_count,2020-01-11 01:38:00
demo_session_01393,quick_result_count,2020-01-11 01:37:00
demo_session_01395,quick_result_count,2020-04-07 16:22:00
demo_session_01395,quick_result_count,2020-04-07 16:21:00
demo_session_01397,quick_result_count,2020-03-12 16:33:00
demo_session_01397,quick_result_count,2020-03-12 16:32:00
demo_session_01399,quick_result_count,2020-02-06 03:46:00
demo_session_01399,quick_result_count,2020-02-06 03:45:00
demo_session_01399,quick_result_count,2020-02-06 03:44:00
demo_session_01400,quick_result_count,2020-04-27 13:36:00
demo_session_01400,quick_result_count,2020-04-27 13:35:00
demo_session_01402,quick_result_count,2020-02-01 08:13:00
demo_session_01405,quick_result_count,2020-02-15 12:42:00
demo_session_01406,quick_result_count,2020-02-23 07:27:00
demo_session_01407,quick_result_count,2020-03-16 07:00:00
demo_session_01408,quick_result_count,2020-02-01 11:18:00
demo_session_01409,quick_result_count,2020-02-01 07:10:00
demo_session_01410,quick_result_count,2020-03-21 11:43:00
demo_session_01410,quick_result_count,2020-03-21 11:42:00
demo_session_01412,quick_result_count,2020-01-18 02:16:00
demo_session_01413,quick_result_count,2020-01-18 21:28:00
demo_session_01414,quick_result_count,2020-02-09 09:00:00
demo_session_01414,quick_result_count,2020-02-09 08:59:00
demo_session_01415,quick_result_count,2020-01-04 20:35:00
demo_session_01417,quick_result_count,2020-03-27 20:33:00
demo_session_01417,quick_result_count,2020-03-27 20:32:00
demo_session_01418,quick_result_count,2020-03-05 22:50:00
demo_session_01419,quick_result_count,2020-01-18 12:20:00
demo_session_01420,quick_result_count,2020-01-31 15:14:00
demo_session_01423,quick_result_count,2020-04-14 08:27:00
demo_session_01423,quick_result_count,2020-04-14 08:26:00
demo_session_01424,quick_result_count,2020-01-27 02:12:00
demo_session_01425,quick_result_count,2020-04-11 14:11:00
demo_session_01425,quick_result_count,2020-04-11 14:10:00
demo_session_01425,quick_result_count,2020-04-11 14:09:00
demo_session_01427,quick_result_count,2020-02-05 21:00:00
demo_session_01429,quick_result_count,2020-01-15 22:16:00
demo_session_01429,quick_result_count,2020-01-15 22:15:00
demo_session_01430,quick_result_count,2020-02-25 14:43:00
demo_session_01430,quick_result_count,2020-02-25 14:42:00
demo_session_01431,quick_result_count,2020-02-23 04:00:00
demo_session_01431,quick_result_count,2020-02-23 03:59:00
demo_session_01431,quick_result_count,2020-02-23 03:58:00
demo_session_01433,quick_result_count,2020-01-22 18:05:00
demo_session_01435,quick_result_count,2020-02-14 19:41:00
demo_session_01435,quick_result_count,2020-02-14 19:40:00
demo_session_01438,quick_result_count,2020-03-06 17:36:00
demo_session_01440,quick_result_count,2020-03-01 23:11:00
demo_session_01443,quick_result_count,2020-01-28 06:35:00
demo_session_01444,quick_result_count,2020-03-17 19:25:00
demo_session_01449,quick_result_count,2020-03-18 02:13:00
demo_session_01449,quick_result_count,2020-03-18 02:12:00
demo_session_01450,quick_result_count,2020-01-12 01:44:00
demo_session_01450,quick_result_count,2020-01-12 01:43:00
demo_session_01452,quick_result_count,2020-01-23 00:35:00
demo_session_01453,quick_result_count,2020-03-19 23:14:00
demo_session_01454,quick_result_count,2020-02-09 03:56:00
demo_session_01455,quick_result_count,2020-01-16 10:24:00
demo_session_01455,quick_result_count,2020-01-16 10:23:00
demo_session_01455,quick_result_count,2020-01-16 10:22:00
demo_session_01455,quick_result_count,2020-01-16 10:21:00
demo_session_01455,quick_result_count,2020-01-16 10:20:00
demo_session_01458,quick_result_count,2020-01-21 11:15:00
demo_session_01459,quick_result_count,2020-01-26 00:44:00
demo_session_01460,quick_result_count,2020-01-05 12:56:00
demo_session_01460,quick_result_count,2020-01-05 12:55:00
demo_session_01461,quick_result_count,2020-03-21 08:39:00
demo_session_01461,quick_result_count,2020-03-21 08:38:00
demo_session_01463,quick_result_count,2020-01-27 15:15:00
demo_session_01464,quick_result_count,2020-02-24 04:04:00
demo_session_01464,quick_result_count,2020-02-24 04:03:00
demo_session_01465,quick_result_count,2020-03-25 16:39:00
demo_session_01465,quick_result_count,2020-03-25 16:38:00
demo_session_01465,quick_result_count,2020-03-25 16:37:00
demo_session_01466,quick_result_count,2020-02-23 02:21:00
demo_session_01467,quick_result_count,2020-03-31 09:52:00
demo_session_01467,quick_result_count,2020-03-31 09:51:00
demo_session_01468,quick_result_count,2020-03-31 11:40:00
demo_session_01472,quick_result_count,2020-02-17 05:29:00
demo_session_01473,quick_result_count,2020-03-13 20:14:00
demo_session_01476,quick_result_count,2020-01-04 21:18:00
demo_session_01476,quick_result_count,2020-01-04 21:17:00
demo_session_01479,quick_result_count,2020-02-29 21:06:00
demo_session_01479,quick_result_count,2020-02-29 21:05:00
demo_session_01479,quick_result_count,2020-02-29 21:04:00
demo_session_01479,quick_result_count,2020-02-29 21:03:00
demo_session_01481,quick_result_count,2020-03-01 20:59:00
demo_session_01481,quick_result_count,2020-03-01 20:58:00
demo_session_01482,quick_result_count,2020-03-17 06:04:00
demo_session_01483,quick_result_count,2020-03-23 03:04:00
demo_session_01483,quick_result_count,2020-03-23 03:03:00
demo_session_01485,quick_result_count,2020-01-21 10:01:00
demo_session_01487,quick_result_count,2020-03-19 07:07:00
demo_session_01487,quick_result_count,2020-03-19 07:06:00
demo_session_01487,quick_result_count,2020-03-19 07:05:00
demo_session_01487,quick_result_count,2020-03-19 07:04:00
demo_session_01488,quick_result_count,2020-01-20 13:15:00
demo_session_01489,quick_result_count,2020-01-18 18:53:00
demo_session_01489,quick_result_count,2020-01-18 18:52:00
demo_session_01490,quick_result_count,2020-02-02 23:21:00
demo_session_01491,quick_result_count,2020-03-27 23:30:00
demo_session_01492,quick_result_count,2020-01-08 12:08:00
demo_session_01493,quick_result_count,2020-02-16 16:03:00
demo_session_01494,quick_result_count,2020-01-13 16:01:00
demo_session_01494,quick_result_count,2020-01-13 16:00:00
demo_session_01494,quick_result_count,2020-01-13 15:59:00
demo_session_01494,quick_result_count,2020-01-13 15:58:00
demo_session_01494,quick_result_count,2020-01-13 15:57:00
demo_session_01495,quick_result_count,2020-04-10 17:58:00
demo_session_01495,quick_result_count,2020-04-10 17:57:00
demo_session_01495,quick_result_count,2020-04-10 17:56:00
demo_session_01495,quick_result_count,2020-04-10 17:55:00
demo_session_01495,quick_result_count,2020-04-10 17:54:00
demo_session_01496,quick_result_count,2020-04-01 11:00:00
demo_session_01496,quick_result_count,2020-04-01 10:59:00
demo_session_01497,quick_result_count,2020-01-11 14:36:00
demo_session_01497,quick_result_count,2020-01-11 14:35:00
demo_session_01497,quick_result_count,2020-01-11 14:34:00
demo_session_01497,quick_result_count,2020-01-11 14:33:00
demo_session_01497,quick_result_count,2020-01-11 14:32:00
demo_session_01497,quick_result_count,2020-01-11 14:31:00
demo_session_01498,quick_result_count,2020-02-02 20:34:00
demo_session_01499,quick_result_count,2020-02-25 06:17:00
demo_session_01500,quick_result_count,2020-02-24 20:13:00
demo_session_01502,quick_result_count,2020-02-25 23:49:00
demo_session_01502,quick_result_count,2020-02-25 23:48:00
demo_session_01503,quick_result_count,2020-04-14 06:18:00
demo_session_01506,quick_result_count,2020-02-16 07:01:00
demo_session_01506,quick_result_count,2020-02-16 07:00:00
demo_session_01506,quick_result_count,2020-02-16 06:59:00
demo_session_01506,quick_result_count,2020-02-16 06:58:00
demo_session_01507,quick_result_count,2020-02-28 05:20:00
demo_session_01507,quick_result_count,2020-02-28 05:19:00
demo_session_01510,quick_result_count,2020-01-11 05:24:00
demo_session_01511,quick_result_count,2020-04-05 17:23:00
demo_session_01512,quick_result_count,2020-01-16 19:01:00
demo_session_01514,quick_result_count,2020-04-01 11:07:00
demo_session_01515,quick_result_count,2020-03-12 06:52:00
demo_session_01515,quick_result_count,2020-03-12 06:51:00
demo_session_01516,quick_result_count,2020-01-03 23:44:00
demo_session_01519,quick_result_count,2020-02-12 04:36:00
demo_session_01520,quick_result_count,2020-04-28 16:05:00
demo_session_01521,quick_result_count,2020-01-14 15:25:00
demo_session_01522,quick_result_count,2020-01-04 03:51:00
demo_session_01522,quick_result_count,2020-01-04 03:50:00
demo_session_01522,quick_result_count,2020-01-04 03:49:00
demo_session_01523,quick_result_count,2020-03-07 02:22:00
demo_session_01523,quick_result_count,2020-03-07 02:21:00
demo_session_01523,quick_result_count,2020-03-07 02:20:00
demo_session_01523,quick_result_count,2020-03-07 02:19:00
demo_session_01524,quick_result_count,2020-04-25 01:50:00
demo_session_01526,quick_result_count,2020-04-09 11:06:00
demo_session_01526,quick_result_count,2020-04-09 11:05:00
demo_session_01527,quick_result_count,2020-04-29 04:01:00
demo_session_01527,quick_result_count,2020-04-29 04:00:00
demo_session_01528,quick_result_count,2020-02-19 22:46:00
demo_session_01531,quick_result_count,2020-03-16 12:47:00
demo_session_01534,quick_result_count,2020-04-21 19:01:00
demo_session_01534,quick_result_count,2020-04-21 19:00:00
demo_session_01535,quick_result_count,2020-01-31 09:20:00
demo_session_01535,quick_result_count,2020-01-31 09:19:00
demo_session_01536,quick_result_count,2020-02-17 02:58:00
demo_session_01536,quick_result_count,2020-02-17 02:57:00
demo_session_01538,quick_result_count,2020-03-02 06:25:00
demo_session_01539,quick_result_count,2020-03-31 23:33:00
demo_session_01541,quick_result_count,2020-03-18 04:39:00
demo_session_01542,quick_result_count,2020-01-20 12:23:00
demo_session_01542,quick_result_count,2020-01-20 12:22:00
demo_session_01542,quick_result_count,2020-01-20 12:21:00
demo_session_01542,quick_result_count,2020-01-20 12:20:00
demo_session_01544,quick_result_count,2020-03-12 23:16:00
demo_session_01544,quick_result_count,2020-03-12 23:15:00
demo_session_01545,quick_result_count,2020-01-22 00:53:00
demo_session_01545,quick_result_count,2020-01-22 00:52:00
demo_session_01546,quick_result_count,2020-01-14 06:46:00
demo_session_01548,quick_result_count,2020-01-13 16:57:00
demo_session_01548,quick_result_count,2020-01-13 16:56:00
demo_session_01548,quick_result_count,2020-01-13 16:55:00
demo_session_01550,quick_result_count,2020-04-28 05:08:00
demo_session_01550,quick_result_count,2020-04-28 05:07:00
demo_session_01553,quick_result_count,2020-03-29 07:49:00
demo_session_01553,quick_result_count,2020-03-29 07:48:00
demo_session_01553,quick_result_count,2020-03-29 07:47:00
demo_session_01554,quick_result_count,2020-02-27 06:24:00
demo_session_01557,quick_result_count,2020-03-09 07:36:00
demo_session_01558,quick_result_count,2020-02-17 12:06:00
demo_session_01558,quick_result_count,2020-02-17 12:05:00
demo_session_01559,quick_result_count,2020-04-25 23:55:00
demo_session_01561,quick_result_count,2020-01-05 10:47:00
demo_session_01563,quick_result_count,2020-02-21 04:15:00
demo_session_01563,quick_result_count,2020-02-21 04:14:00
demo_session_01565,quick_result_count,2020-03-15 11:08:00
demo_session_01566,quick_result_count,2020-03-16 14:05:00
demo_session_01566,quick_result_count,2020-03-16 14:04:00
demo_session_01568,quick_result_count,2020-01-31 05:54:00
demo_session_01569,quick_result_count,2020-02-08 03:34:00
demo_session_01571,quick_result_count,2020-03-30 20:12:00
demo_session_01571,quick_result_count,2020-03-30 20:11:00
demo_session_01572,quick_result_count,2020-02-17 02:38:00
demo_session_01572,quick_result_count,2020-02-17 02:37:00
demo_session_01572,quick_result_count,2020-02-17 02:36:00
demo_session_01573,quick_result_count,2020-04-19 23:00:00
demo_session_01575,quick_result_count,2020-03-05 12:21:00
demo_session_01577,quick_result_count,2020-04-23 18:49:00
demo_session_01581,quick_result_count,2020-01-28 07:05:00
demo_session_01581,quick_result_count,2020-01-28 07:04:00
demo_session_01582,quick_result_count,2020-03-24 22:11:00
demo_session_01582,quick_result_count,2020-03-24 22:10:00
demo_session_01582,quick_result_count,2020-03-24 22:09:00
demo_session_01583,quick_result_count,2020-01-11 12:35:00
demo_session_01585,quick_result_count,2020-02-22 06:19:00
demo_session_01586,quick_result_count,2020-02-16 07:14:00
demo_session_01588,quick_result_count,2020-03-06 11:00:00
demo_session_01588,quick_result_count,2020-03-06 10:59:00
demo_session_01588,quick_result_count,2020-03-06 10:58:00
demo_session_01589,quick_result_count,2020-01-25 01:20:00
demo_session_01589,quick_result_count,2020-01-25 01:19:00
demo_session_01589,quick_result_count,2020-01-25 01:18:00
demo_session_01590,quick_result_count,2020-04-06 00:35:00
demo_session_01590,quick_result_count,2020-04-06 00:34:00
demo_session_01591,quick_result_count,2020-02-23 19:46:00
demo_session_01591,quick_result_count,2020-02-23 19:45:00
demo_session_01591,quick_result_count,2020-02-23 19:44:00
demo_session_01591,quick_result_count,2020-02-23 19:43:00
demo_session_01592,quick_result_count,2020-01-19 20:07:00
demo_session_01592,quick_result_count,2020-01-19 20:06:00
demo_session_01594,quick_result_count,2020-02-17 03:12:00
demo_session_01594,quick_result_count,2020-02-17 03:11:00
demo_session_01595,quick_result_count,2020-03-17 17:42:00
demo_session_01595,quick_result_count,2020-03-17 17:41:00
demo_session_01596,quick_result_count,2020-03-31 13:42:00
demo_session_01596,quick_result_count,2020-03-31 13:41:00
demo_session_01600,quick_result_count,2020-02-15 17:27:00
demo_session_01600,quick_result_count,2020-02-15 17:26:00
demo_session_01604,quick_result_count,2020-02-09 17:20:00
demo_session_01606,quick_result_count,2020-04-22 19:05:00
demo_session_01606,quick_result_count,2020-04-22 19:04:00
demo_session_01606,quick_result_count,2020-04-22 19:03:00
demo_session_01606,quick_result_count,2020-04-22 19:02:00
demo_session_01606,quick_result_count,2020-04-22 19:01:00
demo_session_01606,quick_result_count,2020-04-22 19:00:00
demo_session_01606,quick_result_count,2020-04-22 18:59:00
demo_session_01607,quick_result_count,2020-04-24 04:57:00
demo_session_01607,quick_result_count,2020-04-24 04:56:00
demo_session_01607,quick_result_count,2020-04-24 04:55:00
demo_session_01608,quick_result_count,2020-02-16 13:58:00
demo_session_01609,quick_result_count,2020-04-13 03:51:00
demo_session_01610,quick_result_count,2020-03-21 15:40:00
demo_session_01611,quick_result_count,2020-01-12 10:04:00
demo_session_01612,quick_result_count,2020-04-20 01:37:00
demo_session_01612,quick_result_count,2020-04-20 01:36:00
demo_session_01613,quick_result_count,2020-03-04 12:12:00
demo_session_01614,quick_result_count,2020-03-04 21:47:00
demo_session_01614,quick_result_count,2020-03-04 21:46:00
demo_session_01615,quick_result_count,2020-02-15 18:44:00
demo_session_01616,quick_result_count,2020-04-12 08:43:00
demo_session_01621,quick_result_count,2020-01-26 12:55:00
demo_session_01621,quick_result_count,2020-01-26 12:54:00
demo_session_01621,quick_result_count,2020-01-26 12:53:00
demo_session_01622,quick_result_count,2020-03-14 21:36:00
demo_session_01625,quick_result_count,2020-04-08 02:03:00
demo_session_01627,quick_result_count,2020-02-17 06:14:00
demo_session_01627,quick_result_count,2020-02-17 06:13:00
demo_session_01628,quick_result_count,2020-04-11 15:11:00
demo_session_01629,quick_result_count,2020-04-23 23:29:00
demo_session_01629,quick_result_count,2020-04-23 23:28:00
demo_session_01632,quick_result_count,2020-01-28 21:03:00
demo_session_01633,quick_result_count,2020-04-06 12:18:00
demo_session_01634,quick_result_count,2020-02-23 13:00:00
demo_session_01635,quick_result_count,2020-01-14 11:22:00
demo_session_01635,quick_result_count,2020-01-14 11:21:00
demo_session_01636,quick_result_count,2020-01-25 12:04:00
demo_session_01636,quick_result_count,2020-01-25 12:03:00
demo_session_01636,quick_result_count,2020-01-25 12:02:00
demo_session_01637,quick_result_count,2020-04-23 00:34:00
demo_session_01637,quick_result_count,2020-04-23 00:33:00
demo_session_01638,quick_result_count,2020-04-02 03:03:00
demo_session_01638,quick_result_count,2020-04-02 03:02:00
demo_session_01639,quick_result_count,2020-01-05 03:25:00
demo_session_01640,quick_result_count,2020-04-23 18:24:00
demo_session_01641,quick_result_count,2020-04-11 06:24:00
demo_session_01641,quick_result_count,2020-04-11 06:23:00
demo_session_01643,quick_result_count,2020-01-04 13:22:00
demo_session_01644,quick_result_count,2020-02-22 04:29:00
demo_session_01646,quick_result_count,2020-02-13 20:51:00
demo_session_01646,quick_result_count,2020-02-13 20:50:00
demo_session_01647,quick_result_count,2020-02-07 20:10:00
demo_session_01648,quick_result_count,2020-03-26 13:06:00
demo_session_01649,quick_result_count,2020-03-29 12:44:00
demo_session_01651,quick_result_count,2020-04-17 22:18:00
demo_session_01652,quick_result_count,2020-03-21 10:33:00
demo_session_01652,quick_result_count,2020-03-21 10:32:00
demo_session_01653,quick_result_count,2020-03-20 23:29:00
demo_session_01656,quick_result_count,2020-04-04 15:49:00
demo_session_01657,quick_result_count,2020-02-04 18:31:00
demo_session_01657,quick_result_count,2020-02-04 18:30:00
demo_session_01657,quick_result_count,2020-02-04 18:29:00
demo_session_01658,quick_result_count,2020-03-23 09:45:00
demo_session_01658,quick_result_count,2020-03-23 09:44:00
demo_session_01662,quick_result_count,2020-03-16 20:33:00
demo_session_01664,quick_result_count,2020-03-19 15:51:00
demo_session_01664,quick_result_count,2020-03-19 15:50:00
demo_session_01664,quick_result_count,2020-03-19 15:49:00
demo_session_01664,quick_result_count,2020-03-19 15:48:00
demo_session_01666,quick_result_count,2020-04-16 19:06:00
demo_session_01668,quick_result_count,2020-02-10 05:37:00
demo_session_01668,quick_result_count,2020-02-10 05:36:00
demo_session_01668,quick_result_count,2020-02-10 05:35:00
demo_session_01668,quick_result_count,2020-02-10 05:34:00
demo_session_01668,quick_result_count,2020-02-10 05:33:00
demo_session_01668,quick_result_count,2020-02-10 05:32:00
demo_session_01669,quick_result_count,2020-02-11 04:12:00
demo_session_01670,quick_result_count,2020-02-14 06:27:00
demo_session_01671,quick_result_count,2020-03-22 12:53:00
demo_session_01672,quick_result_count,2020-02-28 07:05:00
demo_session_01673,quick_result_count,2020-04-22 20:32:00
demo_session_01675,quick_result_count,2020-03-21 16:20:00
demo_session_01678,quick_result_count,2020-01-04 21:36:00
demo_session_01678,quick_result_count,2020-01-04 21:35:00
demo_session_01678,quick_result_count,2020-01-04 21:34:00
demo_session_01679,quick_result_count,2020-04-25 22:52:00
demo_session_01679,quick_result_count,2020-04-25 22:51:00
demo_session_01679,quick_result_count,2020-04-25 22:50:00
demo_session_01682,quick_result_count,2020-01-29 06:31:00
demo_session_01682,quick_result_count,2020-01-29 06:30:00
demo_session_01682,quick_result_count,2020-01-29 06:29:00
demo_session_01682,quick_result_count,2020-01-29 06:28:00
demo_session_01683,quick_result_count,2020-03-05 14:50:00
demo_session_01685,quick_result_count,2020-03-14 02:12:00
demo_session_01686,quick_result_count,2020-03-10 11:16:00
demo_session_01686,quick_result_count,2020-03-10 11:15:00
demo_session_01686,quick_result_count,2020-03-10 11:14:00
demo_session_01686,quick_result_count,2020-03-10 11:13:00
demo_session_01686,quick_result_count,2020-03-10 11:12:00
demo_session_01687,quick_result_count,2020-01-27 01:27:00
demo_session_01687,quick_result_count,2020-01-27 01:26:00
demo_session_01687,quick_result_count,2020-01-27 01:25:00
demo_session_01690,quick_result_count,2020-01-07 20:07:00
demo_session_01690,quick_result_count,2020-01-07 20:06:00
demo_session_01690,quick_result_count,2020-01-07 20:05:00
demo_session_01691,quick_result_count,2020-02-01 09:50:00
demo_session_01694,quick_result_count,2020-02-18 10:05:00
demo_session_01696,quick_result_count,2020-01-16 03:08:00
demo_session_01696,quick_result_count,2020-01-16 03:07:00
demo_session_01698,quick_result_count,2020-03-16 17:41:00
demo_session_01698,quick_result_count,2020-03-16 17:40:00
demo_session_01698,quick_result_count,2020-03-16 17:39:00
demo_session_01699,quick_result_count,2020-03-02 09:15:00
demo_session_01699,quick_result_count,2020-03-02 09:14:00
demo_session_01699,quick_result_count,2020-03-02 09:13:00
demo_session_01700,quick_result_count,2020-03-14 10:11:00
demo_session_01701,quick_result_count,2020-03-11 09:35:00
demo_session_01701,quick_result_count,2020-03-11 09:34:00
demo_session_01702,quick_result_count,2020-02-22 02:22:00
demo_session_01703,quick_result_count,2020-01-22 17:28:00
demo_session_01703,quick_result_count,2020-01-22 17:27:00
demo_session_01703,quick_result_count,2020-01-22 17:26:00
demo_session_01704,quick_result_count,2020-02-27 16:39:00
demo_session_01704,quick_result_count,2020-02-27 16:38:00
demo_session_01705,quick_result_count,2020-04-06 23:33:00
demo_session_01706,quick_result_count,2020-01-07 10:17:00
demo_session_01708,quick_result_count,2020-04-08 12:01:00
demo_session_01708,quick_result_count,2020-04-08 12:00:00
demo_session_01708,quick_result_count,2020-04-08 11:59:00
demo_session_01708,quick_result_count,2020-04-08 11:58:00
demo_session_01709,quick_result_count,2020-03-10 13:38:00
demo_session_01710,quick_result_count,2020-01-03 23:04:00
demo_session_01710,quick_result_count,2020-01-03 23:03:00
demo_session_01710,quick_result_count,2020-01-03 23:02:00
demo_session_01711,quick_result_count,2020-04-11 12:37:00
demo_session_01711,quick_result_count,2020-04-11 12:36:00
demo_session_01711,quick_result_count,2020-04-11 12:35:00
demo_session_01713,quick_result_count,2020-02-27 12:37:00
demo_session_01714,quick_result_count,2020-01-14 16:39:00
demo_session_01714,quick_result_count,2020-01-14 16:38:00
demo_session_01715,quick_result_count,2020-02-02 22:26:00
demo_session_01716,quick_result_count,2020-02-17 05:14:00
demo_session_01718,quick_result_count,2020-04-15 01:54:00
demo_session_01719,quick_result_count,2020-03-08 23:00:00
demo_session_01720,quick_result_count,2020-02-13 08:30:00
demo_session_01721,quick_result_count,2020-02-04 22:39:00
demo_session_01722,quick_result_count,2020-02-29 17:15:00
demo_session_01723,quick_result_count,2020-02-10 15:00:00
demo_session_01723,quick_result_count,2020-02-10 14:59:00
demo_session_01724,quick_result_count,2020-04-06 18:15:00
demo_session_01725,quick_result_count,2020-01-29 04:13:00
demo_session_01727,quick_result_count,2020-02-23 13:17:00
demo_session_01727,quick_result_count,2020-02-23 13:16:00
demo_session_01728,quick_result_count,2020-02-01 15:44:00
demo_session_01730,quick_result_count,2020-01-15 08:33:00
demo_session_01730,quick_result_count,2020-01-15 08:32:00
demo_session_01732,quick_result_count,2020-03-27 01:25:00
demo_session_01732,quick_result_count,2020-03-27 01:24:00
demo_session_01732,quick_result_count,2020-03-27 01:23:00
demo_session_01733,quick_result_count,2020-03-12 03:24:00
demo_session_01734,quick_result_count,2020-01-02 19:55:00
demo_session_01736,quick_result_count,2020-01-04 01:32:00
demo_session_01737,quick_result_count,2020-02-14 01:40:00
demo_session_01739,quick_result_count,2020-04-18 01:56:00
demo_session_01739,quick_result_count,2020-04-18 01:55:00
demo_session_01740,quick_result_count,2020-04-27 04:25:00
demo_session_01740,quick_result_count,2020-04-27 04:24:00
demo_session_01741,quick_result_count,2020-03-02 09:33:00
demo_session_01741,quick_result_count,2020-03-02 09:32:00
demo_session_01742,quick_result_count,2020-01-26 14:02:00
demo_session_01742,quick_result_count,2020-01-26 14:01:00
demo_session_01742,quick_result_count,2020-01-26 14:00:00
demo_session_01745,quick_result_count,2020-03-07 21:14:00
demo_session_01745,quick_result_count,2020-03-07 21:13:00
demo_session_01745,quick_result_count,2020-03-07 21:12:00
demo_session_01746,quick_result_count,2020-01-24 18:41:00
demo_session_01746,quick_result_count,2020-01-24 18:40:00
demo_session_01746,quick_result_count,2020-01-24 18:39:00
demo_session_01746,quick_result_count,2020-01-24 18:38:00
demo_session_01746,quick_result_count,2020-01-24 18:37:00
demo_session_01747,quick_result_count,2020-02-14 11:20:00
demo_session_01747,quick_result_count,2020-02-14 11:19:00
demo_session_01749,quick_result_count,2020-03-29 15:17:00
demo_session_01752,quick_result_count,2020-03-08 02:35:00
demo_session_01753,quick_result_count,2020-04-26 08:39:00
demo_session_01753,quick_result_count,2020-04-26 08:38:00
demo_session_01753,quick_result_count,2020-04-26 08:37:00
demo_session_01754,quick_result_count,2020-01-02 23:34:00
demo_session_01754,quick_result_count,2020-01-02 23:33:00
demo_session_01756,quick_result_count,2020-04-02 02:59:00
demo_session_01756,quick_result_count,2020-04-02 02:58:00
demo_session_01756,quick_result_count,2020-04-02 02:57:00
demo_session_01757,quick_result_count,2020-01-13 11:58:00
demo_session_01757,quick_result_count,2020-01-13 11:57:00
demo_session_01758,quick_result_count,2020-03-21 04:18:00
demo_session_01758,quick_result_count,2020-03-21 04:17:00
demo_session_01758,quick_result_count,2020-03-21 04:16:00
demo_session_01759,quick_result_count,2020-02-20 13:29:00
demo_session_01759,quick_result_count,2020-02-20 13:28:00
demo_session_01760,quick_result_count,2020-03-13 03:18:00
demo_session_01761,quick_result_count,2020-03-26 12:05:00
demo_session_01762,quick_result_count,2020-01-18 07:43:00
demo_session_01762,quick_result_count,2020-01-18 07:42:00
demo_session_01765,quick_result_count,2020-02-01 08:45:00
demo_session_01765,quick_result_count,2020-02-01 08:44:00
demo_session_01765,quick_result_count,2020-02-01 08:43:00
demo_session_01766,quick_result_count,2020-02-04 15:33:00
demo_session_01767,quick_result_count,2020-04-20 22:10:00
demo_session_01769,quick_result_count,2020-02-12 17:50:00
demo_session_01770,quick_result_count,2020-03-13 15:45:00
demo_session_01770,quick_result_count,2020-03-13 15:44:00
demo_session_01772,quick_result_count,2020-01-22 23:04:00
demo_session_01772,quick_result_count,2020-01-22 23:03:00
demo_session_01772,quick_result_count,2020-01-22 23:02:00
demo_session_01773,quick_result_count,2020-01-12 19:19:00
demo_session_01774,quick_result_count,2020-02-21 03:51:00
demo_session_01774,quick_result_count,2020-02-21 03:50:00
demo_session_01775,quick_result_count,2020-03-15 06:53:00
demo_session_01775,quick_result_count,2020-03-15 06:52:00
demo_session_01776,quick_result_count,2020-03-02 00:38:00
demo_session_01776,quick_result_count,2020-03-02 00:37:00
demo_session_01777,quick_result_count,2020-03-07 23:24:00
demo_session_01777,quick_result_count,2020-03-07 23:23:00
demo_session_01778,quick_result_count,2020-01-20 13:40:00
demo_session_01778,quick_result_count,2020-01-20 13:39:00
demo_session_01780,quick_result_count,2020-03-07 07:48:00
demo_session_01780,quick_result_count,2020-03-07 07:47:00
demo_session_01780,quick_result_count,2020-03-07 07:46:00
demo_session_01781,quick_result_count,2020-04-24 23:07:00
demo_session_01784,quick_result_count,2020-02-24 14:47:00
demo_session_01784,quick_result_count,2020-02-24 14:46:00
demo_session_01784,quick_result_count,2020-02-24 14:45:00
demo_session_01785,quick_result_count,2020-01-24 17:16:00
demo_session_01786,quick_result_count,2020-01-21 23:38:00
demo_session_01786,quick_result_count,2020-01-21 23:37:00
demo_session_01787,quick_result_count,2020-01-29 01:23:00
demo_session_01787,quick_result_count,2020-01-29 01:22:00
demo_session_01788,quick_result_count,2020-03-22 14:13:00
demo_session_01791,quick_result_count,2020-01-15 12:32:00
demo_session_01791,quick_result_count,2020-01-15 12:31:00
demo_session_01791,quick_result_count,2020-01-15 12:30:00
demo_session_01792,quick_result_count,2020-04-21 19:55:00
demo_session_01792,quick_result_count,2020-04-21 19:54:00
demo_session_01792,quick_result_count,2020-04-21 19:53:00
demo_session_01793,quick_result_count,2020-02-19 04:24:00
demo_session_01793,quick_result_count,2020-02-19 04:23:00
demo_session_01793,quick_result_count,2020-02-19 04:22:00
demo_session_01794,quick_result_count,2020-03-05 01:18:00
demo_session_01795,quick_result_count,2020-04-07 22:37:00
demo_session_01795,quick_result_count,2020-04-07 22:36:00
demo_session_01796,quick_result_count,2020-02-28 23:53:00
demo_session_01796,quick_result_count,2020-02-28 23:52:00
demo_session_01796,quick_result_count,2020-02-28 23:51:00
demo_session_01800,quick_result_count,2020-01-09 08:55:00
demo_session_01801,quick_result_count,2020-04-19 08:23:00
demo_session_01801,quick_result_count,2020-04-19 08:22:00
demo_session_01801,quick_result_count,2020-04-19 08:21:00
demo_session_01802,quick_result_count,2020-03-22 00:11:00
demo_session_01802,quick_result_count,2020-03-22 00:10:00
demo_session_01802,quick_result_count,2020-03-22 00:09:00
demo_session_01803,quick_result_count,2020-03-02 13:23:00
demo_session_01804,quick_result_count,2020-02-07 22:11:00
demo_session_01804,quick_result_count,2020-02-07 22:10:00
demo_session_01805,quick_result_count,2020-04-13 05:14:00
demo_session_01806,quick_result_count,2020-01-04 21:43:00
demo_session_01806,quick_result_count,2020-01-04 21:42:00
demo_session_01807,quick_result_count,2020-03-26 09:06:00
demo_session_01808,quick_result_count,2020-01-26 04:16:00
demo_session_01808,quick_result_count,2020-01-26 04:15:00
demo_session_01809,quick_result_count,2020-02-12 19:23:00
demo_session_01810,quick_result_count,2020-01-08 15:53:00
demo_session_01810,quick_result_count,2020-01-08 15:52:00
demo_session_01811,quick_result_count,2020-03-08 09:49:00
demo_session_01812,quick_result_count,2020-01-18 16:49:00
demo_session_01813,quick_result_count,2020-01-14 23:50:00
demo_session_01813,quick_result_count,2020-01-14 23:49:00
demo_session_01813,quick_result_count,2020-01-14 23:48:00
demo_session_01814,quick_result_count,2020-02-09 10:50:00
demo_session_01815,quick_result_count,2020-02-29 11:46:00
demo_session_01816,quick_result_count,2020-04-23 09:01:00
demo_session_01816,quick_result_count,2020-04-23 09:00:00
demo_session_01816,quick_result_count,2020-04-23 08:59:00
demo_session_01816,quick_result_count,2020-04-23 08:58:00
demo_session_01818,quick_result_count,2020-02-18 01:24:00
demo_session_01818,quick_result_count,2020-02-18 01:23:00
demo_session_01818,quick_result_count,2020-02-18 01:22:00
demo_session_01819,quick_result_count,2020-03-11 05:28:00
demo_session_01820,quick_result_count,2020-04-02 09:45:00
demo_session_01823,quick_result_count,2020-03-20 15:02:00
demo_session_01823,quick_result_count,2020-03-20 15:01:00
demo_session_01824,quick_result_count,2020-03-25 08:43:00
demo_session_01824,quick_result_count,2020-03-25 08:42:00
demo_session_01826,quick_result_count,2020-02-15 04:29:00
demo_session_01827,quick_result_count,2020-01-09 02:19:00
demo_session_01828,quick_result_count,2020-03-05 08:47:00
demo_session_01829,quick_result_count,2020-02-09 15:25:00
demo_session_01830,quick_result_count,2020-01-08 01:44:00
demo_session_01830,quick_result_count,2020-01-08 01:43:00
demo_session_01830,quick_result_count,2020-01-08 01:42:00
demo_session_01831,quick_result_count,2020-01-19 17:05:00
demo_session_01832,quick_result_count,2020-03-05 00:54:00
demo_session_01834,quick_result_count,2020-02-10 14:43:00
demo_session_01835,quick_result_count,2020-03-06 12:10:00
demo_session_01835,quick_result_count,2020-03-06 12:09:00
demo_session_01836,quick_result_count,2020-01-22 06:23:00
demo_session_01837,quick_result_count,2020-01-16 13:25:00
demo_session_01839,quick_result_count,2020-03-14 11:01:00
demo_session_01840,quick_result_count,2020-01-23 17:51:00
demo_session_01840,quick_result_count,2020-01-23 17:50:00
demo_session_01841,quick_result_count,2020-03-01 01:11:00
demo_session_01843,quick_result_count,2020-01-08 02:49:00
demo_session_01844,quick_result_count,2020-02-06 00:32:00
demo_session_01845,quick_result_count,2020-04-13 17:47:00
demo_session_01847,quick_result_count,2020-03-26 02:28:00
demo_session_01847,quick_result_count,2020-03-26 02:27:00
demo_session_01847,quick_result_count,2020-03-26 02:26:00
demo_session_01847,quick_result_count,2020-03-26 02:25:00
demo_session_01848,quick_result_count,2020-03-13 15:19:00
demo_session_01848,quick_result_count,2020-03-13 15:18:00
demo_session_01849,quick_result_count,2020-01-01 15:04:00
demo_session_01850,quick_result_count,2020-04-23 17:20:00
demo_session_01852,quick_result_count,2020-03-21 04:46:00
demo_session_01852,quick_result_count,2020-03-21 04:45:00
demo_session_01853,quick_result_count,2020-01-20 02:40:00
demo_session_01853,quick_result_count,2020-01-20 02:39:00
demo_session_01853,quick_result_count,2020-01-20 02:38:00
demo_session_01854,quick_result_count,2020-04-11 08:04:00
demo_session_01855,quick_result_count,2020-01-01 00:44:00
demo_session_01855,quick_result_count,2020-01-01 00:43:00
demo_session_01855,quick_result_count,2020-01-01 00:42:00
demo_session_01856,quick_result_count,2020-03-02 04:39:00
demo_session_01857,quick_result_count,2020-02-21 06:31:00
demo_session_01857,quick_result_count,2020-02-21 06:30:00
demo_session_01858,quick_result_count,2020-03-24 17:05:00
demo_session_01858,quick_result_count,2020-03-24 17:04:00
demo_session_01860,quick_result_count,2020-04-15 01:03:00
demo_session_01861,quick_result_count,2020-03-09 10:00:00
demo_session_01862,quick_result_count,2020-02-01 05:53:00
demo_session_01862,quick_result_count,2020-02-01 05:52:00
demo_session_01862,quick_result_count,2020-02-01 05:51:00
demo_session_01863,quick_result_count,2020-02-07 08:54:00
demo_session_01864,quick_result_count,2020-03-23 08:50:00
demo_session_01864,quick_result_count,2020-03-23 08:49:00
demo_session_01865,quick_result_count,2020-01-23 05:17:00
demo_session_01865,quick_result_count,2020-01-23 05:16:00
demo_session_01865,quick_result_count,2020-01-23 05:15:00
demo_session_01867,quick_result_count,2020-04-28 05:46:00
demo_session_01868,quick_result_count,2020-04-15 14:09:00
demo_session_01868,quick_result_count,2020-04-15 14:08:00
demo_session_01869,quick_result_count,2020-02-09 22:14:00
demo_session_01870,quick_result_count,2020-03-07 16:10:00
demo_session_01870,quick_result_count,2020-03-07 16:09:00
demo_session_01870,quick_result_count,2020-03-07 16:08:00
demo_session_01870,quick_result_count,2020-03-07 16:07:00
demo_session_01870,quick_result_count,2020-03-07 16:06:00
demo_session_01871,quick_result_count,2020-02-19 18:24:00
demo_session_01871,quick_result_count,2020-02-19 18:23:00
demo_session_01871,quick_result_count,2020-02-19 18:22:00
demo_session_01873,quick_result_count,2020-02-05 07:23:00
demo_session_01873,quick_result_count,2020-02-05 07:22:00
demo_session_01875,quick_result_count,2020-04-10 10:30:00
demo_session_01876,quick_result_count,2020-01-30 13:05:00
demo_session_01879,quick_result_count,2020-01-16 07:38:00
demo_session_01879,quick_result_count,2020-01-16 07:37:00
demo_session_01881,quick_result_count,2020-04-15 18:34:00
demo_session_01882,quick_result_count,2020-02-19 12:48:00
demo_session_01883,quick_result_count,2020-01-23 00:03:00
demo_session_01883,quick_result_count,2020-01-23 00:02:00
demo_session_01889,quick_result_count,2020-04-08 19:17:00
demo_session_01890,quick_result_count,2020-03-03 02:55:00
demo_session_01891,quick_result_count,2020-01-09 10:02:00
demo_session_01891,quick_result_count,2020-01-09 10:01:00
demo_session_01891,quick_result_count,2020-01-09 10:00:00
demo_session_01891,quick_result_count,2020-01-09 09:59:00
demo_session_01891,quick_result_count,2020-01-09 09:58:00
demo_session_01892,quick_result_count,2020-01-10 03:10:00
demo_session_01892,quick_result_count,2020-01-10 03:09:00
demo_session_01893,quick_result_count,2020-04-25 15:12:00
demo_session_01895,quick_result_count,2020-02-05 23:17:00
demo_session_01896,quick_result_count,2020-01-02 12:57:00
demo_session_01896,quick_result_count,2020-01-02 12:56:00
demo_session_01897,quick_result_count,2020-01-08 00:49:00
demo_session_01897,quick_result_count,2020-01-08 00:48:00
demo_session_01898,quick_result_count,2020-04-07 12:34:00
demo_session_01899,quick_result_count,2020-04-01 18:51:00
demo_session_01899,quick_result_count,2020-04-01 18:50:00
demo_session_01900,quick_result_count,2020-02-09 17:21:00
demo_session_01900,quick_result_count,2020-02-09 17:20:00
demo_session_01902,quick_result_count,2020-01-30 20:27:00
demo_session_01904,quick_result_count,2020-04-03 04:43:00
demo_session_01905,quick_result_count,2020-03-12 08:35:00
demo_session_01906,quick_result_count,2020-02-23 07:01:00
demo_session_01907,quick_result_count,2020-01-09 05:35:00
demo_session_01907,quick_result_count,2020-01-09 05:34:00
demo_session_01908,quick_result_count,2020-01-14 20:43:00
demo_session_01908,quick_result_count,2020-01-14 20:42:00
demo_session_01909,quick_result_count,2020-01-25 05:33:00
demo_session_01909,quick_result_count,2020-01-25 05:32:00
demo_session_01909,quick_result_count,2020-01-25 05:31:00
demo_session_01910,quick_result_count,2020-01-26 11:01:00
demo_session_01911,quick_result_count,2020-02-28 16:30:00
demo_session_01913,quick_result_count,2020-02-20 15:03:00
demo_session_01913,quick_result_count,2020-02-20 15:02:00
demo_session_01914,quick_result_count,2020-02-09 11:24:00
demo_session_01915,quick_result_count,2020-03-07 21:47:00
demo_session_01917,quick_result_count,2020-03-28 10:26:00
demo_session_01917,quick_result_count,2020-03-28 10:25:00
demo_session_01919,quick_result_count,2020-02-12 08:36:00
demo_session_01919,quick_result_count,2020-02-12 08:35:00
demo_session_01920,quick_result_count,2020-04-24 08:22:00
demo_session_01922,quick_result_count,2020-03-30 17:29:00
demo_session_01922,quick_result_count,2020-03-30 17:28:00
demo_session_01922,quick_result_count,2020-03-30 17:27:00
demo_session_01923,quick_result_count,2020-02-02 16:26:00
demo_session_01925,quick_result_count,2020-02-10 18:18:00
demo_session_01926,quick_result_count,2020-01-28 06:40:00
demo_session_01927,quick_result_count,2020-01-07 02:56:00
demo_session_01927,quick_result_count,2020-01-07 02:55:00
demo_session_01932,quick_result_count,2020-02-11 15:14:00
demo_session_01937,quick_result_count,2020-01-08 04:25:00
demo_session_01938,quick_result_count,2020-02-09 16:20:00
demo_session_01939,quick_result_count,2020-02-04 03:53:00
demo_session_01939,quick_result_count,2020-02-04 03:52:00
demo_session_01941,quick_result_count,2020-02-22 14:35:00
demo_session_01941,quick_result_count,2020-02-22 14:34:00
demo_session_01942,quick_result_count,2020-03-11 23:04:00
demo_session_01943,quick_result_count,2020-03-24 05:34:00
demo_session_01947,quick_result_count,2020-04-26 19:18:00
demo_session_01947,quick_result_count,2020-04-26 19:17:00
demo_session_01947,quick_result_count,2020-04-26 19:16:00
demo_session_01947,quick_result_count,2020-04-26 19:15:00
demo_session_01950,quick_result_count,2020-01-06 05:00:00
demo_session_01950,quick_result_count,2020-01-06 04:59:00
demo_session_01950,quick_result_count,2020-01-06 04:58:00
demo_session_01951,quick_result_count,2020-01-08 02:54:00
demo_session_01952,quick_result_count,2020-04-14 11:29:00
demo_session_01952,quick_result_count,2020-04-14 11:28:00
demo_session_01952,quick_result_count,2020-04-14 11:27:00
demo_session_01954,quick_result_count,2020-02-07 03:12:00
demo_session_01955,quick_result_count,2020-03-28 16:13:00
demo_session_01955,quick_result_count,2020-03-28 16:12:00
demo_session_01956,quick_result_count,2020-02-24 12:36:00
demo_session_01957,quick_result_count,2020-01-09 04:10:00
demo_session_01958,quick_result_count,2020-03-19 12:01:00
demo_session_01958,quick_result_count,2020-03-19 12:00:00
demo_session_01961,quick_result_count,2020-02-27 04:41:00
demo_session_01965,quick_result_count,2020-03-12 13:32:00
demo_session_01966,quick_result_count,2020-01-07 15:36:00
demo_session_01968,quick_result_count,2020-04-29 05:43:00
demo_session_01969,quick_result_count,2020-04-25 02:52:00
demo_session_01972,quick_result_count,2020-02-21 15:46:00
demo_session_01973,quick_result_count,2020-03-31 02:03:00
demo_session_01974,quick_result_count,2020-04-24 19:49:00
demo_session_01974,quick_result_count,2020-04-24 19:48:00
demo_session_01975,quick_result_count,2020-01-16 02:14:00
demo_session_01976,quick_result_count,2020-04-17 10:22:00
demo_session_01976,quick_result_count,2020-04-17 10:21:00
demo_session_01980,quick_result_count,2020-01-04 20:31:00
demo_session_01982,quick_result_count,2020-02-14 03:00:00
demo_session_01982,quick_result_count,2020-02-14 02:59:00
demo_session_01982,quick_result_count,2020-02-14 02:58:00
demo_session_01983,quick_result_count,2020-03-05 19:08:00
demo_session_01983,quick_result_count,2020-03-05 19:07:00
demo_session_01985,quick_result_count,2020-01-30 14:39:00
demo_session_01985,quick_result_count,2020-01-30 14:38:00
demo_session_01986,quick_result_count,2020-03-19 21:04:00
demo_session_01986,quick_result_count,2020-03-19 21:03:00
demo_session_01986,quick_result_count,2020-03-19 21:02:00
demo_session_01986,quick_result_count,2020-03-19 21:01:00
demo_session_01988,quick_result_count,2020-01-15 08:49:00
demo_session_01988,quick_result_count,2020-01-15 08:48:00
demo_session_01988,quick_result_count,2020-01-15 08:47:00
demo_session_01989,quick_result_count,2020-04-07 22:02:00
demo_session_01989,quick_result_count,2020-04-07 22:01:00
demo_session_01990,quick_result_count,2020-02-07 02:09:00
demo_session_01991,quick_result_count,2020-03-23 19:23:00
demo_session_01991,quick_result_count,2020-03-23 19:22:00
demo_session_01993,quick_result_count,2020-03-31 12:56:00
demo_session_01994,quick_result_count,2020-02-03 20:26:00
demo_session_01995,quick_result_count,2020-01-26 09:37:00
demo_session_01996,quick_result_count,2020-01-09 21:39:00
demo_session_01996,quick_result_count,2020-01-09 21:38:00
demo_session_01998,quick_result_count,2020-03-27 13:37:00
demo_session_01998,quick_result_count,2020-03-27 13:36:00
demo_session_01999,quick_result_count,2020-03-14 16:16:00
demo_session_02001,quick_result_count,2020-01-09 07:34:00
demo_session_02001,quick_result_count,2020-01-09 07:33:00
demo_session_02002,quick_result_count,2020-02-19 10:37:00
demo_session_02002,quick_result_count,2020-02-19 10:36:00
demo_session_02004,quick_result_count,2020-02-04 17:23:00
demo_session_02004,quick_result_count,2020-02-04 17:22:00
demo_session_02004,quick_result_count,2020-02-04 17:21:00
demo_session_02005,quick_result_count,2020-01-07 16:33:00
demo_session_02005,quick_result_count,2020-01-07 16:32:00
demo_session_02007,quick_result_count,2020-01-04 10:50:00
demo_session_02008,quick_result_count,2020-03-23 15:48:00
demo_session_02010,quick_result_count,2020-03-30 10:26:00
demo_session_02010,quick_result_count,2020-03-30 10:25:00
demo_session_02011,quick_result_count,2020-01-02 13:29:00
demo_session_02012,quick_result_count,2020-04-17 13:07:00
demo_session_02015,quick_result_count,2020-01-03 00:48:00
demo_session_02017,quick_result_count,2020-04-15 15:11:00
demo_session_02020,quick_result_count,2020-01-11 15:05:00
demo_session_02021,quick_result_count,2020-02-14 17:18:00
demo_session_02021,quick_result_count,2020-02-14 17:17:00
demo_session_02022,quick_result_count,2020-02-13 06:07:00
demo_session_02022,quick_result_count,2020-02-13 06:06:00
demo_session_02022,quick_result_count,2020-02-13 06:05:00
demo_session_02023,quick_result_count,2020-01-27 00:55:00
demo_session_02023,quick_result_count,2020-01-27 00:54:00
demo_session_02025,quick_result_count,2020-02-10 23:58:00
demo_session_02026,quick_result_count,2020-03-11 20:36:00
demo_session_02026,quick_result_count,2020-03-11 20:35:00
demo_session_02026,quick_result_count,2020-03-11 20:34:00
demo_session_02026,quick_result_count,2020-03-11 20:33:00
demo_session_02026,quick_result_count,2020-03-11 20:32:00
demo_session_02026,quick_result_count,2020-03-11 20:31:00
demo_session_02028,quick_result_count,2020-02-07 17:35:00
demo_session_02029,quick_result_count,2020-04-16 13:03:00
demo_session_02031,quick_result_count,2020-04-02 05:51:00
demo_session_02034,quick_result_count,2020-02-10 22:12:00
demo_session_02035,quick_result_count,2020-03-27 09:42:00
demo_session_02037,quick_result_count,2020-02-09 15:23:00
demo_session_02038,quick_result_count,2020-03-14 20:42:00
demo_session_02038,quick_result_count,2020-03-14 20:41:00
demo_session_02039,quick_result_count,2020-01-23 07:13:00
demo_session_02039,quick_result_count,2020-01-23 07:12:00
demo_session_02042,quick_result_count,2020-03-20 21:35:00
demo_session_02043,quick_result_count,2020-02-12 19:11:00
demo_session_02043,quick_result_count,2020-02-12 19:10:00
demo_session_02044,quick_result_count,2020-03-26 10:07:00
demo_session_02046,quick_result_count,2020-04-13 16:03:00
demo_session_02046,quick_result_count,2020-04-13 16:02:00
demo_session_02048,quick_result_count,2020-03-02 14:35:00
demo_session_02049,quick_result_count,2020-03-26 13:22:00
demo_session_02049,quick_result_count,2020-03-26 13:21:00
demo_session_02049,quick_result_count,2020-03-26 13:20:00
demo_session_02049,quick_result_count,2020-03-26 13:19:00
demo_session_02051,quick_result_count,2020-02-05 22:42:00
demo_session_02051,quick_result_count,2020-02-05 22:41:00
demo_session_02051,quick_result_count,2020-02-05 22:40:00
demo_session_02051,quick_result_count,2020-02-05 22:39:00
demo_session_02052,quick_result_count,2020-03-10 19:12:00
demo_session_02053,quick_result_count,2020-02-25 11:14:00
demo_session_02054,quick_result_count,2020-02-21 13:32:00
demo_session_02055,quick_result_count,2020-04-27 10:23:00
demo_session_02056,quick_result_count,2020-02-20 17:40:00
demo_session_02056,quick_result_count,2020-02-20 17:39:00
demo_session_02056,quick_result_count,2020-02-20 17:38:00
demo_session_02058,quick_result_count,2020-01-03 00:08:00
demo_session_02059,quick_result_count,2020-01-15 02:49:00
demo_session_02061,quick_result_count,2020-01-26 04:14:00
demo_session_02061,quick_result_count,2020-01-26 04:13:00
demo_session_02061,quick_result_count,2020-01-26 04:12:00
demo_session_02061,quick_result_count,2020-01-26 04:11:00
demo_session_02062,quick_result_count,2020-01-14 03:33:00
demo_session_02063,quick_result_count,2020-02-12 04:18:00
demo_session_02063,quick_result_count,2020-02-12 04:17:00
demo_session_02063,quick_result_count,2020-02-12 04:16:00
demo_session_02063,quick_result_count,2020-02-12 04:15:00
demo_session_02065,quick_result_count,2020-03-05 08:20:00
demo_session_02065,quick_result_count,2020-03-05 08:19:00
demo_session_02066,quick_result_count,2020-01-07 18:08:00
demo_session_02067,quick_result_count,2020-04-27 15:02:00
demo_session_02067,quick_result_count,2020-04-27 15:01:00
demo_session_02068,quick_result_count,2020-04-19 08:27:00
demo_session_02068,quick_result_count,2020-04-19 08:26:00
demo_session_02068,quick_result_count,2020-04-19 08:25:00
demo_session_02070,quick_result_count,2020-01-21 13:53:00
demo_session_02070,quick_result_count,2020-01-21 13:52:00
demo_session_02070,quick_result_count,2020-01-21 13:51:00
demo_session_02071,quick_result_count,2020-03-26 19:03:00
demo_session_02072,quick_result_count,2020-01-02 15:17:00
demo_session_02072,quick_result_count,2020-01-02 15:16:00
demo_session_02074,quick_result_count,2020-04-05 17:28:00
demo_session_02074,quick_result_count,2020-04-05 17:27:00
demo_session_02076,quick_result_count,2020-02-25 15:37:00
demo_session_02078,quick_result_count,2020-01-24 18:51:00
demo_session_02078,quick_result_count,2020-01-24 18:50:00
demo_session_02078,quick_result_count,2020-01-24 18:49:00
demo_session_02078,quick_result_count,2020-01-24 18:48:00
demo_session_02079,quick_result_count,2020-03-05 17:53:00
demo_session_02080,quick_result_count,2020-02-06 11:05:00
demo_session_02080,quick_result_count,2020-02-06 11:04:00
demo_session_02082,quick_result_count,2020-03-22 19:27:00
demo_session_02083,quick_result_count,2020-04-24 00:51:00
demo_session_02084,quick_result_count,2020-03-08 20:16:00
demo_session_02084,quick_result_count,2020-03-08 20:15:00
demo_session_02084,quick_result_count,2020-03-08 20:14:00
demo_session_02085,quick_result_count,2020-03-01 18:46:00
demo_session_02086,quick_result_count,2020-03-05 01:10:00
demo_session_02091,quick_result_count,2020-01-29 01:17:00
demo_session_02093,quick_result_count,2020-01-23 12:27:00
demo_session_02094,quick_result_count,2020-03-01 14:37:00
demo_session_02094,quick_result_count,2020-03-01 14:36:00
demo_session_02094,quick_result_count,2020-03-01 14:35:00
demo_session_02095,quick_result_count,2020-02-02 02:38:00
demo_session_02095,quick_result_count,2020-02-02 02:37:00
demo_session_02098,quick_result_count,2020-01-18 16:40:00
demo_session_02098,quick_result_count,2020-01-18 16:39:00
demo_session_02099,quick_result_count,2020-02-05 02:38:00
demo_session_02099,quick_result_count,2020-02-05 02:37:00
demo_session_02101,quick_result_count,2020-01-05 21:31:00
demo_session_02101,quick_result_count,2020-01-05 21:30:00
demo_session_02102,quick_result_count,2020-03-31 06:20:00
demo_session_02103,quick_result_count,2020-02-16 11:58:00
demo_session_02104,quick_result_count,2020-04-15 19:17:00
demo_session_02105,quick_result_count,2020-01-29 03:01:00
demo_session_02105,quick_result_count,2020-01-29 03:00:00
demo_session_02105,quick_result_count,2020-01-29 02:59:00
demo_session_02106,quick_result_count,2020-02-08 14:04:00
demo_session_02107,quick_result_count,2020-03-02 08:57:00
demo_session_02108,quick_result_count,2020-02-03 17:05:00
demo_session_02108,quick_result_count,2020-02-03 17:04:00
demo_session_02108,quick_result_count,2020-02-03 17:03:00
demo_session_02108,quick_result_count,2020-02-03 17:02:00
demo_session_02109,quick_result_count,2020-02-25 03:31:00
demo_session_02110,quick_result_count,2020-01-15 16:38:00
demo_session_02112,quick_result_count,2020-04-13 06:56:00
demo_session_02113,quick_result_count,2020-01-30 10:29:00
demo_session_02114,quick_result_count,2020-01-13 06:07:00
demo_session_02114,quick_result_count,2020-01-13 06:06:00
demo_session_02119,quick_result_count,2020-04-08 15:58:00
demo_session_02119,quick_result_count,2020-04-08 15:57:00
demo_session_02121,quick_result_count,2020-01-27 05:33:00
demo_session_02123,quick_result_count,2020-01-19 23:33:00
demo_session_02124,quick_result_count,2020-01-04 10:00:00
demo_session_02125,quick_result_count,2020-01-01 02:55:00
demo_session_02126,quick_result_count,2020-02-20 04:40:00
demo_session_02126,quick_result_count,2020-02-20 04:39:00
demo_session_02127,quick_result_count,2020-03-13 18:42:00
demo_session_02127,quick_result_count,2020-03-13 18:41:00
demo_session_02128,quick_result_count,2020-04-08 07:17:00
demo_session_02128,quick_result_count,2020-04-08 07:16:00
demo_session_02129,quick_result_count,2020-02-09 01:49:00
demo_session_02131,quick_result_count,2020-03-21 10:01:00
demo_session_02132,quick_result_count,2020-03-17 09:45:00
demo_session_02132,quick_result_count,2020-03-17 09:44:00
demo_session_02132,quick_result_count,2020-03-17 09:43:00
demo_session_02135,quick_result_count,2020-01-06 08:43:00
demo_session_02135,quick_result_count,2020-01-06 08:42:00
demo_session_02135,quick_result_count,2020-01-06 08:41:00
demo_session_02135,quick_result_count,2020-01-06 08:40:00
demo_session_02135,quick_result_count,2020-01-06 08:39:00
demo_session_02136,quick_result_count,2020-03-06 09:24:00
demo_session_02136,quick_result_count,2020-03-06 09:23:00
demo_session_02139,quick_result_count,2020-04-26 03:46:00
demo_session_02139,quick_result_count,2020-04-26 03:45:00
demo_session_02140,quick_result_count,2020-01-20 02:15:00
demo_session_02140,quick_result_count,2020-01-20 02:14:00
demo_session_02141,quick_result_count,2020-02-03 00:23:00
demo_session_02143,quick_result_count,2020-03-04 13:05:00
demo_session_02145,quick_result_count,2020-03-05 12:53:00
demo_session_02147,quick_result_count,2020-02-01 06:22:00
demo_session_02150,quick_result_count,2020-01-09 05:14:00
demo_session_02150,quick_result_count,2020-01-09 05:13:00
demo_session_02150,quick_result_count,2020-01-09 05:12:00
demo_session_02150,quick_result_count,2020-01-09 05:11:00
demo_session_02151,quick_result_count,2020-01-01 10:35:00
demo_session_02152,quick_result_count,2020-04-18 09:16:00
demo_session_02152,quick_result_count,2020-04-18 09:15:00
demo_session_02153,quick_result_count,2020-01-28 05:08:00
demo_session_02153,quick_result_count,2020-01-28 05:07:00
demo_session_02153,quick_result_count,2020-01-28 05:06:00
demo_session_02154,quick_result_count,2020-01-11 08:24:00
demo_session_02156,quick_result_count,2020-02-08 17:01:00
demo_session_02157,quick_result_count,2020-04-20 01:47:00
demo_session_02158,quick_result_count,2020-04-25 06:12:00
demo_session_02158,quick_result_count,2020-04-25 06:11:00
demo_session_02159,quick_result_count,2020-01-02 03:25:00
demo_session_02161,quick_result_count,2020-03-13 02:28:00
demo_session_02161,quick_result_count,2020-03-13 02:27:00
demo_session_02162,quick_result_count,2020-02-10 07:54:00
demo_session_02162,quick_result_count,2020-02-10 07:53:00
demo_session_02162,quick_result_count,2020-02-10 07:52:00
demo_session_02163,quick_result_count,2020-01-01 09:40:00
demo_session_02164,quick_result_count,2020-02-25 11:57:00
demo_session_02165,quick_result_count,2020-03-15 17:41:00
demo_session_02165,quick_result_count,2020-03-15 17:40:00
demo_session_02167,quick_result_count,2020-02-19 09:22:00
demo_session_02167,quick_result_count,2020-02-19 09:21:00
demo_session_02169,quick_result_count,2020-02-22 03:12:00
demo_session_02169,quick_result_count,2020-02-22 03:11:00
demo_session_02169,quick_result_count,2020-02-22 03:10:00
demo_session_02170,quick_result_count,2020-03-21 13:47:00
demo_session_02171,quick_result_count,2020-04-26 02:24:00
demo_session_02172,quick_result_count,2020-04-07 11:54:00
demo_session_02172,quick_result_count,2020-04-07 11:53:00
demo_session_02173,quick_result_count,2020-03-22 20:51:00
demo_session_02174,quick_result_count,2020-04-09 07:06:00
demo_session_02176,quick_result_count,2020-04-05 12:30:00
demo_session_02177,quick_result_count,2020-04-29 16:18:00
demo_session_02177,quick_result_count,2020-04-29 16:17:00
demo_session_02177,quick_result_count,2020-04-29 16:16:00
demo_session_02178,quick_result_count,2020-04-26 18:40:00
demo_session_02178,quick_result_count,2020-04-26 18:39:00
demo_session_02178,quick_result_count,2020-04-26 18:38:00
demo_session_02179,quick_result_count,2020-01-31 19:12:00
demo_session_02180,quick_result_count,2020-02-21 07:05:00
demo_session_02182,quick_result_count,2020-01-09 20:05:00
demo_session_02184,quick_result_count,2020-02-03 01:35:00
demo_session_02185,quick_result_count,2020-04-11 23:11:00
demo_session_02185,quick_result_count,2020-04-11 23:10:00
demo_session_02187,quick_result_count,2020-02-17 20:43:00
demo_session_02187,quick_result_count,2020-02-17 20:42:00
demo_session_02187,quick_result_count,2020-02-17 20:41:00
demo_session_02188,quick_result_count,2020-01-07 00:04:00
demo_session_02188,quick_result_count,2020-01-07 00:03:00
demo_session_02188,quick_result_count,2020-01-07 00:02:00
demo_session_02189,quick_result_count,2020-03-24 12:21:00
demo_session_02189,quick_result_count,2020-03-24 12:20:00
demo_session_02189,quick_result_count,2020-03-24 12:19:00
demo_session_02190,quick_result_count,2020-03-05 08:28:00
demo_session_02190,quick_result_count,2020-03-05 08:27:00
demo_session_02192,quick_result_count,2020-01-03 03:15:00
demo_session_02192,quick_result_count,2020-01-03 03:14:00
demo_session_02192,quick_result_count,2020-01-03 03:13:00
demo_session_02193,quick_result_count,2020-02-22 08:52:00
demo_session_02194,quick_result_count,2020-03-31 17:40:00
demo_session_02195,quick_result_count,2020-04-19 21:56:00
demo_session_02195,quick_result_count,2020-04-19 21:55:00
demo_session_02196,quick_result_count,2020-02-12 03:02:00
demo_session_02198,quick_result_count,2020-03-25 17:31:00
demo_session_02200,quick_result_count,2020-04-16 14:09:00
demo_session_02200,quick_result_count,2020-04-16 14:08:00
demo_session_02203,quick_result_count,2020-01-23 19:57:00
demo_session_02204,quick_result_count,2020-01-11 01:54:00
demo_session_02204,quick_result_count,2020-01-11 01:53:00
demo_session_02205,quick_result_count,2020-04-09 14:22:00
demo_session_02206,quick_result_count,2020-02-04 16:02:00
demo_session_02206,quick_result_count,2020-02-04 16:01:00
demo_session_02207,quick_result_count,2020-02-10 18:14:00
demo_session_02207,quick_result_count,2020-02-10 18:13:00
demo_session_02207,quick_result_count,2020-02-10 18:12:00
demo_session_02208,quick_result_count,2020-02-02 04:08:00
demo_session_02210,quick_result_count,2020-04-17 20:41:00
demo_session_02210,quick_result_count,2020-04-17 20:40:00
demo_session_02211,quick_result_count,2020-03-22 21:03:00
demo_session_02211,quick_result_count,2020-03-22 21:02:00
demo_session_02214,quick_result_count,2020-02-22 22:52:00
demo_session_02214,quick_result_count,2020-02-22 22:51:00
demo_session_02214,quick_result_count,2020-02-22 22:50:00
demo_session_02215,quick_result_count,2020-03-23 19:05:00
demo_session_02216,quick_result_count,2020-02-13 20:18:00
demo_session_02217,quick_result_count,2020-01-12 07:17:00
demo_session_02217,quick_result_count,2020-01-12 07:16:00
demo_session_02217,quick_result_count,2020-01-12 07:15:00
demo_session_02218,quick_result_count,2020-02-20 08:49:00
demo_session_02220,quick_result_count,2020-01-03 03:28:00
demo_session_02221,quick_result_count,2020-03-31 00:09:00
demo_session_02221,quick_result_count,2020-03-31 00:08:00
demo_session_02223,quick_result_count,2020-04-18 22:18:00
demo_session_02226,quick_result_count,2020-03-04 20:17:00
demo_session_02227,quick_result_count,2020-03-12 12:54:00
demo_session_02228,quick_result_count,2020-04-05 18:12:00
demo_session_02228,quick_result_count,2020-04-05 18:11:00
demo_session_02228,quick_result_count,2020-04-05 18:10:00
demo_session_02229,quick_result_count,2020-02-15 12:08:00
demo_session_02230,quick_result_count,2020-02-02 23:32:00
demo_session_02231,quick_result_count,2020-02-27 08:46:00
demo_session_02232,quick_result_count,2020-03-20 21:05:00
demo_session_02232,quick_result_count,2020-03-20 21:04:00
demo_session_02232,quick_result_count,2020-03-20 21:03:00
demo_session_02233,quick_result_count,2020-02-21 20:47:00
demo_session_02233,quick_result_count,2020-02-21 20:46:00
demo_session_02233,quick_result_count,2020-02-21 20:45:00
demo_session_02235,quick_result_count,2020-01-07 14:53:00
demo_session_02238,quick_result_count,2020-02-26 11:37:00
demo_session_02238,quick_result_count,2020-02-26 11:36:00
demo_session_02238,quick_result_count,2020-02-26 11:35:00
demo_session_02239,quick_result_count,2020-03-15 02:06:00
demo_session_02239,quick_result_count,2020-03-15 02:05:00
demo_session_02242,quick_result_count,2020-02-03 06:59:00
demo_session_02242,quick_result_count,2020-02-03 06:58:00
demo_session_02244,quick_result_count,2020-04-11 09:18:00
demo_session_02245,quick_result_count,2020-04-17 03:06:00
demo_session_02247,quick_result_count,2020-01-25 18:58:00
demo_session_02249,quick_result_count,2020-03-25 01:25:00
demo_session_02250,quick_result_count,2020-01-08 10:04:00
demo_session_02250,quick_result_count,2020-01-08 10:03:00
demo_session_02251,quick_result_count,2020-04-04 14:28:00
demo_session_02253,quick_result_count,2020-04-10 19:50:00
demo_session_02253,quick_result_count,2020-04-10 19:49:00
demo_session_02254,quick_result_count,2020-01-05 21:49:00
demo_session_02254,quick_result_count,2020-01-05 21:48:00
demo_session_02255,quick_result_count,2020-04-10 17:49:00
demo_session_02257,quick_result_count,2020-04-05 07:13:00
demo_session_02257,quick_result_count,2020-04-05 07:12:00
demo_session_02258,quick_result_count,2020-04-28 02:16:00
demo_session_02259,quick_result_count,2020-02-24 22:26:00
demo_session_02259,quick_result_count,2020-02-24 22:25:00
demo_session_02259,quick_result_count,2020-02-24 22:24:00
demo_session_02260,quick_result_count,2020-03-18 00:01:00
demo_session_02260,quick_result_count,2020-03-18 00:00:00
demo_session_02260,quick_result_count,2020-03-17 23:59:00
demo_session_02263,quick_result_count,2020-04-12 22:11:00
demo_session_02263,quick_result_count,2020-04-12 22:10:00
demo_session_02264,quick_result_count,2020-03-25 14:29:00
demo_session_02266,quick_result_count,2020-01-26 18:21:00
demo_session_02267,quick_result_count,2020-03-21 12:02:00
demo_session_02269,quick_result_count,2020-01-20 03:26:00
demo_session_02271,quick_result_count,2020-03-08 18:17:00
demo_session_02272,quick_result_count,2020-04-04 15:41:00
demo_session_02272,quick_result_count,2020-04-04 15:40:00
demo_session_02272,quick_result_count,2020-04-04 15:39:00
demo_session_02273,quick_result_count,2020-01-17 22:11:00
demo_session_02273,quick_result_count,2020-01-17 22:10:00
demo_session_02273,quick_result_count,2020-01-17 22:09:00
demo_session_02274,quick_result_count,2020-01-13 13:04:00
demo_session_02275,quick_result_count,2020-03-20 05:37:00
demo_session_02278,quick_result_count,2020-03-15 16:00:00
demo_session_02279,quick_result_count,2020-01-28 08:10:00
demo_session_02279,quick_result_count,2020-01-28 08:09:00
demo_session_02279,quick_result_count,2020-01-28 08:08:00
demo_session_02280,quick_result_count,2020-02-10 23:41:00
demo_session_02280,quick_result_count,2020-02-10 23:40:00
demo_session_02282,quick_result_count,2020-02-12 07:47:00
demo_session_02282,quick_result_count,2020-02-12 07:46:00
demo_session_02283,quick_result_count,2020-03-25 04:03:00
demo_session_02284,quick_result_count,2020-01-19 04:58:00
demo_session_02284,quick_result_count,2020-01-19 04:57:00
demo_session_02284,quick_result_count,2020-01-19 04:56:00
demo_session_02285,quick_result_count,2020-04-18 23:07:00
demo_session_02286,quick_result_count,2020-03-26 22:30:00
demo_session_02286,quick_result_count,2020-03-26 22:29:00
demo_session_02288,quick_result_count,2020-03-08 19:45:00
demo_session_02288,quick_result_count,2020-03-08 19:44:00
demo_session_02289,quick_result_count,2020-01-21 03:23:00
demo_session_02289,quick_result_count,2020-01-21 03:22:00
demo_session_02290,quick_result_count,2020-01-19 07:50:00
demo_session_02292,quick_result_count,2020-01-30 21:46:00
demo_session_02293,quick_result_count,2020-03-09 05:56:00
demo_session_02293,quick_result_count,2020-03-09 05:55:00
demo_session_02293,quick_result_count,2020-03-09 05:54:00
demo_session_02295,quick_result_count,2020-02-08 07:13:00
demo_session_02295,quick_result_count,2020-02-08 07:12:00
demo_session_02295,quick_result_count,2020-02-08 07:11:00
demo_session_02296,quick_result_count,2020-03-21 11:48:00
demo_session_02297,quick_result_count,2020-03-19 05:03:00
demo_session_02298,quick_result_count,2020-01-03 13:55:00
demo_session_02300,quick_result_count,2020-03-11 10:32:00
demo_session_02300,quick_result_count,2020-03-11 10:31:00
demo_session_02300,quick_result_count,2020-03-11 10:30:00
demo_session_02301,quick_result_count,2020-01-31 22:57:00
demo_session_02302,quick_result_count,2020-01-14 12:49:00
demo_session_02302,quick_result_count,2020-01-14 12:48:00
demo_session_02302,quick_result_count,2020-01-14 12:47:00
demo_session_02303,quick_result_count,2020-02-28 06:43:00
demo_session_02304,quick_result_count,2020-03-24 11:46:00
demo_session_02305,quick_result_count,2020-01-03 11:47:00
demo_session_02305,quick_result_count,2020-01-03 11:46:00
demo_session_02305,quick_result_count,2020-01-03 11:45:00
demo_session_02306,quick_result_count,2020-02-04 18:42:00
demo_session_02309,quick_result_count,2020-04-06 04:43:00
demo_session_02309,quick_result_count,2020-04-06 04:42:00
demo_session_02309,quick_result_count,2020-04-06 04:41:00
demo_session_02310,quick_result_count,2020-01-29 14:18:00
demo_session_02312,quick_result_count,2020-04-01 14:19:00
demo_session_02312,quick_result_count,2020-04-01 14:18:00
demo_session_02313,quick_result_count,2020-04-29 00:56:00
demo_session_02313,quick_result_count,2020-04-29 00:55:00
demo_session_02313,quick_result_count,2020-04-29 00:54:00
demo_session_02313,quick_result_count,2020-04-29 00:53:00
demo_session_02314,quick_result_count,2020-03-13 09:56:00
demo_session_02314,quick_result_count,2020-03-13 09:55:00
demo_session_02315,quick_result_count,2020-01-27 10:12:00
demo_session_02317,quick_result_count,2020-03-30 06:37:00
demo_session_02317,quick_result_count,2020-03-30 06:36:00
demo_session_02318,quick_result_count,2020-03-10 09:57:00
demo_session_02318,quick_result_count,2020-03-10 09:56:00
demo_session_02318,quick_result_count,2020-03-10 09:55:00
demo_session_02320,quick_result_count,2020-04-28 11:10:00
demo_session_02320,quick_result_count,2020-04-28 11:09:00
demo_session_02320,quick_result_count,2020-04-28 11:08:00
demo_session_02321,quick_result_count,2020-04-09 16:50:00
demo_session_02321,quick_result_count,2020-04-09 16:49:00
demo_session_02321,quick_result_count,2020-04-09 16:48:00
demo_session_02322,quick_result_count,2020-03-01 04:38:00
demo_session_02322,quick_result_count,2020-03-01 04:37:00
demo_session_02323,quick_result_count,2020-03-23 05:03:00
demo_session_02325,quick_result_count,2020-01-23 20:53:00
demo_session_02325,quick_result_count,2020-01-23 20:52:00
demo_session_02325,quick_result_count,2020-01-23 20:51:00
demo_session_02326,quick_result_count,2020-02-07 01:38:00
demo_session_02327,quick_result_count,2020-01-11 23:01:00
demo_session_02327,quick_result_count,2020-01-11 23:00:00
demo_session_02328,quick_result_count,2020-02-14 05:03:00
demo_session_02329,quick_result_count,2020-01-22 15:24:00
demo_session_02329,quick_result_count,2020-01-22 15:23:00
demo_session_02329,quick_result_count,2020-01-22 15:22:00
demo_session_02330,quick_result_count,2020-04-17 14:59:00
demo_session_02330,quick_result_count,2020-04-17 14:58:00
demo_session_02333,quick_result_count,2020-02-18 05:43:00
demo_session_02334,quick_result_count,2020-01-01 21:52:00
demo_session_02334,quick_result_count,2020-01-01 21:51:00
demo_session_02334,quick_result_count,2020-01-01 21:50:00
demo_session_02335,quick_result_count,2020-03-06 12:56:00
demo_session_02337,quick_result_count,2020-01-04 01:03:00
demo_session_02337,quick_result_count,2020-01-04 01:02:00
demo_session_02338,quick_result_count,2020-01-19 13:43:00
demo_session_02338,quick_result_count,2020-01-19 13:42:00
demo_session_02338,quick_result_count,2020-01-19 13:41:00
demo_session_02338,quick_result_count,2020-01-19 13:40:00
demo_session_02338,quick_result_count,2020-01-19 13:39:00
demo_session_02338,quick_result_count,2020-01-19 13:38:00
demo_session_02339,quick_result_count,2020-02-28 23:17:00
demo_session_02339,quick_result_count,2020-02-28 23:16:00
demo_session_02341,quick_result_count,2020-02-19 02:40:00
demo_session_02343,quick_result_count,2020-03-05 03:31:00
demo_session_02344,quick_result_count,2020-04-17 05:36:00
demo_session_02344,quick_result_count,2020-04-17 05:35:00
demo_session_02344,quick_result_count,2020-04-17 05:34:00
demo_session_02344,quick_result_count,2020-04-17 05:33:00
demo_session_02345,quick_result_count,2020-02-15 00:46:00
demo_session_02346,quick_result_count,2020-02-06 00:55:00
demo_session_02346,quick_result_count,2020-02-06 00:54:00
demo_session_02346,quick_result_count,2020-02-06 00:53:00
demo_session_02346,quick_result_count,2020-02-06 00:52:00
demo_session_02347,quick_result_count,2020-01-10 01:15:00
demo_session_02347,quick_result_count,2020-01-10 01:14:00
demo_session_02349,quick_result_count,2020-01-06 06:35:00
demo_session_02350,quick_result_count,2020-01-21 20:12:00
demo_session_02350,quick_result_count,2020-01-21 20:11:00
demo_session_02351,quick_result_count,2020-04-23 23:23:00
demo_session_02355,quick_result_count,2020-03-18 04:57:00
demo_session_02355,quick_result_count,2020-03-18 04:56:00
demo_session_02355,quick_result_count,2020-03-18 04:55:00
demo_session_02356,quick_result_count,2020-03-08 11:12:00
demo_session_02356,quick_result_count,2020-03-08 11:11:00
demo_session_02356,quick_result_count,2020-03-08 11:10:00
demo_session_02357,quick_result_count,2020-04-19 20:23:00
demo_session_02357,quick_result_count,2020-04-19 20:22:00
demo_session_02358,quick_result_count,2020-04-05 11:04:00
demo_session_02359,quick_result_count,2020-03-07 02:27:00
demo_session_02359,quick_result_count,2020-03-07 02:26:00
demo_session_02360,quick_result_count,2020-04-03 19:02:00
demo_session_02360,quick_result_count,2020-04-03 19:01:00
demo_session_02361,quick_result_count,2020-03-14 20:46:00
demo_session_02361,quick_result_count,2020-03-14 20:45:00
demo_session_02362,quick_result_count,2020-04-29 08:54:00
demo_session_02365,quick_result_count,2020-01-22 02:47:00
demo_session_02366,quick_result_count,2020-01-21 04:36:00
demo_session_02367,quick_result_count,2020-02-07 09:08:00
demo_session_02368,quick_result_count,2020-04-08 19:36:00
demo_session_02369,quick_result_count,2020-04-16 02:52:00
demo_session_02369,quick_result_count,2020-04-16 02:51:00
demo_session_02370,quick_result_count,2020-02-18 03:15:00
demo_session_02371,quick_result_count,2020-02-23 06:18:00
demo_session_02371,quick_result_count,2020-02-23 06:17:00
demo_session_02372,quick_result_count,2020-02-28 16:53:00
demo_session_02373,quick_result_count,2020-01-25 11:56:00
demo_session_02373,quick_result_count,2020-01-25 11:55:00
demo_session_02376,quick_result_count,2020-03-31 03:02:00
demo_session_02377,quick_result_count,2020-01-11 11:25:00
demo_session_02377,quick_result_count,2020-01-11 11:24:00
demo_session_02378,quick_result_count,2020-02-12 10:21:00
demo_session_02379,quick_result_count,2020-03-17 17:49:00
demo_session_02379,quick_result_count,2020-03-17 17:48:00
demo_session_02381,quick_result_count,2020-03-25 00:20:00
demo_session_02381,quick_result_count,2020-03-25 00:19:00
demo_session_02381,quick_result_count,2020-03-25 00:18:00
demo_session_02384,quick_result_count,2020-02-26 08:56:00
demo_session_02384,quick_result_count,2020-02-26 08:55:00
demo_session_02385,quick_result_count,2020-01-21 00:36:00
demo_session_02386,quick_result_count,2020-03-27 01:00:00
demo_session_02387,quick_result_count,2020-02-23 19:03:00
demo_session_02387,quick_result_count,2020-02-23 19:02:00
demo_session_02387,quick_result_count,2020-02-23 19:01:00
demo_session_02388,quick_result_count,2020-02-11 20:16:00
demo_session_02390,quick_result_count,2020-04-22 12:54:00
demo_session_02390,quick_result_count,2020-04-22 12:53:00
demo_session_02391,quick_result_count,2020-04-16 09:39:00
demo_session_02392,quick_result_count,2020-01-17 04:36:00
demo_session_02393,quick_result_count,2020-04-07 20:09:00
demo_session_02394,quick_result_count,2020-03-09 01:11:00
demo_session_02396,quick_result_count,2020-02-16 12:55:00
demo_session_02396,quick_result_count,2020-02-16 12:54:00
demo_session_02398,quick_result_count,2020-01-31 23:30:00
demo_session_00002,consult_result_count,2020-04-06 21:18:00
demo_session_00004,consult_result_count,2020-03-30 17:57:00
demo_session_00005,consult_result_count,2020-04-10 14:37:00
demo_session_00007,consult_result_count,2020-04-10 07:41:00
demo_session_00010,consult_result_count,2020-03-08 02:40:00
demo_session_00011,consult_result_count,2020-02-23 10:47:00
demo_session_00012,consult_result_count,2020-04-22 05:21:00
demo_session_00013,consult_result_count,2020-01-05 15:33:00
demo_session_00014,consult_result_count,2020-04-12 17:37:00
demo_session_00014,consult_result_count,2020-04-12 17:36:00
demo_session_00015,consult_result_count,2020-03-16 22:21:00
demo_session_00018,consult_result_count,2020-01-08 11:16:00
demo_session_00019,consult_result_count,2020-04-21 15:24:00
demo_session_00020,consult_result_count,2020-03-18 09:15:00
demo_session_00021,consult_result_count,2020-03-15 04:33:00
demo_session_00023,consult_result_count,2020-02-18 01:45:00
demo_session_00029,consult_result_count,2020-01-11 23:18:00
demo_session_00029,consult_result_count,2020-01-11 23:17:00
demo_session_00031,consult_result_count,2020-01-11 11:38:00
demo_session_00032,consult_result_count,2020-02-28 09:20:00
demo_session_00036,consult_result_count,2020-04-24 20:45:00
demo_session_00037,consult_result_count,2020-01-27 17:31:00
demo_session_00037,consult_result_count,2020-01-27 17:30:00
demo_session_00038,consult_result_count,2020-01-27 14:25:00
demo_session_00040,consult_result_count,2020-02-14 14:15:00
demo_session_00044,consult_result_count,2020-02-18 20:39:00
demo_session_00045,consult_result_count,2020-03-19 10:41:00
demo_session_00045,consult_result_count,2020-03-19 10:40:00
demo_session_00046,consult_result_count,2020-03-10 05:59:00
demo_session_00054,consult_result_count,2020-03-20 17:40:00
demo_session_00055,consult_result_count,2020-01-08 06:36:00
demo_session_00055,consult_result_count,2020-01-08 06:35:00
demo_session_00056,consult_result_count,2020-02-18 06:51:00
demo_session_00057,consult_result_count,2020-02-03 01:50:00
demo_session_00057,consult_result_count,2020-02-03 01:49:00
demo_session_00057,consult_result_count,2020-02-03 01:48:00
demo_session_00058,consult_result_count,2020-03-07 18:41:00
demo_session_00061,consult_result_count,2020-03-10 22:43:00
demo_session_00066,consult_result_count,2020-04-15 11:38:00
demo_session_00066,consult_result_count,2020-04-15 11:37:00
demo_session_00068,consult_result_count,2020-01-27 15:59:00
demo_session_00072,consult_result_count,2020-02-15 08:02:00
demo_session_00074,consult_result_count,2020-01-20 01:22:00
demo_session_00074,consult_result_count,2020-01-20 01:21:00
demo_session_00077,consult_result_count,2020-04-08 04:54:00
demo_session_00077,consult_result_count,2020-04-08 04:53:00
demo_session_00077,consult_result_count,2020-04-08 04:52:00
demo_session_00077,consult_result_count,2020-04-08 04:51:00
demo_session_00080,consult_result_count,2020-04-14 10:52:00
demo_session_00081,consult_result_count,2020-01-19 02:35:00
demo_session_00081,consult_result_count,2020-01-19 02:34:00
demo_session_00081,consult_result_count,2020-01-19 02:33:00
demo_session_00081,consult_result_count,2020-01-19 02:32:00
demo_session_00083,consult_result_count,2020-02-02 18:50:00
demo_session_00085,consult_result_count,2020-01-23 22:44:00
demo_session_00085,consult_result_count,2020-01-23 22:43:00
demo_session_00088,consult_result_count,2020-03-13 00:42:00
demo_session_00091,consult_result_count,2020-02-11 19:24:00
demo_session_00091,consult_result_count,2020-02-11 19:23:00
demo_session_00092,consult_result_count,2020-03-31 21:49:00
demo_session_00096,consult_result_count,2020-01-06 12:07:00
demo_session_00100,consult_result_count,2020-03-25 15:14:00
demo_session_00102,consult_result_count,2020-02-23 15:23:00
demo_session_00103,consult_result_count,2020-01-11 07:27:00
demo_session_00104,consult_result_count,2020-01-10 14:09:00
demo_session_00106,consult_result_count,2020-03-12 23:36:00
demo_session_00106,consult_result_count,2020-03-12 23:35:00
demo_session_00107,consult_result_count,2020-02-18 09:55:00
demo_session_00108,consult_result_count,2020-03-20 21:42:00
demo_session_00108,consult_result_count,2020-03-20 21:41:00
demo_session_00109,consult_result_count,2020-03-28 05:47:00
demo_session_00109,consult_result_count,2020-03-28 05:46:00
demo_session_00109,consult_result_count,2020-03-28 05:45:00
demo_session_00110,consult_result_count,2020-01-14 15:38:00
demo_session_00112,consult_result_count,2020-03-19 16:04:00
demo_session_00113,consult_result_count,2020-02-07 03:09:00
demo_session_00115,consult_result_count,2020-01-11 12:59:00
demo_session_00119,consult_result_count,2020-03-21 12:25:00
demo_session_00120,consult_result_count,2020-01-31 07:12:00
demo_session_00120,consult_result_count,2020-01-31 07:11:00
demo_session_00120,consult_result_count,2020-01-31 07:10:00
demo_session_00121,consult_result_count,2020-02-29 23:24:00
demo_session_00122,consult_result_count,2020-03-08 01:08:00
demo_session_00123,consult_result_count,2020-01-09 23:50:00
demo_session_00125,consult_result_count,2020-01-09 10:08:00
demo_session_00126,consult_result_count,2020-03-23 21:41:00
demo_session_00126,consult_result_count,2020-03-23 21:40:00
demo_session_00129,consult_result_count,2020-03-29 09:14:00
demo_session_00129,consult_result_count,2020-03-29 09:13:00
demo_session_00130,consult_result_count,2020-04-07 08:35:00
demo_session_00131,consult_result_count,2020-01-14 03:21:00
demo_session_00132,consult_result_count,2020-01-15 00:41:00
demo_session_00137,consult_result_count,2020-01-09 04:25:00
demo_session_00139,consult_result_count,2020-02-10 01:30:00
demo_session_00141,consult_result_count,2020-03-28 15:45:00
demo_session_00148,consult_result_count,2020-03-10 09:06:00
demo_session_00151,consult_result_count,2020-02-15 19:01:00
demo_session_00152,consult_result_count,2020-04-22 05:44:00
demo_session_00153,consult_result_count,2020-02-16 19:14:00
demo_session_00157,consult_result_count,2020-02-24 15:12:00
demo_session_00158,consult_result_count,2020-04-20 11:30:00
demo_session_00159,consult_result_count,2020-01-13 07:05:00
demo_session_00160,consult_result_count,2020-01-06 02:36:00
demo_session_00160,consult_result_count,2020-01-06 02:35:00
demo_session_00161,consult_result_count,2020-02-04 19:40:00
demo_session_00164,consult_result_count,2020-03-24 12:04:00
demo_session_00166,consult_result_count,2020-03-25 05:07:00
demo_session_00167,consult_result_count,2020-02-20 17:41:00
demo_session_00169,consult_result_count,2020-03-21 15:07:00
demo_session_00170,consult_result_count,2020-04-20 11:21:00
demo_session_00171,consult_result_count,2020-01-11 12:16:00
demo_session_00172,consult_result_count,2020-03-21 01:56:00
demo_session_00179,consult_result_count,2020-04-02 19:30:00
demo_session_00183,consult_result_count,2020-01-21 23:44:00
demo_session_00183,consult_result_count,2020-01-21 23:43:00
demo_session_00184,consult_result_count,2020-04-14 06:16:00
demo_session_00185,consult_result_count,2020-02-14 00:18:00
demo_session_00189,consult_result_count,2020-04-20 09:03:00
demo_session_00192,consult_result_count,2020-01-28 19:32:00
demo_session_00192,consult_result_count,2020-01-28 19:31:00
demo_session_00192,consult_result_count,2020-01-28 19:30:00
demo_session_00192,consult_result_count,2020-01-28 19:29:00
demo_session_00197,consult_result_count,2020-02-29 18:32:00
demo_session_00199,consult_result_count,2020-02-29 11:30:00
demo_session_00202,consult_result_count,2020-04-11 19:37:00
demo_session_00205,consult_result_count,2020-01-16 09:42:00
demo_session_00207,consult_result_count,2020-01-17 22:05:00
demo_session_00207,consult_result_count,2020-01-17 22:04:00
demo_session_00210,consult_result_count,2020-04-09 13:15:00
demo_session_00211,consult_result_count,2020-03-10 16:39:00
demo_session_00211,consult_result_count,2020-03-10 16:38:00
demo_session_00213,consult_result_count,2020-04-15 08:10:00
demo_session_00213,consult_result_count,2020-04-15 08:09:00
demo_session_00215,consult_result_count,2020-01-27 19:14:00
demo_session_00216,consult_result_count,2020-04-26 04:15:00
demo_session_00219,consult_result_count,2020-01-28 03:27:00
demo_session_00219,consult_result_count,2020-01-28 03:26:00
demo_session_00222,consult_result_count,2020-03-10 22:52:00
demo_session_00225,consult_result_count,2020-01-26 18:07:00
demo_session_00230,consult_result_count,2020-03-07 08:29:00
demo_session_00231,consult_result_count,2020-01-13 14:28:00
demo_session_00236,consult_result_count,2020-02-08 01:41:00
demo_session_00237,consult_result_count,2020-04-19 08:55:00
demo_session_00241,consult_result_count,2020-03-31 03:20:00
demo_session_00243,consult_result_count,2020-02-04 12:34:00
demo_session_00248,consult_result_count,2020-04-17 01:52:00
demo_session_00250,consult_result_count,2020-02-02 03:05:00
demo_session_00251,consult_result_count,2020-03-21 11:48:00
demo_session_00256,consult_result_count,2020-01-09 03:54:00
demo_session_00257,consult_result_count,2020-02-25 23:04:00
demo_session_00258,consult_result_count,2020-03-25 07:43:00
demo_session_00259,consult_result_count,2020-03-04 17:46:00
demo_session_00259,consult_result_count,2020-03-04 17:45:00
demo_session_00261,consult_result_count,2020-04-09 06:31:00
demo_session_00263,consult_result_count,2020-02-16 10:26:00
demo_session_00265,consult_result_count,2020-04-21 05:17:00
demo_session_00272,consult_result_count,2020-03-05 00:16:00
demo_session_00281,consult_result_count,2020-01-02 05:03:00
demo_session_00286,consult_result_count,2020-01-15 09:57:00
demo_session_00290,consult_result_count,2020-04-20 14:44:00
demo_session_00298,consult_result_count,2020-04-15 15:09:00
demo_session_00300,consult_result_count,2020-02-21 05:19:00
demo_session_00301,consult_result_count,2020-02-27 10:27:00
demo_session_00301,consult_result_count,2020-02-27 10:26:00
demo_session_00303,consult_result_count,2020-02-28 08:24:00
demo_session_00307,consult_result_count,2020-03-11 07:58:00
demo_session_00307,consult_result_count,2020-03-11 07:57:00
demo_session_00308,consult_result_count,2020-04-19 15:29:00
demo_session_00310,consult_result_count,2020-03-26 08:26:00
demo_session_00310,consult_result_count,2020-03-26 08:25:00
demo_session_00310,consult_result_count,2020-03-26 08:24:00
demo_session_00310,consult_result_count,2020-03-26 08:23:00
demo_session_00312,consult_result_count,2020-01-06 19:06:00
demo_session_00315,consult_result_count,2020-04-05 00:06:00
demo_session_00321,consult_result_count,2020-02-27 02:52:00
demo_session_00325,consult_result_count,2020-04-08 02:36:00
demo_session_00327,consult_result_count,2020-03-31 05:34:00
demo_session_00328,consult_result_count,2020-01-21 00:37:00
demo_session_00328,consult_result_count,2020-01-21 00:36:00
demo_session_00329,consult_result_count,2020-02-09 13:10:00
demo_session_00337,consult_result_count,2020-04-29 16:55:00
demo_session_00340,consult_result_count,2020-01-10 15:51:00
demo_session_00341,consult_result_count,2020-03-28 16:47:00
demo_session_00343,consult_result_count,2020-01-12 06:20:00
demo_session_00350,consult_result_count,2020-02-04 03:11:00
demo_session_00352,consult_result_count,2020-04-12 03:33:00
demo_session_00353,consult_result_count,2020-04-22 03:00:00
demo_session_00354,consult_result_count,2020-04-12 12:41:00
demo_session_00354,consult_result_count,2020-04-12 12:40:00
demo_session_00355,consult_result_count,2020-02-28 01:33:00
demo_session_00356,consult_result_count,2020-03-27 10:07:00
demo_session_00359,consult_result_count,2020-03-13 02:51:00
demo_session_00361,consult_result_count,2020-03-24 01:02:00
demo_session_00362,consult_result_count,2020-04-16 17:37:00
demo_session_00363,consult_result_count,2020-04-03 13:48:00
demo_session_00369,consult_result_count,2020-01-10 19:58:00
demo_session_00373,consult_result_count,2020-04-28 00:11:00
demo_session_00374,consult_result_count,2020-01-27 17:07:00
demo_session_00374,consult_result_count,2020-01-27 17:06:00
demo_session_00375,consult_result_count,2020-04-03 08:38:00
demo_session_00376,consult_result_count,2020-01-27 09:03:00
demo_session_00376,consult_result_count,2020-01-27 09:02:00
demo_session_00379,consult_result_count,2020-03-31 16:23:00
demo_session_00380,consult_result_count,2020-01-11 05:37:00
demo_session_00385,consult_result_count,2020-01-08 14:53:00
demo_session_00386,consult_result_count,2020-04-28 05:11:00
demo_session_00386,consult_result_count,2020-04-28 05:10:00
demo_session_00388,consult_result_count,2020-02-28 11:24:00
demo_session_00388,consult_result_count,2020-02-28 11:23:00
demo_session_00390,consult_result_count,2020-01-31 06:51:00
demo_session_00392,consult_result_count,2020-01-17 07:47:00
demo_session_00392,consult_result_count,2020-01-17 07:46:00
demo_session_00394,consult_result_count,2020-03-08 22:58:00
demo_session_00396,consult_result_count,2020-01-20 04:49:00
demo_session_00396,consult_result_count,2020-01-20 04:48:00
demo_session_00400,consult_result_count,2020-04-28 16:23:00
demo_session_00400,consult_result_count,2020-04-28 16:22:00
demo_session_00406,consult_result_count,2020-01-14 18:45:00
demo_session_00407,consult_result_count,2020-03-04 13:03:00
demo_session_00408,consult_result_count,2020-01-21 14:24:00
demo_session_00408,consult_result_count,2020-01-21 14:23:00
demo_session_00410,consult_result_count,2020-03-19 19:31:00
demo_session_00413,consult_result_count,2020-03-26 06:51:00
demo_session_00416,consult_result_count,2020-02-19 23:41:00
demo_session_00417,consult_result_count,2020-02-28 22:34:00
demo_session_00417,consult_result_count,2020-02-28 22:33:00
demo_session_00419,consult_result_count,2020-02-21 06:12:00
demo_session_00419,consult_result_count,2020-02-21 06:11:00
demo_session_00426,consult_result_count,2020-02-17 10:16:00
demo_session_00426,consult_result_count,2020-02-17 10:15:00
demo_session_00426,consult_result_count,2020-02-17 10:14:00
demo_session_00427,consult_result_count,2020-02-08 09:06:00
demo_session_00428,consult_result_count,2020-04-26 12:06:00
demo_session_00430,consult_result_count,2020-03-16 22:47:00
demo_session_00430,consult_result_count,2020-03-16 22:46:00
demo_session_00431,consult_result_count,2020-01-26 04:25:00
demo_session_00435,consult_result_count,2020-02-09 19:01:00
demo_session_00437,consult_result_count,2020-02-20 13:58:00
demo_session_00442,consult_result_count,2020-04-11 07:21:00
demo_session_00446,consult_result_count,2020-03-20 19:10:00
demo_session_00448,consult_result_count,2020-01-29 01:55:00
demo_session_00448,consult_result_count,2020-01-29 01:54:00
demo_session_00451,consult_result_count,2020-02-14 02:09:00
demo_session_00456,consult_result_count,2020-02-24 11:31:00
demo_session_00457,consult_result_count,2020-04-14 18:15:00
demo_session_00457,consult_result_count,2020-04-14 18:14:00
demo_session_00458,consult_result_count,2020-02-13 10:13:00
demo_session_00459,consult_result_count,2020-01-15 12:32:00
demo_session_00462,consult_result_count,2020-04-26 19:46:00
demo_session_00466,consult_result_count,2020-04-21 21:20:00
demo_session_00466,consult_result_count,2020-04-21 21:19:00
demo_session_00469,consult_result_count,2020-01-04 11:35:00
demo_session_00470,consult_result_count,2020-01-10 13:15:00
demo_session_00473,consult_result_count,2020-03-28 01:23:00
demo_session_00474,consult_result_count,2020-03-27 13:53:00
demo_session_00476,consult_result_count,2020-03-02 00:51:00
demo_session_00478,consult_result_count,2020-01-29 05:19:00
demo_session_00478,consult_result_count,2020-01-29 05:18:00
demo_session_00479,consult_result_count,2020-02-06 21:04:00
demo_session_00485,consult_result_count,2020-01-20 09:15:00
demo_session_00486,consult_result_count,2020-01-05 08:46:00
demo_session_00487,consult_result_count,2020-01-28 03:14:00
demo_session_00488,consult_result_count,2020-01-15 05:07:00
demo_session_00488,consult_result_count,2020-01-15 05:06:00
demo_session_00491,consult_result_count,2020-04-14 08:38:00
demo_session_00493,consult_result_count,2020-02-04 13:08:00
demo_session_00495,consult_result_count,2020-02-21 01:57:00
demo_session_00495,consult_result_count,2020-02-21 01:56:00
demo_session_00495,consult_result_count,2020-02-21 01:55:00
demo_session_00500,consult_result_count,2020-04-15 05:57:00
demo_session_00500,consult_result_count,2020-04-15 05:56:00
demo_session_00504,consult_result_count,2020-03-06 16:04:00
demo_session_00505,consult_result_count,2020-01-01 06:15:00
demo_session_00507,consult_result_count,2020-01-19 22:34:00
demo_session_00509,consult_result_count,2020-01-31 10:21:00
demo_session_00515,consult_result_count,2020-03-02 17:28:00
demo_session_00515,consult_result_count,2020-03-02 17:27:00
demo_session_00520,consult_result_count,2020-02-08 20:51:00
demo_session_00522,consult_result_count,2020-04-04 01:34:00
demo_session_00525,consult_result_count,2020-04-11 03:59:00
demo_session_00526,consult_result_count,2020-01-05 17:26:00
demo_session_00532,consult_result_count,2020-04-10 21:17:00
demo_session_00533,consult_result_count,2020-04-22 07:05:00
demo_session_00533,consult_result_count,2020-04-22 07:04:00
demo_session_00533,consult_result_count,2020-04-22 07:03:00
demo_session_00535,consult_result_count,2020-02-17 04:19:00
demo_session_00537,consult_result_count,2020-01-08 03:40:00
demo_session_00539,consult_result_count,2020-04-28 13:19:00
demo_session_00544,consult_result_count,2020-04-27 02:05:00
demo_session_00545,consult_result_count,2020-02-02 22:49:00
demo_session_00546,consult_result_count,2020-03-17 15:19:00
demo_session_00546,consult_result_count,2020-03-17 15:18:00
demo_session_00549,consult_result_count,2020-03-07 21:31:00
demo_session_00550,consult_result_count,2020-04-25 05:48:00
demo_session_00550,consult_result_count,2020-04-25 05:47:00
demo_session_00551,consult_result_count,2020-02-26 10:16:00
demo_session_00552,consult_result_count,2020-04-07 22:02:00
demo_session_00553,consult_result_count,2020-03-29 22:38:00
demo_session_00556,consult_result_count,2020-02-28 20:57:00
demo_session_00560,consult_result_count,2020-02-19 13:54:00
demo_session_00560,consult_result_count,2020-02-19 13:53:00
demo_session_00560,consult_result_count,2020-02-19 13:52:00
demo_session_00560,consult_result_count,2020-02-19 13:51:00
demo_session_00562,consult_result_count,2020-03-20 02:23:00
demo_session_00564,consult_result_count,2020-04-07 22:39:00
demo_session_00567,consult_result_count,2020-02-08 12:25:00
demo_session_00567,consult_result_count,2020-02-08 12:24:00
demo_session_00568,consult_result_count,2020-02-09 18:36:00
demo_session_00568,consult_result_count,2020-02-09 18:35:00
demo_session_00569,consult_result_count,2020-02-04 11:48:00
demo_session_00576,consult_result_count,2020-04-01 13:00:00
demo_session_00580,consult_result_count,2020-03-24 15:04:00
demo_session_00580,consult_result_count,2020-03-24 15:03:00
demo_session_00581,consult_result_count,2020-01-24 02:19:00
demo_session_00582,consult_result_count,2020-03-20 04:47:00
demo_session_00584,consult_result_count,2020-04-05 16:05:00
demo_session_00588,consult_result_count,2020-02-14 20:32:00
demo_session_00590,consult_result_count,2020-04-21 22:49:00
demo_session_00591,consult_result_count,2020-04-18 14:35:00
demo_session_00592,consult_result_count,2020-01-12 00:34:00
demo_session_00592,consult_result_count,2020-01-12 00:33:00
demo_session_00592,consult_result_count,2020-01-12 00:32:00
demo_session_00594,consult_result_count,2020-03-21 00:37:00
demo_session_00596,consult_result_count,2020-01-25 07:29:00
demo_session_00598,consult_result_count,2020-03-19 15:30:00
demo_session_00601,consult_result_count,2020-04-14 11:24:00
demo_session_00601,consult_result_count,2020-04-14 11:23:00
demo_session_00602,consult_result_count,2020-01-04 13:44:00
demo_session_00603,consult_result_count,2020-01-28 01:19:00
demo_session_00604,consult_result_count,2020-03-04 20:31:00
demo_session_00606,consult_result_count,2020-01-24 18:00:00
demo_session_00610,consult_result_count,2020-03-14 00:19:00
demo_session_00611,consult_result_count,2020-03-14 02:51:00
demo_session_00617,consult_result_count,2020-01-21 04:42:00
demo_session_00622,consult_result_count,2020-03-04 21:09:00
demo_session_00624,consult_result_count,2020-01-19 20:44:00
demo_session_00625,consult_result_count,2020-03-24 06:04:00
demo_session_00626,consult_result_count,2020-04-10 03:03:00
demo_session_00627,consult_result_count,2020-01-25 22:05:00
demo_session_00628,consult_result_count,2020-03-26 03:28:00
demo_session_00629,consult_result_count,2020-01-09 09:47:00
demo_session_00630,consult_result_count,2020-01-20 14:46:00
demo_session_00635,consult_result_count,2020-04-02 02:08:00
demo_session_00636,consult_result_count,2020-04-05 19:06:00
demo_session_00637,consult_result_count,2020-03-21 13:51:00
demo_session_00638,consult_result_count,2020-01-04 15:13:00
demo_session_00640,consult_result_count,2020-02-01 07:29:00
demo_session_00640,consult_result_count,2020-02-01 07:28:00
demo_session_00641,consult_result_count,2020-03-01 12:15:00
demo_session_00641,consult_result_count,2020-03-01 12:14:00
demo_session_00642,consult_result_count,2020-03-28 19:23:00
demo_session_00646,consult_result_count,2020-01-19 17:59:00
demo_session_00647,consult_result_count,2020-01-26 20:37:00
demo_session_00648,consult_result_count,2020-04-01 12:56:00
demo_session_00655,consult_result_count,2020-01-04 20:48:00
demo_session_00657,consult_result_count,2020-03-27 13:15:00
demo_session_00658,consult_result_count,2020-04-20 03:23:00
demo_session_00658,consult_result_count,2020-04-20 03:22:00
demo_session_00659,consult_result_count,2020-03-18 07:42:00
demo_session_00659,consult_result_count,2020-03-18 07:41:00
demo_session_00663,consult_result_count,2020-03-26 04:51:00
demo_session_00669,consult_result_count,2020-03-15 16:03:00
demo_session_00673,consult_result_count,2020-03-30 16:30:00
demo_session_00674,consult_result_count,2020-03-20 11:25:00
demo_session_00674,consult_result_count,2020-03-20 11:24:00
demo_session_00674,consult_result_count,2020-03-20 11:23:00
demo_session_00674,consult_result_count,2020-03-20 11:22:00
demo_session_00675,consult_result_count,2020-02-16 06:24:00
demo_session_00676,consult_result_count,2020-04-25 15:01:00
demo_session_00679,consult_result_count,2020-02-28 08:50:00
demo_session_00683,consult_result_count,2020-01-19 03:39:00
demo_session_00685,consult_result_count,2020-02-26 12:42:00
demo_session_00686,consult_result_count,2020-01-11 10:09:00
demo_session_00687,consult_result_count,2020-01-25 04:06:00
demo_session_00689,consult_result_count,2020-02-26 10:26:00
demo_session_00690,consult_result_count,2020-02-19 23:01:00
demo_session_00693,consult_result_count,2020-04-03 20:42:00
demo_session_00699,consult_result_count,2020-04-17 05:23:00
demo_session_00704,consult_result_count,2020-03-14 20:50:00
demo_session_00705,consult_result_count,2020-04-02 10:37:00
demo_session_00706,consult_result_count,2020-03-18 10:28:00
demo_session_00707,consult_result_count,2020-04-08 23:32:00
demo_session_00707,consult_result_count,2020-04-08 23:31:00
demo_session_00708,consult_result_count,2020-04-26 01:58:00
demo_session_00708,consult_result_count,2020-04-26 01:57:00
demo_session_00708,consult_result_count,2020-04-26 01:56:00
demo_session_00709,consult_result_count,2020-03-31 05:18:00
demo_session_00710,consult_result_count,2020-02-08 03:34:00
demo_session_00711,consult_result_count,2020-04-18 06:56:00
demo_session_00715,consult_result_count,2020-04-24 10:00:00
demo_session_00716,consult_result_count,2020-03-05 20:41:00
demo_session_00716,consult_result_count,2020-03-05 20:40:00
demo_session_00718,consult_result_count,2020-03-13 20:25:00
demo_session_00719,consult_result_count,2020-01-09 10:07:00
demo_session_00720,consult_result_count,2020-04-09 02:03:00
demo_session_00721,consult_result_count,2020-01-22 20:28:00
demo_session_00726,consult_result_count,2020-03-10 17:16:00
demo_session_00730,consult_result_count,2020-02-28 20:25:00
demo_session_00732,consult_result_count,2020-01-19 19:21:00
demo_session_00732,consult_result_count,2020-01-19 19:20:00
demo_session_00733,consult_result_count,2020-01-20 20:46:00
demo_session_00734,consult_result_count,2020-04-25 02:03:00
demo_session_00737,consult_result_count,2020-03-20 13:50:00
demo_session_00740,consult_result_count,2020-02-18 00:37:00
demo_session_00743,consult_result_count,2020-01-31 00:13:00
demo_session_00744,consult_result_count,2020-04-04 20:06:00
demo_session_00750,consult_result_count,2020-02-03 04:15:00
demo_session_00758,consult_result_count,2020-03-17 07:04:00
demo_session_00758,consult_result_count,2020-03-17 07:03:00
demo_session_00760,consult_result_count,2020-01-01 20:03:00
demo_session_00762,consult_result_count,2020-01-01 06:30:00
demo_session_00764,consult_result_count,2020-03-31 07:16:00
demo_session_00768,consult_result_count,2020-01-16 12:52:00
demo_session_00771,consult_result_count,2020-01-25 03:09:00
demo_session_00771,consult_result_count,2020-01-25 03:08:00
demo_session_00772,consult_result_count,2020-04-06 15:09:00
demo_session_00773,consult_result_count,2020-01-08 08:47:00
demo_session_00776,consult_result_count,2020-03-05 20:12:00
demo_session_00776,consult_result_count,2020-03-05 20:11:00
demo_session_00782,consult_result_count,2020-03-11 23:14:00
demo_session_00783,consult_result_count,2020-04-21 00:52:00
demo_session_00787,consult_result_count,2020-01-03 13:27:00
demo_session_00790,consult_result_count,2020-01-02 23:26:00
demo_session_00792,consult_result_count,2020-02-27 09:56:00
demo_session_00794,consult_result_count,2020-04-14 17:39:00
demo_session_00794,consult_result_count,2020-04-14 17:38:00
demo_session_00796,consult_result_count,2020-02-22 01:32:00
demo_session_00799,consult_result_count,2020-04-08 03:05:00
demo_session_00803,consult_result_count,2020-03-19 09:48:00
demo_session_00805,consult_result_count,2020-02-29 06:33:00
demo_session_00808,consult_result_count,2020-02-09 13:41:00
demo_session_00809,consult_result_count,2020-04-18 04:19:00
demo_session_00812,consult_result_count,2020-02-04 10:33:00
demo_session_00813,consult_result_count,2020-04-10 20:33:00
demo_session_00818,consult_result_count,2020-02-14 04:25:00
demo_session_00819,consult_result_count,2020-03-26 08:35:00
demo_session_00821,consult_result_count,2020-01-04 02:52:00
demo_session_00821,consult_result_count,2020-01-04 02:51:00
demo_session_00822,consult_result_count,2020-04-18 16:06:00
demo_session_00822,consult_result_count,2020-04-18 16:05:00
demo_session_00823,consult_result_count,2020-01-29 08:26:00
demo_session_00825,consult_result_count,2020-02-04 05:56:00
demo_session_00833,consult_result_count,2020-02-26 23:00:00
demo_session_00837,consult_result_count,2020-03-20 21:59:00
demo_session_00838,consult_result_count,2020-04-29 07:38:00
demo_session_00844,consult_result_count,2020-01-31 10:16:00
demo_session_00845,consult_result_count,2020-02-06 18:24:00
demo_session_00847,consult_result_count,2020-03-03 09:20:00
demo_session_00850,consult_result_count,2020-02-12 09:52:00
demo_session_00851,consult_result_count,2020-03-23 23:30:00
demo_session_00851,consult_result_count,2020-03-23 23:29:00
demo_session_00851,consult_result_count,2020-03-23 23:28:00
demo_session_00852,consult_result_count,2020-03-04 06:56:00
demo_session_00853,consult_result_count,2020-02-12 04:26:00
demo_session_00856,consult_result_count,2020-03-04 02:37:00
demo_session_00856,consult_result_count,2020-03-04 02:36:00
demo_session_00858,consult_result_count,2020-04-01 15:32:00
demo_session_00858,consult_result_count,2020-04-01 15:31:00
demo_session_00860,consult_result_count,2020-03-26 11:21:00
demo_session_00865,consult_result_count,2020-02-17 08:34:00
demo_session_00868,consult_result_count,2020-03-06 07:06:00
demo_session_00868,consult_result_count,2020-03-06 07:05:00
demo_session_00869,consult_result_count,2020-03-24 18:19:00
demo_session_00870,consult_result_count,2020-02-15 07:10:00
demo_session_00870,consult_result_count,2020-02-15 07:09:00
demo_session_00871,consult_result_count,2020-03-07 20:30:00
demo_session_00872,consult_result_count,2020-03-28 05:04:00
demo_session_00873,consult_result_count,2020-02-16 07:21:00
demo_session_00876,consult_result_count,2020-04-04 09:02:00
demo_session_00877,consult_result_count,2020-03-25 12:38:00
demo_session_00878,consult_result_count,2020-04-07 17:09:00
demo_session_00880,consult_result_count,2020-03-05 15:38:00
demo_session_00882,consult_result_count,2020-02-25 23:44:00
demo_session_00885,consult_result_count,2020-03-29 17:25:00
demo_session_00885,consult_result_count,2020-03-29 17:24:00
demo_session_00886,consult_result_count,2020-01-25 19:15:00
demo_session_00891,consult_result_count,2020-02-09 20:12:00
demo_session_00899,consult_result_count,2020-02-02 10:11:00
demo_session_00899,consult_result_count,2020-02-02 10:10:00
demo_session_00900,consult_result_count,2020-01-22 04:49:00
demo_session_00902,consult_result_count,2020-03-03 17:11:00
demo_session_00906,consult_result_count,2020-01-30 18:49:00
demo_session_00907,consult_result_count,2020-04-04 01:30:00
demo_session_00907,consult_result_count,2020-04-04 01:29:00
demo_session_00911,consult_result_count,2020-01-22 15:36:00
demo_session_00911,consult_result_count,2020-01-22 15:35:00
demo_session_00913,consult_result_count,2020-01-08 13:57:00
demo_session_00918,consult_result_count,2020-01-27 12:04:00
demo_session_00920,consult_result_count,2020-04-23 18:21:00
demo_session_00922,consult_result_count,2020-04-03 15:48:00
demo_session_00922,consult_result_count,2020-04-03 15:47:00
demo_session_00924,consult_result_count,2020-02-05 12:05:00
demo_session_00924,consult_result_count,2020-02-05 12:04:00
demo_session_00927,consult_result_count,2020-03-04 01:52:00
demo_session_00927,consult_result_count,2020-03-04 01:51:00
demo_session_00929,consult_result_count,2020-01-04 07:23:00
demo_session_00933,consult_result_count,2020-03-11 21:14:00
demo_session_00935,consult_result_count,2020-01-13 01:40:00
demo_session_00935,consult_result_count,2020-01-13 01:39:00
demo_session_00937,consult_result_count,2020-04-27 17:56:00
demo_session_00941,consult_result_count,2020-02-02 02:14:00
demo_session_00946,consult_result_count,2020-03-23 13:24:00
demo_session_00949,consult_result_count,2020-04-28 09:50:00
demo_session_00950,consult_result_count,2020-01-02 00:55:00
demo_session_00950,consult_result_count,2020-01-02 00:54:00
demo_session_00951,consult_result_count,2020-01-23 15:57:00
demo_session_00952,consult_result_count,2020-03-28 12:43:00
demo_session_00952,consult_result_count,2020-03-28 12:42:00
demo_session_00953,consult_result_count,2020-03-09 04:50:00
demo_session_00955,consult_result_count,2020-01-14 21:43:00
demo_session_00955,consult_result_count,2020-01-14 21:42:00
demo_session_00956,consult_result_count,2020-02-14 00:38:00
demo_session_00958,consult_result_count,2020-03-07 10:21:00
demo_session_00959,consult_result_count,2020-02-28 13:03:00
demo_session_00959,consult_result_count,2020-02-28 13:02:00
demo_session_00964,consult_result_count,2020-03-23 17:13:00
demo_session_00965,consult_result_count,2020-02-05 05:38:00
demo_session_00967,consult_result_count,2020-01-03 00:09:00
demo_session_00969,consult_result_count,2020-04-22 20:42:00
demo_session_00972,consult_result_count,2020-04-04 14:01:00
demo_session_00973,consult_result_count,2020-03-09 22:45:00
demo_session_00975,consult_result_count,2020-01-02 20:41:00
demo_session_00981,consult_result_count,2020-01-14 11:26:00
demo_session_00985,consult_result_count,2020-02-17 15:29:00
demo_session_00991,consult_result_count,2020-02-21 17:27:00
demo_session_00993,consult_result_count,2020-02-21 09:20:00
demo_session_00994,consult_result_count,2020-02-21 03:09:00
demo_session_00994,consult_result_count,2020-02-21 03:08:00
demo_session_00997,consult_result_count,2020-01-12 12:21:00
demo_session_00998,consult_result_count,2020-04-10 20:29:00
demo_session_01000,consult_result_count,2020-03-01 23:10:00
demo_session_01002,consult_result_count,2020-04-06 11:45:00
demo_session_01003,consult_result_count,2020-02-17 20:01:00
demo_session_01003,consult_result_count,2020-02-17 20:00:00
demo_session_01006,consult_result_count,2020-02-09 20:10:00
demo_session_01006,consult_result_count,2020-02-09 20:09:00
demo_session_01007,consult_result_count,2020-02-17 08:18:00
demo_session_01010,consult_result_count,2020-02-25 02:14:00
demo_session_01016,consult_result_count,2020-03-18 06:42:00
demo_session_01016,consult_result_count,2020-03-18 06:41:00
demo_session_01017,consult_result_count,2020-02-17 01:51:00
demo_session_01018,consult_result_count,2020-02-24 19:59:00
demo_session_01022,consult_result_count,2020-02-13 06:35:00
demo_session_01023,consult_result_count,2020-01-07 11:09:00
demo_session_01025,consult_result_count,2020-04-08 22:37:00
demo_session_01031,consult_result_count,2020-04-14 22:30:00
demo_session_01032,consult_result_count,2020-01-22 13:38:00
demo_session_01034,consult_result_count,2020-01-19 13:08:00
demo_session_01034,consult_result_count,2020-01-19 13:07:00
demo_session_01036,consult_result_count,2020-03-21 23:28:00
demo_session_01037,consult_result_count,2020-01-01 22:54:00
demo_session_01038,consult_result_count,2020-04-23 09:02:00
demo_session_01038,consult_result_count,2020-04-23 09:01:00
demo_session_01039,consult_result_count,2020-02-01 06:56:00
demo_session_01039,consult_result_count,2020-02-01 06:55:00
demo_session_01040,consult_result_count,2020-02-25 14:55:00
demo_session_01047,consult_result_count,2020-03-10 06:59:00
demo_session_01047,consult_result_count,2020-03-10 06:58:00
demo_session_01047,consult_result_count,2020-03-10 06:57:00
demo_session_01049,consult_result_count,2020-04-21 19:51:00
demo_session_01050,consult_result_count,2020-04-13 16:58:00
demo_session_01050,consult_result_count,2020-04-13 16:57:00
demo_session_01055,consult_result_count,2020-03-07 16:52:00
demo_session_01060,consult_result_count,2020-04-11 03:11:00
demo_session_01061,consult_result_count,2020-04-20 09:53:00
demo_session_01063,consult_result_count,2020-03-28 09:35:00
demo_session_01063,consult_result_count,2020-03-28 09:34:00
demo_session_01065,consult_result_count,2020-03-23 18:59:00
demo_session_01067,consult_result_count,2020-01-07 11:47:00
demo_session_01068,consult_result_count,2020-01-24 23:22:00
demo_session_01071,consult_result_count,2020-03-12 20:25:00
demo_session_01071,consult_result_count,2020-03-12 20:24:00
demo_session_01075,consult_result_count,2020-03-11 00:04:00
demo_session_01078,consult_result_count,2020-04-29 09:49:00
demo_session_01079,consult_result_count,2020-02-28 11:51:00
demo_session_01080,consult_result_count,2020-04-17 03:48:00
demo_session_01081,consult_result_count,2020-04-26 01:51:00
demo_session_01083,consult_result_count,2020-02-09 11:48:00
demo_session_01084,consult_result_count,2020-02-14 19:14:00
demo_session_01086,consult_result_count,2020-04-21 10:44:00
demo_session_01090,consult_result_count,2020-04-12 20:19:00
demo_session_01091,consult_result_count,2020-02-19 17:13:00
demo_session_01095,consult_result_count,2020-04-05 23:23:00
demo_session_01097,consult_result_count,2020-01-15 15:46:00
demo_session_01099,consult_result_count,2020-04-19 06:40:00
demo_session_01100,consult_result_count,2020-01-16 15:12:00
demo_session_01100,consult_result_count,2020-01-16 15:11:00
demo_session_01103,consult_result_count,2020-02-11 21:11:00
demo_session_01104,consult_result_count,2020-01-05 13:15:00
demo_session_01110,consult_result_count,2020-02-17 15:10:00
demo_session_01111,consult_result_count,2020-01-13 10:17:00
demo_session_01112,consult_result_count,2020-03-17 10:32:00
demo_session_01113,consult_result_count,2020-01-13 07:59:00
demo_session_01119,consult_result_count,2020-04-08 11:25:00
demo_session_01121,consult_result_count,2020-03-08 12:53:00
demo_session_01127,consult_result_count,2020-02-01 10:27:00
demo_session_01127,consult_result_count,2020-02-01 10:26:00
demo_session_01132,consult_result_count,2020-03-30 05:40:00
demo_session_01133,consult_result_count,2020-04-22 08:30:00
demo_session_01136,consult_result_count,2020-01-18 21:07:00
demo_session_01139,consult_result_count,2020-03-01 11:05:00
demo_session_01139,consult_result_count,2020-03-01 11:04:00
demo_session_01143,consult_result_count,2020-01-31 02:44:00
demo_session_01144,consult_result_count,2020-03-02 20:40:00
demo_session_01144,consult_result_count,2020-03-02 20:39:00
demo_session_01146,consult_result_count,2020-03-14 18:29:00
demo_session_01148,consult_result_count,2020-02-28 04:09:00
demo_session_01152,consult_result_count,2020-03-28 09:37:00
demo_session_01153,consult_result_count,2020-04-11 21:44:00
demo_session_01157,consult_result_count,2020-04-14 18:20:00
demo_session_01158,consult_result_count,2020-03-03 08:55:00
demo_session_01158,consult_result_count,2020-03-03 08:54:00
demo_session_01159,consult_result_count,2020-03-07 10:40:00
demo_session_01160,consult_result_count,2020-02-19 00:43:00
demo_session_01161,consult_result_count,2020-04-22 05:24:00
demo_session_01162,consult_result_count,2020-03-25 18:14:00
demo_session_01162,consult_result_count,2020-03-25 18:13:00
demo_session_01162,consult_result_count,2020-03-25 18:12:00
demo_session_01164,consult_result_count,2020-04-05 11:25:00
demo_session_01165,consult_result_count,2020-02-25 12:06:00
demo_session_01166,consult_result_count,2020-04-15 03:50:00
demo_session_01166,consult_result_count,2020-04-15 03:49:00
demo_session_01168,consult_result_count,2020-04-07 04:44:00
demo_session_01169,consult_result_count,2020-01-31 11:49:00
demo_session_01172,consult_result_count,2020-03-04 06:51:00
demo_session_01172,consult_result_count,2020-03-04 06:50:00
demo_session_01173,consult_result_count,2020-02-23 20:57:00
demo_session_01174,consult_result_count,2020-01-01 03:48:00
demo_session_01178,consult_result_count,2020-04-07 08:16:00
demo_session_01179,consult_result_count,2020-01-10 04:53:00
demo_session_01179,consult_result_count,2020-01-10 04:52:00
demo_session_01181,consult_result_count,2020-02-12 03:15:00
demo_session_01182,consult_result_count,2020-03-27 10:05:00
demo_session_01189,consult_result_count,2020-02-13 03:58:00
demo_session_01194,consult_result_count,2020-03-04 05:41:00
demo_session_01195,consult_result_count,2020-01-26 01:23:00
demo_session_01198,consult_result_count,2020-03-07 11:53:00
demo_session_01198,consult_result_count,2020-03-07 11:52:00
demo_session_01199,consult_result_count,2020-02-04 08:41:00
demo_session_01201,consult_result_count,2020-03-17 12:14:00
demo_session_01204,consult_result_count,2020-01-03 13:16:00
demo_session_01205,consult_result_count,2020-02-01 12:12:00
demo_session_01206,consult_result_count,2020-01-22 16:36:00
demo_session_01207,consult_result_count,2020-03-15 13:24:00
demo_session_01210,consult_result_count,2020-04-23 01:22:00
demo_session_01212,consult_result_count,2020-02-09 16:08:00
demo_session_01217,consult_result_count,2020-02-14 17:56:00
demo_session_01219,consult_result_count,2020-02-23 13:05:00
demo_session_01221,consult_result_count,2020-02-05 10:48:00
demo_session_01223,consult_result_count,2020-02-28 14:22:00
demo_session_01224,consult_result_count,2020-01-28 12:07:00
demo_session_01224,consult_result_count,2020-01-28 12:06:00
demo_session_01226,consult_result_count,2020-04-15 16:16:00
demo_session_01227,consult_result_count,2020-02-17 07:33:00
demo_session_01228,consult_result_count,2020-03-03 16:57:00
demo_session_01232,consult_result_count,2020-02-11 12:54:00
demo_session_01233,consult_result_count,2020-02-23 22:33:00
demo_session_01237,consult_result_count,2020-03-06 04:35:00
demo_session_01242,consult_result_count,2020-01-20 08:18:00
demo_session_01244,consult_result_count,2020-04-26 22:15:00
demo_session_01244,consult_result_count,2020-04-26 22:14:00
demo_session_01245,consult_result_count,2020-03-12 11:32:00
demo_session_01245,consult_result_count,2020-03-12 11:31:00
demo_session_01247,consult_result_count,2020-03-12 13:31:00
demo_session_01247,consult_result_count,2020-03-12 13:30:00
demo_session_01247,consult_result_count,2020-03-12 13:29:00
demo_session_01248,consult_result_count,2020-02-10 02:18:00
demo_session_01249,consult_result_count,2020-04-04 11:48:00
demo_session_01249,consult_result_count,2020-04-04 11:47:00
demo_session_01251,consult_result_count,2020-04-05 08:11:00
demo_session_01253,consult_result_count,2020-01-02 07:17:00
demo_session_01256,consult_result_count,2020-01-15 12:51:00
demo_session_01259,consult_result_count,2020-03-11 07:00:00
demo_session_01259,consult_result_count,2020-03-11 06:59:00
demo_session_01263,consult_result_count,2020-04-18 20:18:00
demo_session_01265,consult_result_count,2020-03-29 14:03:00
demo_session_01269,consult_result_count,2020-02-06 15:01:00
demo_session_01272,consult_result_count,2020-01-15 07:24:00
demo_session_01278,consult_result_count,2020-04-02 09:51:00
demo_session_01279,consult_result_count,2020-02-15 20:28:00
demo_session_01281,consult_result_count,2020-02-17 10:03:00
demo_session_01282,consult_result_count,2020-03-02 23:56:00
demo_session_01283,consult_result_count,2020-03-23 07:29:00
demo_session_01284,consult_result_count,2020-03-07 01:32:00
demo_session_01288,consult_result_count,2020-01-11 01:05:00
demo_session_01291,consult_result_count,2020-01-30 01:11:00
demo_session_01291,consult_result_count,2020-01-30 01:10:00
demo_session_01294,consult_result_count,2020-04-14 03:11:00
demo_session_01295,consult_result_count,2020-01-11 16:27:00
demo_session_01295,consult_result_count,2020-01-11 16:26:00
demo_session_01295,consult_result_count,2020-01-11 16:25:00
demo_session_01296,consult_result_count,2020-01-24 00:04:00
demo_session_01301,consult_result_count,2020-02-10 22:31:00
demo_session_01301,consult_result_count,2020-02-10 22:30:00
demo_session_01306,consult_result_count,2020-03-12 03:28:00
demo_session_01307,consult_result_count,2020-03-24 04:43:00
demo_session_01307,consult_result_count,2020-03-24 04:42:00
demo_session_01308,consult_result_count,2020-04-22 22:43:00
demo_session_01315,consult_result_count,2020-03-17 02:47:00
demo_session_01317,consult_result_count,2020-04-07 03:46:00
demo_session_01319,consult_result_count,2020-02-12 21:28:00
demo_session_01323,consult_result_count,2020-03-01 06:20:00
demo_session_01324,consult_result_count,2020-04-12 18:42:00
demo_session_01325,consult_result_count,2020-01-25 15:34:00
demo_session_01327,consult_result_count,2020-04-08 23:19:00
demo_session_01327,consult_result_count,2020-04-08 23:18:00
demo_session_01329,consult_result_count,2020-02-10 01:12:00
demo_session_01331,consult_result_count,2020-02-26 00:37:00
demo_session_01333,consult_result_count,2020-01-16 23:00:00
demo_session_01335,consult_result_count,2020-03-17 14:27:00
demo_session_01337,consult_result_count,2020-04-04 22:27:00
demo_session_01339,consult_result_count,2020-02-19 05:54:00
demo_session_01341,consult_result_count,2020-04-27 09:00:00
demo_session_01342,consult_result_count,2020-01-02 12:37:00
demo_session_01344,consult_result_count,2020-03-23 21:23:00
demo_session_01345,consult_result_count,2020-04-14 18:27:00
demo_session_01345,consult_result_count,2020-04-14 18:26:00
demo_session_01345,consult_result_count,2020-04-14 18:25:00
demo_session_01347,consult_result_count,2020-03-27 13:05:00
demo_session_01348,consult_result_count,2020-01-27 03:12:00
demo_session_01348,consult_result_count,2020-01-27 03:11:00
demo_session_01350,consult_result_count,2020-03-10 21:31:00
demo_session_01352,consult_result_count,2020-01-22 03:47:00
demo_session_01355,consult_result_count,2020-02-19 14:46:00
demo_session_01356,consult_result_count,2020-04-25 06:02:00
demo_session_01357,consult_result_count,2020-04-09 12:39:00
demo_session_01357,consult_result_count,2020-04-09 12:38:00
demo_session_01363,consult_result_count,2020-03-25 06:06:00
demo_session_01364,consult_result_count,2020-02-21 12:45:00
demo_session_01365,consult_result_count,2020-02-25 13:00:00
demo_session_01366,consult_result_count,2020-03-10 22:03:00
demo_session_01367,consult_result_count,2020-01-27 04:53:00
demo_session_01369,consult_result_count,2020-01-06 23:55:00
demo_session_01370,consult_result_count,2020-01-08 00:33:00
demo_session_01372,consult_result_count,2020-02-03 08:58:00
demo_session_01375,consult_result_count,2020-03-20 19:56:00
demo_session_01375,consult_result_count,2020-03-20 19:55:00
demo_session_01378,consult_result_count,2020-04-03 22:38:00
demo_session_01379,consult_result_count,2020-02-11 02:05:00
demo_session_01380,consult_result_count,2020-02-20 02:08:00
demo_session_01386,consult_result_count,2020-04-02 06:28:00
demo_session_01390,consult_result_count,2020-03-31 00:23:00
demo_session_01393,consult_result_count,2020-01-11 01:39:00
demo_session_01393,consult_result_count,2020-01-11 01:38:00
demo_session_01394,consult_result_count,2020-03-03 19:19:00
demo_session_01395,consult_result_count,2020-04-07 16:22:00
demo_session_01396,consult_result_count,2020-01-29 17:29:00
demo_session_01402,consult_result_count,2020-02-01 08:13:00
demo_session_01402,consult_result_count,2020-02-01 08:12:00
demo_session_01404,consult_result_count,2020-01-25 07:32:00
demo_session_01406,consult_result_count,2020-02-23 07:27:00
demo_session_01408,consult_result_count,2020-02-01 11:18:00
demo_session_01410,consult_result_count,2020-03-21 11:43:00
demo_session_01410,consult_result_count,2020-03-21 11:42:00
demo_session_01411,consult_result_count,2020-01-25 14:27:00
demo_session_01416,consult_result_count,2020-01-05 05:04:00
demo_session_01417,consult_result_count,2020-03-27 20:33:00
demo_session_01418,consult_result_count,2020-03-05 22:50:00
demo_session_01420,consult_result_count,2020-01-31 15:14:00
demo_session_01423,consult_result_count,2020-04-14 08:27:00
demo_session_01425,consult_result_count,2020-04-11 14:11:00
demo_session_01427,consult_result_count,2020-02-05 21:00:00
demo_session_01427,consult_result_count,2020-02-05 20:59:00
demo_session_01430,consult_result_count,2020-02-25 14:43:00
demo_session_01433,consult_result_count,2020-01-22 18:05:00
demo_session_01434,consult_result_count,2020-01-08 10:22:00
demo_session_01446,consult_result_count,2020-03-19 23:40:00
demo_session_01446,consult_result_count,2020-03-19 23:39:00
demo_session_01448,consult_result_count,2020-01-22 08:23:00
demo_session_01448,consult_result_count,2020-01-22 08:22:00
demo_session_01450,consult_result_count,2020-01-12 01:44:00
demo_session_01450,consult_result_count,2020-01-12 01:43:00
demo_session_01451,consult_result_count,2020-03-07 19:38:00
demo_session_01452,consult_result_count,2020-01-23 00:35:00
demo_session_01454,consult_result_count,2020-02-09 03:56:00
demo_session_01463,consult_result_count,2020-01-27 15:15:00
demo_session_01464,consult_result_count,2020-02-24 04:04:00
demo_session_01466,consult_result_count,2020-02-23 02:21:00
demo_session_01466,consult_result_count,2020-02-23 02:20:00
demo_session_01467,consult_result_count,2020-03-31 09:52:00
demo_session_01472,consult_result_count,2020-02-17 05:29:00
demo_session_01473,consult_result_count,2020-03-13 20:14:00
demo_session_01474,consult_result_count,2020-01-13 20:52:00
demo_session_01477,consult_result_count,2020-03-27 10:29:00
demo_session_01478,consult_result_count,2020-03-13 15:22:00
demo_session_01480,consult_result_count,2020-02-06 08:24:00
demo_session_01480,consult_result_count,2020-02-06 08:23:00
demo_session_01481,consult_result_count,2020-03-01 20:59:00
demo_session_01482,consult_result_count,2020-03-17 06:04:00
demo_session_01486,consult_result_count,2020-01-06 06:56:00
demo_session_01490,consult_result_count,2020-02-02 23:21:00
demo_session_01491,consult_result_count,2020-03-27 23:30:00
demo_session_01491,consult_result_count,2020-03-27 23:29:00
demo_session_01492,consult_result_count,2020-01-08 12:08:00
demo_session_01498,consult_result_count,2020-02-02 20:34:00
demo_session_01499,consult_result_count,2020-02-25 06:17:00
demo_session_01500,consult_result_count,2020-02-24 20:13:00
demo_session_01503,consult_result_count,2020-04-14 06:18:00
demo_session_01503,consult_result_count,2020-04-14 06:17:00
demo_session_01504,consult_result_count,2020-01-27 12:05:00
demo_session_01507,consult_result_count,2020-02-28 05:20:00
demo_session_01511,consult_result_count,2020-04-05 17:23:00
demo_session_01514,consult_result_count,2020-04-01 11:07:00
demo_session_01514,consult_result_count,2020-04-01 11:06:00
demo_session_01516,consult_result_count,2020-01-03 23:44:00
demo_session_01518,consult_result_count,2020-02-26 12:55:00
demo_session_01521,consult_result_count,2020-01-14 15:25:00
demo_session_01523,consult_result_count,2020-03-07 02:22:00
demo_session_01523,consult_result_count,2020-03-07 02:21:00
demo_session_01526,consult_result_count,2020-04-09 11:06:00
demo_session_01529,consult_result_count,2020-02-19 22:51:00
demo_session_01531,consult_result_count,2020-03-16 12:47:00
demo_session_01535,consult_result_count,2020-01-31 09:20:00
demo_session_01536,consult_result_count,2020-02-17 02:58:00
demo_session_01542,consult_result_count,2020-01-20 12:23:00
demo_session_01543,consult_result_count,2020-03-31 06:37:00
demo_session_01545,consult_result_count,2020-01-22 00:53:00
demo_session_01549,consult_result_count,2020-02-24 13:39:00
demo_session_01550,consult_result_count,2020-04-28 05:08:00
demo_session_01554,consult_result_count,2020-02-27 06:24:00
demo_session_01554,consult_result_count,2020-02-27 06:23:00
demo_session_01556,consult_result_count,2020-04-17 15:59:00
demo_session_01562,consult_result_count,2020-03-13 02:43:00
demo_session_01563,consult_result_count,2020-02-21 04:15:00
demo_session_01563,consult_result_count,2020-02-21 04:14:00
demo_session_01566,consult_result_count,2020-03-16 14:05:00
demo_session_01567,consult_result_count,2020-02-10 18:53:00
demo_session_01568,consult_result_count,2020-01-31 05:54:00
demo_session_01570,consult_result_count,2020-04-25 19:26:00
demo_session_01572,consult_result_count,2020-02-17 02:38:00
demo_session_01573,consult_result_count,2020-04-19 23:00:00
demo_session_01575,consult_result_count,2020-03-05 12:21:00
demo_session_01577,consult_result_count,2020-04-23 18:49:00
demo_session_01578,consult_result_count,2020-03-09 03:40:00
demo_session_01580,consult_result_count,2020-02-21 16:49:00
demo_session_01584,consult_result_count,2020-02-26 03:19:00
demo_session_01586,consult_result_count,2020-02-16 07:14:00
demo_session_01586,consult_result_count,2020-02-16 07:13:00
demo_session_01587,consult_result_count,2020-03-16 04:55:00
demo_session_01588,consult_result_count,2020-03-06 11:00:00
demo_session_01591,consult_result_count,2020-02-23 19:46:00
demo_session_01593,consult_result_count,2020-03-23 03:02:00
demo_session_01594,consult_result_count,2020-02-17 03:12:00
demo_session_01600,consult_result_count,2020-02-15 17:27:00
demo_session_01602,consult_result_count,2020-03-02 18:33:00
demo_session_01603,consult_result_count,2020-03-26 16:04:00
demo_session_01605,consult_result_count,2020-04-18 22:04:00
demo_session_01605,consult_result_count,2020-04-18 22:03:00
demo_session_01606,consult_result_count,2020-04-22 19:05:00
demo_session_01610,consult_result_count,2020-03-21 15:40:00
demo_session_01611,consult_result_count,2020-01-12 10:04:00
demo_session_01611,consult_result_count,2020-01-12 10:03:00
demo_session_01612,consult_result_count,2020-04-20 01:37:00
demo_session_01613,consult_result_count,2020-03-04 12:12:00
demo_session_01613,consult_result_count,2020-03-04 12:11:00
demo_session_01614,consult_result_count,2020-03-04 21:47:00
demo_session_01620,consult_result_count,2020-01-24 12:30:00
demo_session_01621,consult_result_count,2020-01-26 12:55:00
demo_session_01621,consult_result_count,2020-01-26 12:54:00
demo_session_01621,consult_result_count,2020-01-26 12:53:00
demo_session_01623,consult_result_count,2020-03-10 19:23:00
demo_session_01627,consult_result_count,2020-02-17 06:14:00
demo_session_01628,consult_result_count,2020-04-11 15:11:00
demo_session_01632,consult_result_count,2020-01-28 21:03:00
demo_session_01635,consult_result_count,2020-01-14 11:22:00
demo_session_01635,consult_result_count,2020-01-14 11:21:00
demo_session_01636,consult_result_count,2020-01-25 12:04:00
demo_session_01647,consult_result_count,2020-02-07 20:10:00
demo_session_01647,consult_result_count,2020-02-07 20:09:00
demo_session_01653,consult_result_count,2020-03-20 23:29:00
demo_session_01653,consult_result_count,2020-03-20 23:28:00
demo_session_01654,consult_result_count,2020-04-03 03:21:00
demo_session_01655,consult_result_count,2020-03-28 07:57:00
demo_session_01655,consult_result_count,2020-03-28 07:56:00
demo_session_01656,consult_result_count,2020-04-04 15:49:00
demo_session_01656,consult_result_count,2020-04-04 15:48:00
demo_session_01664,consult_result_count,2020-03-19 15:51:00
demo_session_01668,consult_result_count,2020-02-10 05:37:00
demo_session_01672,consult_result_count,2020-02-28 07:05:00
demo_session_01672,consult_result_count,2020-02-28 07:04:00
demo_session_01674,consult_result_count,2020-03-23 09:09:00
demo_session_01674,consult_result_count,2020-03-23 09:08:00
demo_session_01679,consult_result_count,2020-04-25 22:52:00
demo_session_01681,consult_result_count,2020-02-09 14:23:00
demo_session_01682,consult_result_count,2020-01-29 06:31:00
demo_session_01682,consult_result_count,2020-01-29 06:30:00
demo_session_01682,consult_result_count,2020-01-29 06:29:00
demo_session_01685,consult_result_count,2020-03-14 02:12:00
demo_session_01687,consult_result_count,2020-01-27 01:27:00
demo_session_01691,consult_result_count,2020-02-01 09:50:00
demo_session_01694,consult_result_count,2020-02-18 10:05:00
demo_session_01696,consult_result_count,2020-01-16 03:08:00
demo_session_01697,consult_result_count,2020-04-10 09:35:00
demo_session_01700,consult_result_count,2020-03-14 10:11:00
demo_session_01704,consult_result_count,2020-02-27 16:39:00
demo_session_01704,consult_result_count,2020-02-27 16:38:00
demo_session_01707,consult_result_count,2020-02-18 06:06:00
demo_session_01709,consult_result_count,2020-03-10 13:38:00
demo_session_01709,consult_result_count,2020-03-10 13:37:00
demo_session_01711,consult_result_count,2020-04-11 12:37:00
demo_session_01717,consult_result_count,2020-02-01 20:21:00
demo_session_01719,consult_result_count,2020-03-08 23:00:00
demo_session_01721,consult_result_count,2020-02-04 22:39:00
demo_session_01722,consult_result_count,2020-02-29 17:15:00
demo_session_01724,consult_result_count,2020-04-06 18:15:00
demo_session_01729,consult_result_count,2020-02-25 22:18:00
demo_session_01735,consult_result_count,2020-03-11 13:08:00
demo_session_01737,consult_result_count,2020-02-14 01:40:00
demo_session_01739,consult_result_count,2020-04-18 01:56:00
demo_session_01743,consult_result_count,2020-04-09 20:28:00
demo_session_01744,consult_result_count,2020-02-12 16:42:00
demo_session_01745,consult_result_count,2020-03-07 21:14:00
demo_session_01750,consult_result_count,2020-04-17 23:19:00
demo_session_01753,consult_result_count,2020-04-26 08:39:00
demo_session_01754,consult_result_count,2020-01-02 23:34:00
demo_session_01754,consult_result_count,2020-01-02 23:33:00
demo_session_01755,consult_result_count,2020-03-09 16:12:00
demo_session_01759,consult_result_count,2020-02-20 13:29:00
demo_session_01759,consult_result_count,2020-02-20 13:28:00
demo_session_01763,consult_result_count,2020-01-09 04:08:00
demo_session_01764,consult_result_count,2020-02-07 23:04:00
demo_session_01765,consult_result_count,2020-02-01 08:45:00
demo_session_01767,consult_result_count,2020-04-20 22:10:00
demo_session_01769,consult_result_count,2020-02-12 17:50:00
demo_session_01773,consult_result_count,2020-01-12 19:19:00
demo_session_01778,consult_result_count,2020-01-20 13:40:00
demo_session_01779,consult_result_count,2020-03-18 17:28:00
demo_session_01780,consult_result_count,2020-03-07 07:48:00
demo_session_01782,consult_result_count,2020-01-30 15:22:00
demo_session_01784,consult_result_count,2020-02-24 14:47:00
demo_session_01784,consult_result_count,2020-02-24 14:46:00
demo_session_01785,consult_result_count,2020-01-24 17:16:00
demo_session_01786,consult_result_count,2020-01-21 23:38:00
demo_session_01789,consult_result_count,2020-02-21 05:59:00
demo_session_01789,consult_result_count,2020-02-21 05:58:00
demo_session_01793,consult_result_count,2020-02-19 04:24:00
demo_session_01794,consult_result_count,2020-03-05 01:18:00
demo_session_01794,consult_result_count,2020-03-05 01:17:00
demo_session_01796,consult_result_count,2020-02-28 23:53:00
demo_session_01796,consult_result_count,2020-02-28 23:52:00
demo_session_01796,consult_result_count,2020-02-28 23:51:00
demo_session_01798,consult_result_count,2020-01-29 20:50:00
demo_session_01799,consult_result_count,2020-04-19 23:44:00
demo_session_01803,consult_result_count,2020-03-02 13:23:00
demo_session_01805,consult_result_count,2020-04-13 05:14:00
demo_session_01805,consult_result_count,2020-04-13 05:13:00
demo_session_01806,consult_result_count,2020-01-04 21:43:00
demo_session_01807,consult_result_count,2020-03-26 09:06:00
demo_session_01807,consult_result_count,2020-03-26 09:05:00
demo_session_01810,consult_result_count,2020-01-08 15:53:00
demo_session_01812,consult_result_count,2020-01-18 16:49:00
demo_session_01813,consult_result_count,2020-01-14 23:50:00
demo_session_01816,consult_result_count,2020-04-23 09:01:00
demo_session_01818,consult_result_count,2020-02-18 01:24:00
demo_session_01820,consult_result_count,2020-04-02 09:45:00
demo_session_01821,consult_result_count,2020-02-15 20:13:00
demo_session_01826,consult_result_count,2020-02-15 04:29:00
demo_session_01827,consult_result_count,2020-01-09 02:19:00
demo_session_01829,consult_result_count,2020-02-09 15:25:00
demo_session_01830,consult_result_count,2020-01-08 01:44:00
demo_session_01831,consult_result_count,2020-01-19 17:05:00
demo_session_01833,consult_result_count,2020-04-24 19:59:00
demo_session_01834,consult_result_count,2020-02-10 14:43:00
demo_session_01836,consult_result_count,2020-01-22 06:23:00
demo_session_01836,consult_result_count,2020-01-22 06:22:00
demo_session_01837,consult_result_count,2020-01-16 13:25:00
demo_session_01839,consult_result_count,2020-03-14 11:01:00
demo_session_01841,consult_result_count,2020-03-01 01:11:00
demo_session_01841,consult_result_count,2020-03-01 01:10:00
demo_session_01842,consult_result_count,2020-03-10 14:50:00
demo_session_01845,consult_result_count,2020-04-13 17:47:00
demo_session_01847,consult_result_count,2020-03-26 02:28:00
demo_session_01850,consult_result_count,2020-04-23 17:20:00
demo_session_01851,consult_result_count,2020-04-25 03:50:00
demo_session_01853,consult_result_count,2020-01-20 02:40:00
demo_session_01858,consult_result_count,2020-03-24 17:05:00
demo_session_01859,consult_result_count,2020-01-17 21:26:00
demo_session_01860,consult_result_count,2020-04-15 01:03:00
demo_session_01861,consult_result_count,2020-03-09 10:00:00
demo_session_01862,consult_result_count,2020-02-01 05:53:00
demo_session_01863,consult_result_count,2020-02-07 08:54:00
demo_session_01864,consult_result_count,2020-03-23 08:50:00
demo_session_01865,consult_result_count,2020-01-23 05:17:00
demo_session_01865,consult_result_count,2020-01-23 05:16:00
demo_session_01868,consult_result_count,2020-04-15 14:09:00
demo_session_01875,consult_result_count,2020-04-10 10:30:00
demo_session_01882,consult_result_count,2020-02-19 12:48:00
demo_session_01890,consult_result_count,2020-03-03 02:55:00
demo_session_01894,consult_result_count,2020-01-07 19:43:00
demo_session_01896,consult_result_count,2020-01-02 12:57:00
demo_session_01898,consult_result_count,2020-04-07 12:34:00
demo_session_01898,consult_result_count,2020-04-07 12:33:00
demo_session_01899,consult_result_count,2020-04-01 18:51:00
demo_session_01900,consult_result_count,2020-02-09 17:21:00
demo_session_01901,consult_result_count,2020-01-22 09:55:00
demo_session_01904,consult_result_count,2020-04-03 04:43:00
demo_session_01905,consult_result_count,2020-03-12 08:35:00
demo_session_01905,consult_result_count,2020-03-12 08:34:00
demo_session_01906,consult_result_count,2020-02-23 07:01:00
demo_session_01907,consult_result_count,2020-01-09 05:35:00
demo_session_01910,consult_result_count,2020-01-26 11:01:00
demo_session_01910,consult_result_count,2020-01-26 11:00:00
demo_session_01913,consult_result_count,2020-02-20 15:03:00
demo_session_01913,consult_result_count,2020-02-20 15:02:00
demo_session_01914,consult_result_count,2020-02-09 11:24:00
demo_session_01915,consult_result_count,2020-03-07 21:47:00
demo_session_01916,consult_result_count,2020-01-10 02:50:00
demo_session_01916,consult_result_count,2020-01-10 02:49:00
demo_session_01919,consult_result_count,2020-02-12 08:36:00
demo_session_01920,consult_result_count,2020-04-24 08:22:00
demo_session_01922,consult_result_count,2020-03-30 17:29:00
demo_session_01922,consult_result_count,2020-03-30 17:28:00
demo_session_01929,consult_result_count,2020-03-10 14:44:00
demo_session_01930,consult_result_count,2020-01-08 14:47:00
demo_session_01933,consult_result_count,2020-03-26 22:53:00
demo_session_01934,consult_result_count,2020-03-12 15:12:00
demo_session_01935,consult_result_count,2020-01-06 01:30:00
demo_session_01937,consult_result_count,2020-01-08 04:25:00
demo_session_01938,consult_result_count,2020-02-09 16:20:00
demo_session_01939,consult_result_count,2020-02-04 03:53:00
demo_session_01939,consult_result_count,2020-02-04 03:52:00
demo_session_01940,consult_result_count,2020-01-15 00:49:00
demo_session_01940,consult_result_count,2020-01-15 00:48:00
demo_session_01943,consult_result_count,2020-03-24 05:34:00
demo_session_01944,consult_result_count,2020-04-29 10:39:00
demo_session_01945,consult_result_count,2020-03-24 01:28:00
demo_session_01946,consult_result_count,2020-04-28 07:06:00
demo_session_01949,consult_result_count,2020-02-12 04:43:00
demo_session_01950,consult_result_count,2020-01-06 05:00:00
demo_session_01952,consult_result_count,2020-04-14 11:29:00
demo_session_01955,consult_result_count,2020-03-28 16:13:00
demo_session_01955,consult_result_count,2020-03-28 16:12:00
demo_session_01956,consult_result_count,2020-02-24 12:36:00
demo_session_01957,consult_result_count,2020-01-09 04:10:00
demo_session_01958,consult_result_count,2020-03-19 12:01:00
demo_session_01959,consult_result_count,2020-01-10 23:59:00
demo_session_01960,consult_result_count,2020-01-16 16:35:00
demo_session_01960,consult_result_count,2020-01-16 16:34:00
demo_session_01960,consult_result_count,2020-01-16 16:33:00
demo_session_01961,consult_result_count,2020-02-27 04:41:00
demo_session_01962,consult_result_count,2020-01-09 09:54:00
demo_session_01963,consult_result_count,2020-02-10 23:55:00
demo_session_01968,consult_result_count,2020-04-29 05:43:00
demo_session_01968,consult_result_count,2020-04-29 05:42:00
demo_session_01969,consult_result_count,2020-04-25 02:52:00
demo_session_01973,consult_result_count,2020-03-31 02:03:00
demo_session_01974,consult_result_count,2020-04-24 19:49:00
demo_session_01976,consult_result_count,2020-04-17 10:22:00
demo_session_01977,consult_result_count,2020-03-15 00:43:00
demo_session_01984,consult_result_count,2020-02-21 07:40:00
demo_session_01986,consult_result_count,2020-03-19 21:04:00
demo_session_01987,consult_result_count,2020-02-27 09:44:00
demo_session_01991,consult_result_count,2020-03-23 19:23:00
demo_session_01993,consult_result_count,2020-03-31 12:56:00
demo_session_01995,consult_result_count,2020-01-26 09:37:00
demo_session_01995,consult_result_count,2020-01-26 09:36:00
demo_session_01999,consult_result_count,2020-03-14 16:16:00
demo_session_02000,consult_result_count,2020-03-13 21:55:00
demo_session_02005,consult_result_count,2020-01-07 16:33:00
demo_session_02005,consult_result_count,2020-01-07 16:32:00
demo_session_02005,consult_result_count,2020-01-07 16:31:00
demo_session_02006,consult_result_count,2020-04-10 17:18:00
demo_session_02006,consult_result_count,2020-04-10 17:17:00
demo_session_02006,consult_result_count,2020-04-10 17:16:00
demo_session_02008,consult_result_count,2020-03-23 15:48:00
demo_session_02013,consult_result_count,2020-01-11 14:40:00
demo_session_02016,consult_result_count,2020-02-28 21:52:00
demo_session_02020,consult_result_count,2020-01-11 15:05:00
demo_session_02021,consult_result_count,2020-02-14 17:18:00
demo_session_02022,consult_result_count,2020-02-13 06:07:00
demo_session_02022,consult_result_count,2020-02-13 06:06:00
demo_session_02025,consult_result_count,2020-02-10 23:58:00
demo_session_02025,consult_result_count,2020-02-10 23:57:00
demo_session_02027,consult_result_count,2020-02-04 20:53:00
demo_session_02027,consult_result_count,2020-02-04 20:52:00
demo_session_02030,consult_result_count,2020-04-04 04:02:00
demo_session_02031,consult_result_count,2020-04-02 05:51:00
demo_session_02032,consult_result_count,2020-02-15 13:10:00
demo_session_02033,consult_result_count,2020-04-16 04:49:00
demo_session_02034,consult_result_count,2020-02-10 22:12:00
demo_session_02035,consult_result_count,2020-03-27 09:42:00
demo_session_02035,consult_result_count,2020-03-27 09:41:00
demo_session_02037,consult_result_count,2020-02-09 15:23:00
demo_session_02039,consult_result_count,2020-01-23 07:13:00
demo_session_02039,consult_result_count,2020-01-23 07:12:00
demo_session_02040,consult_result_count,2020-02-16 02:01:00
demo_session_02041,consult_result_count,2020-03-04 13:44:00
demo_session_02041,consult_result_count,2020-03-04 13:43:00
demo_session_02041,consult_result_count,2020-03-04 13:42:00
demo_session_02042,consult_result_count,2020-03-20 21:35:00
demo_session_02042,consult_result_count,2020-03-20 21:34:00
demo_session_02044,consult_result_count,2020-03-26 10:07:00
demo_session_02045,consult_result_count,2020-03-18 05:00:00
demo_session_02046,consult_result_count,2020-04-13 16:03:00
demo_session_02047,consult_result_count,2020-01-05 16:06:00
demo_session_02047,consult_result_count,2020-01-05 16:05:00
demo_session_02048,consult_result_count,2020-03-02 14:35:00
demo_session_02049,consult_result_count,2020-03-26 13:22:00
demo_session_02049,consult_result_count,2020-03-26 13:21:00
demo_session_02053,consult_result_count,2020-02-25 11:14:00
demo_session_02054,consult_result_count,2020-02-21 13:32:00
demo_session_02054,consult_result_count,2020-02-21 13:31:00
demo_session_02054,consult_result_count,2020-02-21 13:30:00
demo_session_02056,consult_result_count,2020-02-20 17:40:00
demo_session_02057,consult_result_count,2020-01-26 20:50:00
demo_session_02059,consult_result_count,2020-01-15 02:49:00
demo_session_02059,consult_result_count,2020-01-15 02:48:00
demo_session_02060,consult_result_count,2020-03-05 10:26:00
demo_session_02069,consult_result_count,2020-04-14 09:14:00
demo_session_02070,consult_result_count,2020-01-21 13:53:00
demo_session_02072,consult_result_count,2020-01-02 15:17:00
demo_session_02072,consult_result_count,2020-01-02 15:16:00
demo_session_02072,consult_result_count,2020-01-02 15:15:00
demo_session_02072,consult_result_count,2020-01-02 15:14:00
demo_session_02073,consult_result_count,2020-03-27 11:06:00
demo_session_02074,consult_result_count,2020-04-05 17:28:00
demo_session_02074,consult_result_count,2020-04-05 17:27:00
demo_session_02074,consult_result_count,2020-04-05 17:26:00
demo_session_02078,consult_result_count,2020-01-24 18:51:00
demo_session_02080,consult_result_count,2020-02-06 11:05:00
demo_session_02084,consult_result_count,2020-03-08 20:16:00
demo_session_02085,consult_result_count,2020-03-01 18:46:00
demo_session_02086,consult_result_count,2020-03-05 01:10:00
demo_session_02088,consult_result_count,2020-01-25 03:33:00
demo_session_02089,consult_result_count,2020-03-29 05:27:00
demo_session_02090,consult_result_count,2020-03-11 07:22:00
demo_session_02092,consult_result_count,2020-01-03 08:02:00
demo_session_02092,consult_result_count,2020-01-03 08:01:00
demo_session_02093,consult_result_count,2020-01-23 12:27:00
demo_session_02094,consult_result_count,2020-03-01 14:37:00
demo_session_02094,consult_result_count,2020-03-01 14:36:00
demo_session_02097,consult_result_count,2020-03-10 09:25:00
demo_session_02097,consult_result_count,2020-03-10 09:24:00
demo_session_02097,consult_result_count,2020-03-10 09:23:00
demo_session_02105,consult_result_count,2020-01-29 03:01:00
demo_session_02107,consult_result_count,2020-03-02 08:57:00
demo_session_02108,consult_result_count,2020-02-03 17:05:00
demo_session_02109,consult_result_count,2020-02-25 03:31:00
demo_session_02110,consult_result_count,2020-01-15 16:38:00
demo_session_02117,consult_result_count,2020-02-28 04:01:00
demo_session_02121,consult_result_count,2020-01-27 05:33:00
demo_session_02128,consult_result_count,2020-04-08 07:17:00
demo_session_02128,consult_result_count,2020-04-08 07:16:00
demo_session_02130,consult_result_count,2020-02-04 16:29:00
demo_session_02131,consult_result_count,2020-03-21 10:01:00
demo_session_02134,consult_result_count,2020-01-21 09:37:00
demo_session_02134,consult_result_count,2020-01-21 09:36:00
demo_session_02134,consult_result_count,2020-01-21 09:35:00
demo_session_02135,consult_result_count,2020-01-06 08:43:00
demo_session_02137,consult_result_count,2020-02-20 05:00:00
demo_session_02137,consult_result_count,2020-02-20 04:59:00
demo_session_02142,consult_result_count,2020-03-30 23:38:00
demo_session_02143,consult_result_count,2020-03-04 13:05:00
demo_session_02148,consult_result_count,2020-03-21 12:44:00
demo_session_02148,consult_result_count,2020-03-21 12:43:00
demo_session_02149,consult_result_count,2020-04-03 12:14:00
demo_session_02151,consult_result_count,2020-01-01 10:35:00
demo_session_02151,consult_result_count,2020-01-01 10:34:00
demo_session_02151,consult_result_count,2020-01-01 10:33:00
demo_session_02152,consult_result_count,2020-04-18 09:16:00
demo_session_02153,consult_result_count,2020-01-28 05:08:00
demo_session_02153,consult_result_count,2020-01-28 05:07:00
demo_session_02154,consult_result_count,2020-01-11 08:24:00
demo_session_02156,consult_result_count,2020-02-08 17:01:00
demo_session_02158,consult_result_count,2020-04-25 06:12:00
demo_session_02159,consult_result_count,2020-01-02 03:25:00
demo_session_02159,consult_result_count,2020-01-02 03:24:00
demo_session_02162,consult_result_count,2020-02-10 07:54:00
demo_session_02164,consult_result_count,2020-02-25 11:57:00
demo_session_02164,consult_result_count,2020-02-25 11:56:00
demo_session_02165,consult_result_count,2020-03-15 17:41:00
demo_session_02165,consult_result_count,2020-03-15 17:40:00
demo_session_02166,consult_result_count,2020-04-28 18:52:00
demo_session_02167,consult_result_count,2020-02-19 09:22:00
demo_session_02170,consult_result_count,2020-03-21 13:47:00
demo_session_02171,consult_result_count,2020-04-26 02:24:00
demo_session_02171,consult_result_count,2020-04-26 02:23:00
demo_session_02172,consult_result_count,2020-04-07 11:54:00
demo_session_02176,consult_result_count,2020-04-05 12:30:00
demo_session_02179,consult_result_count,2020-01-31 19:12:00
demo_session_02181,consult_result_count,2020-03-23 07:23:00
demo_session_02184,consult_result_count,2020-02-03 01:35:00
demo_session_02184,consult_result_count,2020-02-03 01:34:00
demo_session_02185,consult_result_count,2020-04-11 23:11:00
demo_session_02186,consult_result_count,2020-03-14 15:46:00
demo_session_02186,consult_result_count,2020-03-14 15:45:00
demo_session_02186,consult_result_count,2020-03-14 15:44:00
demo_session_02188,consult_result_count,2020-01-07 00:04:00
demo_session_02190,consult_result_count,2020-03-05 08:28:00
demo_session_02190,consult_result_count,2020-03-05 08:27:00
demo_session_02190,consult_result_count,2020-03-05 08:26:00
demo_session_02192,consult_result_count,2020-01-03 03:15:00
demo_session_02192,consult_result_count,2020-01-03 03:14:00
demo_session_02194,consult_result_count,2020-03-31 17:40:00
demo_session_02199,consult_result_count,2020-01-27 21:53:00
demo_session_02199,consult_result_count,2020-01-27 21:52:00
demo_session_02203,consult_result_count,2020-01-23 19:57:00
demo_session_02203,consult_result_count,2020-01-23 19:56:00
demo_session_02204,consult_result_count,2020-01-11 01:54:00
demo_session_02206,consult_result_count,2020-02-04 16:02:00
demo_session_02207,consult_result_count,2020-02-10 18:14:00
demo_session_02208,consult_result_count,2020-02-02 04:08:00
demo_session_02211,consult_result_count,2020-03-22 21:03:00
demo_session_02212,consult_result_count,2020-01-09 15:41:00
demo_session_02215,consult_result_count,2020-03-23 19:05:00
demo_session_02217,consult_result_count,2020-01-12 07:17:00
demo_session_02221,consult_result_count,2020-03-31 00:09:00
demo_session_02222,consult_result_count,2020-04-13 09:32:00
demo_session_02223,consult_result_count,2020-04-18 22:18:00
demo_session_02223,consult_result_count,2020-04-18 22:17:00
demo_session_02226,consult_result_count,2020-03-04 20:17:00
demo_session_02227,consult_result_count,2020-03-12 12:54:00
demo_session_02229,consult_result_count,2020-02-15 12:08:00
demo_session_02230,consult_result_count,2020-02-02 23:32:00
demo_session_02230,consult_result_count,2020-02-02 23:31:00
demo_session_02232,consult_result_count,2020-03-20 21:05:00
demo_session_02232,consult_result_count,2020-03-20 21:04:00
demo_session_02232,consult_result_count,2020-03-20 21:03:00
demo_session_02232,consult_result_count,2020-03-20 21:02:00
demo_session_02233,consult_result_count,2020-02-21 20:47:00
demo_session_02235,consult_result_count,2020-01-07 14:53:00
demo_session_02238,consult_result_count,2020-02-26 11:37:00
demo_session_02245,consult_result_count,2020-04-17 03:06:00
demo_session_02246,consult_result_count,2020-01-20 05:43:00
demo_session_02248,consult_result_count,2020-02-12 20:35:00
demo_session_02252,consult_result_count,2020-01-01 19:54:00
demo_session_02252,consult_result_count,2020-01-01 19:53:00
demo_session_02254,consult_result_count,2020-01-05 21:49:00
demo_session_02256,consult_result_count,2020-04-23 05:53:00
demo_session_02260,consult_result_count,2020-03-18 00:01:00
demo_session_02261,consult_result_count,2020-03-15 20:50:00
demo_session_02262,consult_result_count,2020-01-02 09:51:00
demo_session_02263,consult_result_count,2020-04-12 22:11:00
demo_session_02264,consult_result_count,2020-03-25 14:29:00
demo_session_02265,consult_result_count,2020-02-20 10:25:00
demo_session_02267,consult_result_count,2020-03-21 12:02:00
demo_session_02269,consult_result_count,2020-01-20 03:26:00
demo_session_02271,consult_result_count,2020-03-08 18:17:00
demo_session_02276,consult_result_count,2020-02-04 00:29:00
demo_session_02278,consult_result_count,2020-03-15 16:00:00
demo_session_02284,consult_result_count,2020-01-19 04:58:00
demo_session_02284,consult_result_count,2020-01-19 04:57:00
demo_session_02284,consult_result_count,2020-01-19 04:56:00
demo_session_02285,consult_result_count,2020-04-18 23:07:00
demo_session_02287,consult_result_count,2020-01-02 08:28:00
demo_session_02287,consult_result_count,2020-01-02 08:27:00
demo_session_02288,consult_result_count,2020-03-08 19:45:00
demo_session_02292,consult_result_count,2020-01-30 21:46:00
demo_session_02294,consult_result_count,2020-02-04 02:40:00
demo_session_02294,consult_result_count,2020-02-04 02:39:00
demo_session_02294,consult_result_count,2020-02-04 02:38:00
demo_session_02294,consult_result_count,2020-02-04 02:37:00
demo_session_02295,consult_result_count,2020-02-08 07:13:00
demo_session_02296,consult_result_count,2020-03-21 11:48:00
demo_session_02300,consult_result_count,2020-03-11 10:32:00
demo_session_02304,consult_result_count,2020-03-24 11:46:00
demo_session_02306,consult_result_count,2020-02-04 18:42:00
demo_session_02310,consult_result_count,2020-01-29 14:18:00
demo_session_02312,consult_result_count,2020-04-01 14:19:00
demo_session_02312,consult_result_count,2020-04-01 14:18:00
demo_session_02313,consult_result_count,2020-04-29 00:56:00
demo_session_02315,consult_result_count,2020-01-27 10:12:00
demo_session_02317,consult_result_count,2020-03-30 06:37:00
demo_session_02317,consult_result_count,2020-03-30 06:36:00
demo_session_02317,consult_result_count,2020-03-30 06:35:00
demo_session_02319,consult_result_count,2020-04-02 08:09:00
demo_session_02320,consult_result_count,2020-04-28 11:10:00
demo_session_02323,consult_result_count,2020-03-23 05:03:00
demo_session_02324,consult_result_count,2020-03-16 00:08:00
demo_session_02325,consult_result_count,2020-01-23 20:53:00
demo_session_02327,consult_result_count,2020-01-11 23:01:00
demo_session_02329,consult_result_count,2020-01-22 15:24:00
demo_session_02334,consult_result_count,2020-01-01 21:52:00
demo_session_02335,consult_result_count,2020-03-06 12:56:00
demo_session_02336,consult_result_count,2020-01-03 23:22:00
demo_session_02337,consult_result_count,2020-01-04 01:03:00
demo_session_02338,consult_result_count,2020-01-19 13:43:00
demo_session_02339,consult_result_count,2020-02-28 23:17:00
demo_session_02340,consult_result_count,2020-03-30 21:32:00
demo_session_02342,consult_result_count,2020-04-03 00:15:00
demo_session_02343,consult_result_count,2020-03-05 03:31:00
demo_session_02344,consult_result_count,2020-04-17 05:36:00
demo_session_02345,consult_result_count,2020-02-15 00:46:00
demo_session_02345,consult_result_count,2020-02-15 00:45:00
demo_session_02347,consult_result_count,2020-01-10 01:15:00
demo_session_02352,consult_result_count,2020-03-06 08:01:00
demo_session_02353,consult_result_count,2020-03-13 10:58:00
demo_session_02354,consult_result_count,2020-02-16 04:06:00
demo_session_02358,consult_result_count,2020-04-05 11:04:00
demo_session_02363,consult_result_count,2020-03-03 18:20:00
demo_session_02364,consult_result_count,2020-04-12 03:02:00
demo_session_02366,consult_result_count,2020-01-21 04:36:00
demo_session_02367,consult_result_count,2020-02-07 09:08:00
demo_session_02369,consult_result_count,2020-04-16 02:52:00
demo_session_02370,consult_result_count,2020-02-18 03:15:00
demo_session_02372,consult_result_count,2020-02-28 16:53:00
demo_session_02373,consult_result_count,2020-01-25 11:56:00
demo_session_02373,consult_result_count,2020-01-25 11:55:00
demo_session_02374,consult_result_count,2020-03-05 10:42:00
demo_session_02374,consult_result_count,2020-03-05 10:41:00
demo_session_02376,consult_result_count,2020-03-31 03:02:00
demo_session_02377,consult_result_count,2020-01-11 11:25:00
demo_session_02378,consult_result_count,2020-02-12 10:21:00
demo_session_02379,consult_result_count,2020-03-17 17:49:00
demo_session_02381,consult_result_count,2020-03-25 00:20:00
demo_session_02381,consult_result_count,2020-03-25 00:19:00
demo_session_02382,consult_result_count,2020-03-30 16:14:00
demo_session_02382,consult_result_count,2020-03-30 16:13:00
demo_session_02384,consult_result_count,2020-02-26 08:56:00
demo_session_02387,consult_result_count,2020-02-23 19:03:00
demo_session_02390,consult_result_count,2020-04-22 12:54:00
demo_session_02390,consult_result_count,2020-04-22 12:53:00
demo_session_02391,consult_result_count,2020-04-16 09:39:00
demo_session_02391,consult_result_count,2020-04-16 09:38:00
demo_session_02395,consult_result_count,2020-01-14 03:25:00
demo_session_02396,consult_result_count,2020-02-16 12:55:00
demo_session_02398,consult_result_count,2020-01-31 23:30:00
demo_session_02398,consult_result_count,2020-01-31 23:29:00
demo_session_02398,consult_result_count,2020-01-31 23:28:00
demo_session_02398,consult_result_count,2020-01-31 23:27:00
demo_session_02399,consult_result_count,2020-03-15 00:54:00
demo_session_00001,followup_shown_count,2020-02-06 13:14:00
demo_session_00001,followup_shown_count,2020-02-06 13:13:00
demo_session_00002,followup_shown_count,2020-04-06 21:18:00
demo_session_00003,followup_shown_count,2020-03-18 21:40:00
demo_session_00004,followup_shown_count,2020-03-30 17:57:00
demo_session_00004,followup_shown_count,2020-03-30 17:56:00
demo_session_00004,followup_shown_count,2020-03-30 17:55:00
demo_session_00004,followup_shown_count,2020-03-30 17:54:00
demo_session_00005,followup_shown_count,2020-04-10 14:37:00
demo_session_00005,followup_shown_count,2020-04-10 14:36:00
demo_session_00006,followup_shown_count,2020-04-27 12:36:00
demo_session_00006,followup_shown_count,2020-04-27 12:35:00
demo_session_00006,followup_shown_count,2020-04-27 12:34:00
demo_session_00006,followup_shown_count,2020-04-27 12:33:00
demo_session_00006,followup_shown_count,2020-04-27 12:32:00
demo_session_00007,followup_shown_count,2020-04-10 07:41:00
demo_session_00008,followup_shown_count,2020-02-23 13:46:00
demo_session_00008,followup_shown_count,2020-02-23 13:45:00
demo_session_00008,followup_shown_count,2020-02-23 13:44:00
demo_session_00008,followup_shown_count,2020-02-23 13:43:00
demo_session_00009,followup_shown_count,2020-01-16 20:38:00
demo_session_00011,followup_shown_count,2020-02-23 10:47:00
demo_session_00014,followup_shown_count,2020-04-12 17:37:00
demo_session_00014,followup_shown_count,2020-04-12 17:36:00
demo_session_00014,followup_shown_count,2020-04-12 17:35:00
demo_session_00014,followup_shown_count,2020-04-12 17:34:00
demo_session_00014,followup_shown_count,2020-04-12 17:33:00
demo_session_00015,followup_shown_count,2020-03-16 22:21:00
demo_session_00015,followup_shown_count,2020-03-16 22:20:00
demo_session_00016,followup_shown_count,2020-01-09 10:21:00
demo_session_00016,followup_shown_count,2020-01-09 10:20:00
demo_session_00016,followup_shown_count,2020-01-09 10:19:00
demo_session_00016,followup_shown_count,2020-01-09 10:18:00
demo_session_00016,followup_shown_count,2020-01-09 10:17:00
demo_session_00017,followup_shown_count,2020-01-30 01:24:00
demo_session_00018,followup_shown_count,2020-01-08 11:16:00
demo_session_00018,followup_shown_count,2020-01-08 11:15:00
demo_session_00018,followup_shown_count,2020-01-08 11:14:00
demo_session_00018,followup_shown_count,2020-01-08 11:13:00
demo_session_00018,followup_shown_count,2020-01-08 11:12:00
demo_session_00019,followup_shown_count,2020-04-21 15:24:00
demo_session_00019,followup_shown_count,2020-04-21 15:23:00
demo_session_00019,followup_shown_count,2020-04-21 15:22:00
demo_session_00020,followup_shown_count,2020-03-18 09:15:00
demo_session_00020,followup_shown_count,2020-03-18 09:14:00
demo_session_00020,followup_shown_count,2020-03-18 09:13:00
demo_session_00021,followup_shown_count,2020-03-15 04:33:00
demo_session_00023,followup_shown_count,2020-02-18 01:45:00
demo_session_00025,followup_shown_count,2020-03-28 18:35:00
demo_session_00025,followup_shown_count,2020-03-28 18:34:00
demo_session_00026,followup_shown_count,2020-01-16 20:05:00
demo_session_00026,followup_shown_count,2020-01-16 20:04:00
demo_session_00026,followup_shown_count,2020-01-16 20:03:00
demo_session_00026,followup_shown_count,2020-01-16 20:02:00
demo_session_00027,followup_shown_count,2020-01-25 21:16:00
demo_session_00027,followup_shown_count,2020-01-25 21:15:00
demo_session_00028,followup_shown_count,2020-04-27 05:28:00
demo_session_00028,followup_shown_count,2020-04-27 05:27:00
demo_session_00028,followup_shown_count,2020-04-27 05:26:00
demo_session_00029,followup_shown_count,2020-01-11 23:18:00
demo_session_00029,followup_shown_count,2020-01-11 23:17:00
demo_session_00029,followup_shown_count,2020-01-11 23:16:00
demo_session_00030,followup_shown_count,2020-04-24 02:51:00
demo_session_00030,followup_shown_count,2020-04-24 02:50:00
demo_session_00031,followup_shown_count,2020-01-11 11:38:00
demo_session_00031,followup_shown_count,2020-01-11 11:37:00
demo_session_00031,followup_shown_count,2020-01-11 11:36:00
demo_session_00031,followup_shown_count,2020-01-11 11:35:00
demo_session_00031,followup_shown_count,2020-01-11 11:34:00
demo_session_00032,followup_shown_count,2020-02-28 09:20:00
demo_session_00032,followup_shown_count,2020-02-28 09:19:00
demo_session_00032,followup_shown_count,2020-02-28 09:18:00
demo_session_00032,followup_shown_count,2020-02-28 09:17:00
demo_session_00033,followup_shown_count,2020-03-10 22:27:00
demo_session_00034,followup_shown_count,2020-01-14 15:05:00
demo_session_00034,followup_shown_count,2020-01-14 15:04:00
demo_session_00036,followup_shown_count,2020-04-24 20:45:00
demo_session_00036,followup_shown_count,2020-04-24 20:44:00
demo_session_00036,followup_shown_count,2020-04-24 20:43:00
demo_session_00037,followup_shown_count,2020-01-27 17:31:00
demo_session_00037,followup_shown_count,2020-01-27 17:30:00
demo_session_00037,followup_shown_count,2020-01-27 17:29:00
demo_session_00037,followup_shown_count,2020-01-27 17:28:00
demo_session_00038,followup_shown_count,2020-01-27 14:25:00
demo_session_00039,followup_shown_count,2020-04-01 04:55:00
demo_session_00040,followup_shown_count,2020-02-14 14:15:00
demo_session_00040,followup_shown_count,2020-02-14 14:14:00
demo_session_00041,followup_shown_count,2020-01-05 12:20:00
demo_session_00041,followup_shown_count,2020-01-05 12:19:00
demo_session_00041,followup_shown_count,2020-01-05 12:18:00
demo_session_00042,followup_shown_count,2020-03-31 00:30:00
demo_session_00042,followup_shown_count,2020-03-31 00:29:00
demo_session_00043,followup_shown_count,2020-02-12 09:36:00
demo_session_00043,followup_shown_count,2020-02-12 09:35:00
demo_session_00043,followup_shown_count,2020-02-12 09:34:00
demo_session_00043,followup_shown_count,2020-02-12 09:33:00
demo_session_00043,followup_shown_count,2020-02-12 09:32:00
demo_session_00044,followup_shown_count,2020-02-18 20:39:00
demo_session_00044,followup_shown_count,2020-02-18 20:38:00
demo_session_00044,followup_shown_count,2020-02-18 20:37:00
demo_session_00044,followup_shown_count,2020-02-18 20:36:00
demo_session_00044,followup_shown_count,2020-02-18 20:35:00
demo_session_00046,followup_shown_count,2020-03-10 05:59:00
demo_session_00047,followup_shown_count,2020-04-09 03:35:00
demo_session_00047,followup_shown_count,2020-04-09 03:34:00
demo_session_00048,followup_shown_count,2020-04-05 18:04:00
demo_session_00049,followup_shown_count,2020-04-23 04:22:00
demo_session_00049,followup_shown_count,2020-04-23 04:21:00
demo_session_00050,followup_shown_count,2020-04-20 04:10:00
demo_session_00053,followup_shown_count,2020-02-25 12:29:00
demo_session_00054,followup_shown_count,2020-03-20 17:40:00
demo_session_00054,followup_shown_count,2020-03-20 17:39:00
demo_session_00055,followup_shown_count,2020-01-08 06:36:00
demo_session_00055,followup_shown_count,2020-01-08 06:35:00
demo_session_00055,followup_shown_count,2020-01-08 06:34:00
demo_session_00057,followup_shown_count,2020-02-03 01:50:00
demo_session_00057,followup_shown_count,2020-02-03 01:49:00
demo_session_00058,followup_shown_count,2020-03-07 18:41:00
demo_session_00058,followup_shown_count,2020-03-07 18:40:00
demo_session_00059,followup_shown_count,2020-04-20 18:32:00
demo_session_00059,followup_shown_count,2020-04-20 18:31:00
demo_session_00059,followup_shown_count,2020-04-20 18:30:00
demo_session_00059,followup_shown_count,2020-04-20 18:29:00
demo_session_00061,followup_shown_count,2020-03-10 22:43:00
demo_session_00061,followup_shown_count,2020-03-10 22:42:00
demo_session_00061,followup_shown_count,2020-03-10 22:41:00
demo_session_00062,followup_shown_count,2020-02-18 07:54:00
demo_session_00063,followup_shown_count,2020-02-11 02:53:00
demo_session_00064,followup_shown_count,2020-03-22 17:19:00
demo_session_00064,followup_shown_count,2020-03-22 17:18:00
demo_session_00065,followup_shown_count,2020-01-30 20:34:00
demo_session_00065,followup_shown_count,2020-01-30 20:33:00
demo_session_00066,followup_shown_count,2020-04-15 11:38:00
demo_session_00066,followup_shown_count,2020-04-15 11:37:00
demo_session_00066,followup_shown_count,2020-04-15 11:36:00
demo_session_00066,followup_shown_count,2020-04-15 11:35:00
demo_session_00066,followup_shown_count,2020-04-15 11:34:00
demo_session_00066,followup_shown_count,2020-04-15 11:33:00
demo_session_00066,followup_shown_count,2020-04-15 11:32:00
demo_session_00066,followup_shown_count,2020-04-15 11:31:00
demo_session_00067,followup_shown_count,2020-01-14 15:18:00
demo_session_00068,followup_shown_count,2020-01-27 15:59:00
demo_session_00068,followup_shown_count,2020-01-27 15:58:00
demo_session_00068,followup_shown_count,2020-01-27 15:57:00
demo_session_00069,followup_shown_count,2020-03-31 04:36:00
demo_session_00070,followup_shown_count,2020-01-10 22:38:00
demo_session_00070,followup_shown_count,2020-01-10 22:37:00
demo_session_00071,followup_shown_count,2020-02-19 11:37:00
demo_session_00072,followup_shown_count,2020-02-15 08:02:00
demo_session_00072,followup_shown_count,2020-02-15 08:01:00
demo_session_00072,followup_shown_count,2020-02-15 08:00:00
demo_session_00074,followup_shown_count,2020-01-20 01:22:00
demo_session_00074,followup_shown_count,2020-01-20 01:21:00
demo_session_00074,followup_shown_count,2020-01-20 01:20:00
demo_session_00074,followup_shown_count,2020-01-20 01:19:00
demo_session_00075,followup_shown_count,2020-02-24 12:37:00
demo_session_00076,followup_shown_count,2020-02-25 03:44:00
demo_session_00076,followup_shown_count,2020-02-25 03:43:00
demo_session_00076,followup_shown_count,2020-02-25 03:42:00
demo_session_00077,followup_shown_count,2020-04-08 04:54:00
demo_session_00077,followup_shown_count,2020-04-08 04:53:00
demo_session_00077,followup_shown_count,2020-04-08 04:52:00
demo_session_00077,followup_shown_count,2020-04-08 04:51:00
demo_session_00078,followup_shown_count,2020-03-05 21:52:00
demo_session_00078,followup_shown_count,2020-03-05 21:51:00
demo_session_00078,followup_shown_count,2020-03-05 21:50:00
demo_session_00079,followup_shown_count,2020-01-16 15:04:00
demo_session_00080,followup_shown_count,2020-04-14 10:52:00
demo_session_00080,followup_shown_count,2020-04-14 10:51:00
demo_session_00080,followup_shown_count,2020-04-14 10:50:00
demo_session_00081,followup_shown_count,2020-01-19 02:35:00
demo_session_00081,followup_shown_count,2020-01-19 02:34:00
demo_session_00081,followup_shown_count,2020-01-19 02:33:00
demo_session_00081,followup_shown_count,2020-01-19 02:32:00
demo_session_00081,followup_shown_count,2020-01-19 02:31:00
demo_session_00082,followup_shown_count,2020-03-24 09:31:00
demo_session_00084,followup_shown_count,2020-01-15 14:59:00
demo_session_00084,followup_shown_count,2020-01-15 14:58:00
demo_session_00084,followup_shown_count,2020-01-15 14:57:00
demo_session_00085,followup_shown_count,2020-01-23 22:44:00
demo_session_00086,followup_shown_count,2020-04-23 07:05:00
demo_session_00087,followup_shown_count,2020-04-27 04:59:00
demo_session_00089,followup_shown_count,2020-04-06 23:25:00
demo_session_00089,followup_shown_count,2020-04-06 23:24:00
demo_session_00089,followup_shown_count,2020-04-06 23:23:00
demo_session_00089,followup_shown_count,2020-04-06 23:22:00
demo_session_00089,followup_shown_count,2020-04-06 23:21:00
demo_session_00090,followup_shown_count,2020-04-18 08:12:00
demo_session_00090,followup_shown_count,2020-04-18 08:11:00
demo_session_00090,followup_shown_count,2020-04-18 08:10:00
demo_session_00090,followup_shown_count,2020-04-18 08:09:00
demo_session_00090,followup_shown_count,2020-04-18 08:08:00
demo_session_00091,followup_shown_count,2020-02-11 19:24:00
demo_session_00092,followup_shown_count,2020-03-31 21:49:00
demo_session_00092,followup_shown_count,2020-03-31 21:48:00
demo_session_00092,followup_shown_count,2020-03-31 21:47:00
demo_session_00092,followup_shown_count,2020-03-31 21:46:00
demo_session_00093,followup_shown_count,2020-03-03 09:04:00
demo_session_00094,followup_shown_count,2020-01-21 18:35:00
demo_session_00094,followup_shown_count,2020-01-21 18:34:00
demo_session_00097,followup_shown_count,2020-03-13 20:44:00
demo_session_00097,followup_shown_count,2020-03-13 20:43:00
demo_session_00098,followup_shown_count,2020-02-01 05:05:00
demo_session_00099,followup_shown_count,2020-01-13 10:23:00
demo_session_00100,followup_shown_count,2020-03-25 15:14:00
demo_session_00101,followup_shown_count,2020-02-11 21:02:00
demo_session_00101,followup_shown_count,2020-02-11 21:01:00
demo_session_00101,followup_shown_count,2020-02-11 21:00:00
demo_session_00102,followup_shown_count,2020-02-23 15:23:00
demo_session_00102,followup_shown_count,2020-02-23 15:22:00
demo_session_00102,followup_shown_count,2020-02-23 15:21:00
demo_session_00103,followup_shown_count,2020-01-11 07:27:00
demo_session_00103,followup_shown_count,2020-01-11 07:26:00
demo_session_00104,followup_shown_count,2020-01-10 14:09:00
demo_session_00104,followup_shown_count,2020-01-10 14:08:00
demo_session_00106,followup_shown_count,2020-03-12 23:36:00
demo_session_00108,followup_shown_count,2020-03-20 21:42:00
demo_session_00108,followup_shown_count,2020-03-20 21:41:00
demo_session_00108,followup_shown_count,2020-03-20 21:40:00
demo_session_00108,followup_shown_count,2020-03-20 21:39:00
demo_session_00108,followup_shown_count,2020-03-20 21:38:00
demo_session_00109,followup_shown_count,2020-03-28 05:47:00
demo_session_00109,followup_shown_count,2020-03-28 05:46:00
demo_session_00109,followup_shown_count,2020-03-28 05:45:00
demo_session_00109,followup_shown_count,2020-03-28 05:44:00
demo_session_00110,followup_shown_count,2020-01-14 15:38:00
demo_session_00111,followup_shown_count,2020-04-20 11:57:00
demo_session_00113,followup_shown_count,2020-02-07 03:09:00
demo_session_00113,followup_shown_count,2020-02-07 03:08:00
demo_session_00113,followup_shown_count,2020-02-07 03:07:00
demo_session_00114,followup_shown_count,2020-02-02 06:03:00
demo_session_00114,followup_shown_count,2020-02-02 06:02:00
demo_session_00114,followup_shown_count,2020-02-02 06:01:00
demo_session_00115,followup_shown_count,2020-01-11 12:59:00
demo_session_00115,followup_shown_count,2020-01-11 12:58:00
demo_session_00116,followup_shown_count,2020-01-31 18:45:00
demo_session_00117,followup_shown_count,2020-02-10 08:17:00
demo_session_00118,followup_shown_count,2020-01-26 13:32:00
demo_session_00118,followup_shown_count,2020-01-26 13:31:00
demo_session_00120,followup_shown_count,2020-01-31 07:12:00
demo_session_00120,followup_shown_count,2020-01-31 07:11:00
demo_session_00120,followup_shown_count,2020-01-31 07:10:00
demo_session_00120,followup_shown_count,2020-01-31 07:09:00
demo_session_00121,followup_shown_count,2020-02-29 23:24:00
demo_session_00121,followup_shown_count,2020-02-29 23:23:00
demo_session_00122,followup_shown_count,2020-03-08 01:08:00
demo_session_00122,followup_shown_count,2020-03-08 01:07:00
demo_session_00125,followup_shown_count,2020-01-09 10:08:00
demo_session_00125,followup_shown_count,2020-01-09 10:07:00
demo_session_00125,followup_shown_count,2020-01-09 10:06:00
demo_session_00126,followup_shown_count,2020-03-23 21:41:00
demo_session_00126,followup_shown_count,2020-03-23 21:40:00
demo_session_00126,followup_shown_count,2020-03-23 21:39:00
demo_session_00128,followup_shown_count,2020-01-16 12:29:00
demo_session_00129,followup_shown_count,2020-03-29 09:14:00
demo_session_00129,followup_shown_count,2020-03-29 09:13:00
demo_session_00130,followup_shown_count,2020-04-07 08:35:00
demo_session_00131,followup_shown_count,2020-01-14 03:21:00
demo_session_00132,followup_shown_count,2020-01-15 00:41:00
demo_session_00133,followup_shown_count,2020-04-05 08:46:00
demo_session_00134,followup_shown_count,2020-02-07 00:51:00
demo_session_00135,followup_shown_count,2020-02-11 11:11:00
demo_session_00135,followup_shown_count,2020-02-11 11:10:00
demo_session_00135,followup_shown_count,2020-02-11 11:09:00
demo_session_00136,followup_shown_count,2020-03-11 14:36:00
demo_session_00138,followup_shown_count,2020-02-22 12:58:00
demo_session_00138,followup_shown_count,2020-02-22 12:57:00
demo_session_00139,followup_shown_count,2020-02-10 01:30:00
demo_session_00139,followup_shown_count,2020-02-10 01:29:00
demo_session_00139,followup_shown_count,2020-02-10 01:28:00
demo_session_00139,followup_shown_count,2020-02-10 01:27:00
demo_session_00139,followup_shown_count,2020-02-10 01:26:00
demo_session_00141,followup_shown_count,2020-03-28 15:45:00
demo_session_00141,followup_shown_count,2020-03-28 15:44:00
demo_session_00145,followup_shown_count,2020-02-27 18:37:00
demo_session_00145,followup_shown_count,2020-02-27 18:36:00
demo_session_00145,followup_shown_count,2020-02-27 18:35:00
demo_session_00145,followup_shown_count,2020-02-27 18:34:00
demo_session_00146,followup_shown_count,2020-03-29 05:24:00
demo_session_00146,followup_shown_count,2020-03-29 05:23:00
demo_session_00146,followup_shown_count,2020-03-29 05:22:00
demo_session_00146,followup_shown_count,2020-03-29 05:21:00
demo_session_00146,followup_shown_count,2020-03-29 05:20:00
demo_session_00146,followup_shown_count,2020-03-29 05:19:00
demo_session_00147,followup_shown_count,2020-02-03 13:22:00
demo_session_00148,followup_shown_count,2020-03-10 09:06:00
demo_session_00148,followup_shown_count,2020-03-10 09:05:00
demo_session_00148,followup_shown_count,2020-03-10 09:04:00
demo_session_00149,followup_shown_count,2020-02-20 03:37:00
demo_session_00149,followup_shown_count,2020-02-20 03:36:00
demo_session_00149,followup_shown_count,2020-02-20 03:35:00
demo_session_00149,followup_shown_count,2020-02-20 03:34:00
demo_session_00149,followup_shown_count,2020-02-20 03:33:00
demo_session_00149,followup_shown_count,2020-02-20 03:32:00
demo_session_00150,followup_shown_count,2020-03-19 00:10:00
demo_session_00150,followup_shown_count,2020-03-19 00:09:00
demo_session_00150,followup_shown_count,2020-03-19 00:08:00
demo_session_00151,followup_shown_count,2020-02-15 19:01:00
demo_session_00152,followup_shown_count,2020-04-22 05:44:00
demo_session_00152,followup_shown_count,2020-04-22 05:43:00
demo_session_00152,followup_shown_count,2020-04-22 05:42:00
demo_session_00152,followup_shown_count,2020-04-22 05:41:00
demo_session_00153,followup_shown_count,2020-02-16 19:14:00
demo_session_00153,followup_shown_count,2020-02-16 19:13:00
demo_session_00154,followup_shown_count,2020-01-14 03:31:00
demo_session_00154,followup_shown_count,2020-01-14 03:30:00
demo_session_00156,followup_shown_count,2020-01-29 15:24:00
demo_session_00156,followup_shown_count,2020-01-29 15:23:00
demo_session_00156,followup_shown_count,2020-01-29 15:22:00
demo_session_00157,followup_shown_count,2020-02-24 15:12:00
demo_session_00158,followup_shown_count,2020-04-20 11:30:00
demo_session_00158,followup_shown_count,2020-04-20 11:29:00
demo_session_00158,followup_shown_count,2020-04-20 11:28:00
demo_session_00158,followup_shown_count,2020-04-20 11:27:00
demo_session_00159,followup_shown_count,2020-01-13 07:05:00
demo_session_00160,followup_shown_count,2020-01-06 02:36:00
demo_session_00160,followup_shown_count,2020-01-06 02:35:00
demo_session_00160,followup_shown_count,2020-01-06 02:34:00
demo_session_00160,followup_shown_count,2020-01-06 02:33:00
demo_session_00160,followup_shown_count,2020-01-06 02:32:00
demo_session_00160,followup_shown_count,2020-01-06 02:31:00
demo_session_00162,followup_shown_count,2020-02-22 07:17:00
demo_session_00162,followup_shown_count,2020-02-22 07:16:00
demo_session_00162,followup_shown_count,2020-02-22 07:15:00
demo_session_00162,followup_shown_count,2020-02-22 07:14:00
demo_session_00162,followup_shown_count,2020-02-22 07:13:00
demo_session_00164,followup_shown_count,2020-03-24 12:04:00
demo_session_00165,followup_shown_count,2020-03-13 06:01:00
demo_session_00166,followup_shown_count,2020-03-25 05:07:00
demo_session_00166,followup_shown_count,2020-03-25 05:06:00
demo_session_00167,followup_shown_count,2020-02-20 17:41:00
demo_session_00168,followup_shown_count,2020-04-21 16:09:00
demo_session_00168,followup_shown_count,2020-04-21 16:08:00
demo_session_00168,followup_shown_count,2020-04-21 16:07:00
demo_session_00169,followup_shown_count,2020-03-21 15:07:00
demo_session_00170,followup_shown_count,2020-04-20 11:21:00
demo_session_00170,followup_shown_count,2020-04-20 11:20:00
demo_session_00170,followup_shown_count,2020-04-20 11:19:00
demo_session_00170,followup_shown_count,2020-04-20 11:18:00
demo_session_00170,followup_shown_count,2020-04-20 11:17:00
demo_session_00170,followup_shown_count,2020-04-20 11:16:00
demo_session_00170,followup_shown_count,2020-04-20 11:15:00
demo_session_00170,followup_shown_count,2020-04-20 11:14:00
demo_session_00170,followup_shown_count,2020-04-20 11:13:00
demo_session_00170,followup_shown_count,2020-04-20 11:12:00
demo_session_00171,followup_shown_count,2020-01-11 12:16:00
demo_session_00172,followup_shown_count,2020-03-21 01:56:00
demo_session_00172,followup_shown_count,2020-03-21 01:55:00
demo_session_00173,followup_shown_count,2020-02-11 09:19:00
demo_session_00173,followup_shown_count,2020-02-11 09:18:00
demo_session_00175,followup_shown_count,2020-01-22 15:23:00
demo_session_00176,followup_shown_count,2020-01-24 14:00:00
demo_session_00177,followup_shown_count,2020-01-12 01:11:00
demo_session_00177,followup_shown_count,2020-01-12 01:10:00
demo_session_00177,followup_shown_count,2020-01-12 01:09:00
demo_session_00177,followup_shown_count,2020-01-12 01:08:00
demo_session_00178,followup_shown_count,2020-02-24 12:44:00
demo_session_00179,followup_shown_count,2020-04-02 19:30:00
demo_session_00179,followup_shown_count,2020-04-02 19:29:00
demo_session_00179,followup_shown_count,2020-04-02 19:28:00
demo_session_00179,followup_shown_count,2020-04-02 19:27:00
demo_session_00180,followup_shown_count,2020-02-25 14:55:00
demo_session_00181,followup_shown_count,2020-01-16 17:04:00
demo_session_00181,followup_shown_count,2020-01-16 17:03:00
demo_session_00182,followup_shown_count,2020-03-25 20:36:00
demo_session_00183,followup_shown_count,2020-01-21 23:44:00
demo_session_00183,followup_shown_count,2020-01-21 23:43:00
demo_session_00183,followup_shown_count,2020-01-21 23:42:00
demo_session_00184,followup_shown_count,2020-04-14 06:16:00
demo_session_00184,followup_shown_count,2020-04-14 06:15:00
demo_session_00184,followup_shown_count,2020-04-14 06:14:00
demo_session_00185,followup_shown_count,2020-02-14 00:18:00
demo_session_00185,followup_shown_count,2020-02-14 00:17:00
demo_session_00185,followup_shown_count,2020-02-14 00:16:00
demo_session_00187,followup_shown_count,2020-02-05 03:08:00
demo_session_00187,followup_shown_count,2020-02-05 03:07:00
demo_session_00187,followup_shown_count,2020-02-05 03:06:00
demo_session_00188,followup_shown_count,2020-04-09 21:25:00
demo_session_00188,followup_shown_count,2020-04-09 21:24:00
demo_session_00189,followup_shown_count,2020-04-20 09:03:00
demo_session_00189,followup_shown_count,2020-04-20 09:02:00
demo_session_00190,followup_shown_count,2020-02-20 15:02:00
demo_session_00191,followup_shown_count,2020-04-28 15:17:00
demo_session_00191,followup_shown_count,2020-04-28 15:16:00
demo_session_00192,followup_shown_count,2020-01-28 19:32:00
demo_session_00192,followup_shown_count,2020-01-28 19:31:00
demo_session_00193,followup_shown_count,2020-02-20 16:29:00
demo_session_00193,followup_shown_count,2020-02-20 16:28:00
demo_session_00193,followup_shown_count,2020-02-20 16:27:00
demo_session_00193,followup_shown_count,2020-02-20 16:26:00
demo_session_00193,followup_shown_count,2020-02-20 16:25:00
demo_session_00194,followup_shown_count,2020-02-25 00:10:00
demo_session_00194,followup_shown_count,2020-02-25 00:09:00
demo_session_00195,followup_shown_count,2020-01-25 03:15:00
demo_session_00195,followup_shown_count,2020-01-25 03:14:00
demo_session_00196,followup_shown_count,2020-02-15 23:21:00
demo_session_00198,followup_shown_count,2020-03-24 22:33:00
demo_session_00198,followup_shown_count,2020-03-24 22:32:00
demo_session_00198,followup_shown_count,2020-03-24 22:31:00
demo_session_00198,followup_shown_count,2020-03-24 22:30:00
demo_session_00199,followup_shown_count,2020-02-29 11:30:00
demo_session_00199,followup_shown_count,2020-02-29 11:29:00
demo_session_00200,followup_shown_count,2020-01-13 09:53:00
demo_session_00200,followup_shown_count,2020-01-13 09:52:00
demo_session_00201,followup_shown_count,2020-02-25 22:10:00
demo_session_00202,followup_shown_count,2020-04-11 19:37:00
demo_session_00202,followup_shown_count,2020-04-11 19:36:00
demo_session_00203,followup_shown_count,2020-01-03 10:33:00
demo_session_00203,followup_shown_count,2020-01-03 10:32:00
demo_session_00205,followup_shown_count,2020-01-16 09:42:00
demo_session_00205,followup_shown_count,2020-01-16 09:41:00
demo_session_00207,followup_shown_count,2020-01-17 22:05:00
demo_session_00207,followup_shown_count,2020-01-17 22:04:00
demo_session_00209,followup_shown_count,2020-02-12 05:03:00
demo_session_00209,followup_shown_count,2020-02-12 05:02:00
demo_session_00210,followup_shown_count,2020-04-09 13:15:00
demo_session_00210,followup_shown_count,2020-04-09 13:14:00
demo_session_00210,followup_shown_count,2020-04-09 13:13:00
demo_session_00211,followup_shown_count,2020-03-10 16:39:00
demo_session_00212,followup_shown_count,2020-03-17 15:22:00
demo_session_00212,followup_shown_count,2020-03-17 15:21:00
demo_session_00213,followup_shown_count,2020-04-15 08:10:00
demo_session_00213,followup_shown_count,2020-04-15 08:09:00
demo_session_00213,followup_shown_count,2020-04-15 08:08:00
demo_session_00214,followup_shown_count,2020-01-16 18:40:00
demo_session_00214,followup_shown_count,2020-01-16 18:39:00
demo_session_00214,followup_shown_count,2020-01-16 18:38:00
demo_session_00216,followup_shown_count,2020-04-26 04:15:00
demo_session_00217,followup_shown_count,2020-04-02 13:02:00
demo_session_00219,followup_shown_count,2020-01-28 03:27:00
demo_session_00220,followup_shown_count,2020-02-14 19:52:00
demo_session_00220,followup_shown_count,2020-02-14 19:51:00
demo_session_00220,followup_shown_count,2020-02-14 19:50:00
demo_session_00222,followup_shown_count,2020-03-10 22:52:00
demo_session_00224,followup_shown_count,2020-02-10 07:08:00
demo_session_00224,followup_shown_count,2020-02-10 07:07:00
demo_session_00225,followup_shown_count,2020-01-26 18:07:00
demo_session_00225,followup_shown_count,2020-01-26 18:06:00
demo_session_00225,followup_shown_count,2020-01-26 18:05:00
demo_session_00226,followup_shown_count,2020-02-21 01:10:00
demo_session_00226,followup_shown_count,2020-02-21 01:09:00
demo_session_00227,followup_shown_count,2020-04-20 08:35:00
demo_session_00227,followup_shown_count,2020-04-20 08:34:00
demo_session_00227,followup_shown_count,2020-04-20 08:33:00
demo_session_00229,followup_shown_count,2020-04-22 00:13:00
demo_session_00230,followup_shown_count,2020-03-07 08:29:00
demo_session_00231,followup_shown_count,2020-01-13 14:28:00
demo_session_00231,followup_shown_count,2020-01-13 14:27:00
demo_session_00231,followup_shown_count,2020-01-13 14:26:00
demo_session_00233,followup_shown_count,2020-01-24 08:46:00
demo_session_00233,followup_shown_count,2020-01-24 08:45:00
demo_session_00234,followup_shown_count,2020-03-03 12:31:00
demo_session_00234,followup_shown_count,2020-03-03 12:30:00
demo_session_00234,followup_shown_count,2020-03-03 12:29:00
demo_session_00235,followup_shown_count,2020-01-26 05:58:00
demo_session_00236,followup_shown_count,2020-02-08 01:41:00
demo_session_00236,followup_shown_count,2020-02-08 01:40:00
demo_session_00236,followup_shown_count,2020-02-08 01:39:00
demo_session_00236,followup_shown_count,2020-02-08 01:38:00
demo_session_00237,followup_shown_count,2020-04-19 08:55:00
demo_session_00237,followup_shown_count,2020-04-19 08:54:00
demo_session_00238,followup_shown_count,2020-01-06 05:07:00
demo_session_00238,followup_shown_count,2020-01-06 05:06:00
demo_session_00238,followup_shown_count,2020-01-06 05:05:00
demo_session_00238,followup_shown_count,2020-01-06 05:04:00
demo_session_00239,followup_shown_count,2020-01-10 08:41:00
demo_session_00240,followup_shown_count,2020-02-16 18:14:00
demo_session_00241,followup_shown_count,2020-03-31 03:20:00
demo_session_00241,followup_shown_count,2020-03-31 03:19:00
demo_session_00243,followup_shown_count,2020-02-04 12:34:00
demo_session_00243,followup_shown_count,2020-02-04 12:33:00
demo_session_00244,followup_shown_count,2020-02-04 21:14:00
demo_session_00245,followup_shown_count,2020-03-10 21:23:00
demo_session_00245,followup_shown_count,2020-03-10 21:22:00
demo_session_00246,followup_shown_count,2020-04-13 22:02:00
demo_session_00247,followup_shown_count,2020-01-22 06:33:00
demo_session_00250,followup_shown_count,2020-02-02 03:05:00
demo_session_00252,followup_shown_count,2020-03-16 11:04:00
demo_session_00252,followup_shown_count,2020-03-16 11:03:00
demo_session_00252,followup_shown_count,2020-03-16 11:02:00
demo_session_00253,followup_shown_count,2020-01-03 12:53:00
demo_session_00253,followup_shown_count,2020-01-03 12:52:00
demo_session_00253,followup_shown_count,2020-01-03 12:51:00
demo_session_00253,followup_shown_count,2020-01-03 12:50:00
demo_session_00254,followup_shown_count,2020-02-18 04:55:00
demo_session_00254,followup_shown_count,2020-02-18 04:54:00
demo_session_00256,followup_shown_count,2020-01-09 03:54:00
demo_session_00257,followup_shown_count,2020-02-25 23:04:00
demo_session_00257,followup_shown_count,2020-02-25 23:03:00
demo_session_00257,followup_shown_count,2020-02-25 23:02:00
demo_session_00258,followup_shown_count,2020-03-25 07:43:00
demo_session_00258,followup_shown_count,2020-03-25 07:42:00
demo_session_00258,followup_shown_count,2020-03-25 07:41:00
demo_session_00262,followup_shown_count,2020-01-09 10:45:00
demo_session_00264,followup_shown_count,2020-03-09 04:56:00
demo_session_00265,followup_shown_count,2020-04-21 05:17:00
demo_session_00265,followup_shown_count,2020-04-21 05:16:00
demo_session_00266,followup_shown_count,2020-03-31 11:18:00
demo_session_00266,followup_shown_count,2020-03-31 11:17:00
demo_session_00266,followup_shown_count,2020-03-31 11:16:00
demo_session_00266,followup_shown_count,2020-03-31 11:15:00
demo_session_00266,followup_shown_count,2020-03-31 11:14:00
demo_session_00267,followup_shown_count,2020-01-24 06:22:00
demo_session_00268,followup_shown_count,2020-02-21 07:51:00
demo_session_00268,followup_shown_count,2020-02-21 07:50:00
demo_session_00269,followup_shown_count,2020-04-12 22:11:00
demo_session_00270,followup_shown_count,2020-01-30 17:30:00
demo_session_00270,followup_shown_count,2020-01-30 17:29:00
demo_session_00272,followup_shown_count,2020-03-05 00:16:00
demo_session_00272,followup_shown_count,2020-03-05 00:15:00
demo_session_00272,followup_shown_count,2020-03-05 00:14:00
demo_session_00273,followup_shown_count,2020-03-16 04:50:00
demo_session_00273,followup_shown_count,2020-03-16 04:49:00
demo_session_00273,followup_shown_count,2020-03-16 04:48:00
demo_session_00273,followup_shown_count,2020-03-16 04:47:00
demo_session_00274,followup_shown_count,2020-03-20 13:08:00
demo_session_00276,followup_shown_count,2020-03-23 12:50:00
demo_session_00277,followup_shown_count,2020-02-19 06:28:00
demo_session_00277,followup_shown_count,2020-02-19 06:27:00
demo_session_00278,followup_shown_count,2020-03-11 19:19:00
demo_session_00278,followup_shown_count,2020-03-11 19:18:00
demo_session_00278,followup_shown_count,2020-03-11 19:17:00
demo_session_00279,followup_shown_count,2020-03-24 21:55:00
demo_session_00281,followup_shown_count,2020-01-02 05:03:00
demo_session_00282,followup_shown_count,2020-04-18 05:15:00
demo_session_00282,followup_shown_count,2020-04-18 05:14:00
demo_session_00282,followup_shown_count,2020-04-18 05:13:00
demo_session_00284,followup_shown_count,2020-03-19 02:30:00
demo_session_00285,followup_shown_count,2020-03-08 23:07:00
demo_session_00286,followup_shown_count,2020-01-15 09:57:00
demo_session_00287,followup_shown_count,2020-04-15 02:40:00
demo_session_00287,followup_shown_count,2020-04-15 02:39:00
demo_session_00287,followup_shown_count,2020-04-15 02:38:00
demo_session_00288,followup_shown_count,2020-01-10 23:40:00
demo_session_00288,followup_shown_count,2020-01-10 23:39:00
demo_session_00288,followup_shown_count,2020-01-10 23:38:00
demo_session_00289,followup_shown_count,2020-04-24 08:24:00
demo_session_00289,followup_shown_count,2020-04-24 08:23:00
demo_session_00290,followup_shown_count,2020-04-20 14:44:00
demo_session_00290,followup_shown_count,2020-04-20 14:43:00
demo_session_00290,followup_shown_count,2020-04-20 14:42:00
demo_session_00291,followup_shown_count,2020-03-10 12:45:00
demo_session_00293,followup_shown_count,2020-04-12 16:53:00
demo_session_00293,followup_shown_count,2020-04-12 16:52:00
demo_session_00294,followup_shown_count,2020-04-17 23:27:00
demo_session_00294,followup_shown_count,2020-04-17 23:26:00
demo_session_00295,followup_shown_count,2020-04-05 21:46:00
demo_session_00297,followup_shown_count,2020-04-02 20:09:00
demo_session_00298,followup_shown_count,2020-04-15 15:09:00
demo_session_00299,followup_shown_count,2020-01-14 08:59:00
demo_session_00299,followup_shown_count,2020-01-14 08:58:00
demo_session_00300,followup_shown_count,2020-02-21 05:19:00
demo_session_00300,followup_shown_count,2020-02-21 05:18:00
demo_session_00300,followup_shown_count,2020-02-21 05:17:00
demo_session_00300,followup_shown_count,2020-02-21 05:16:00
demo_session_00301,followup_shown_count,2020-02-27 10:27:00
demo_session_00303,followup_shown_count,2020-02-28 08:24:00
demo_session_00303,followup_shown_count,2020-02-28 08:23:00
demo_session_00303,followup_shown_count,2020-02-28 08:22:00
demo_session_00305,followup_shown_count,2020-04-04 11:51:00
demo_session_00306,followup_shown_count,2020-03-19 00:27:00
demo_session_00306,followup_shown_count,2020-03-19 00:26:00
demo_session_00306,followup_shown_count,2020-03-19 00:25:00
demo_session_00306,followup_shown_count,2020-03-19 00:24:00
demo_session_00307,followup_shown_count,2020-03-11 07:58:00
demo_session_00308,followup_shown_count,2020-04-19 15:29:00
demo_session_00308,followup_shown_count,2020-04-19 15:28:00
demo_session_00309,followup_shown_count,2020-04-08 09:09:00
demo_session_00310,followup_shown_count,2020-03-26 08:26:00
demo_session_00311,followup_shown_count,2020-04-24 18:33:00
demo_session_00312,followup_shown_count,2020-01-06 19:06:00
demo_session_00312,followup_shown_count,2020-01-06 19:05:00
demo_session_00313,followup_shown_count,2020-03-07 13:24:00
demo_session_00313,followup_shown_count,2020-03-07 13:23:00
demo_session_00313,followup_shown_count,2020-03-07 13:22:00
demo_session_00313,followup_shown_count,2020-03-07 13:21:00
demo_session_00313,followup_shown_count,2020-03-07 13:20:00
demo_session_00314,followup_shown_count,2020-01-04 17:25:00
demo_session_00315,followup_shown_count,2020-04-05 00:06:00
demo_session_00315,followup_shown_count,2020-04-05 00:05:00
demo_session_00315,followup_shown_count,2020-04-05 00:04:00
demo_session_00316,followup_shown_count,2020-01-16 06:07:00
demo_session_00316,followup_shown_count,2020-01-16 06:06:00
demo_session_00317,followup_shown_count,2020-03-08 06:23:00
demo_session_00318,followup_shown_count,2020-04-03 21:47:00
demo_session_00318,followup_shown_count,2020-04-03 21:46:00
demo_session_00318,followup_shown_count,2020-04-03 21:45:00
demo_session_00318,followup_shown_count,2020-04-03 21:44:00
demo_session_00319,followup_shown_count,2020-03-16 02:00:00
demo_session_00319,followup_shown_count,2020-03-16 01:59:00
demo_session_00321,followup_shown_count,2020-02-27 02:52:00
demo_session_00321,followup_shown_count,2020-02-27 02:51:00
demo_session_00322,followup_shown_count,2020-04-03 13:24:00
demo_session_00322,followup_shown_count,2020-04-03 13:23:00
demo_session_00322,followup_shown_count,2020-04-03 13:22:00
demo_session_00323,followup_shown_count,2020-04-25 03:37:00
demo_session_00324,followup_shown_count,2020-04-17 18:37:00
demo_session_00325,followup_shown_count,2020-04-08 02:36:00
demo_session_00327,followup_shown_count,2020-03-31 05:34:00
demo_session_00328,followup_shown_count,2020-01-21 00:37:00
demo_session_00328,followup_shown_count,2020-01-21 00:36:00
demo_session_00328,followup_shown_count,2020-01-21 00:35:00
demo_session_00328,followup_shown_count,2020-01-21 00:34:00
demo_session_00329,followup_shown_count,2020-02-09 13:10:00
demo_session_00331,followup_shown_count,2020-02-28 05:58:00
demo_session_00333,followup_shown_count,2020-04-13 13:09:00
demo_session_00335,followup_shown_count,2020-04-22 08:46:00
demo_session_00336,followup_shown_count,2020-01-04 08:41:00
demo_session_00337,followup_shown_count,2020-04-29 16:55:00
demo_session_00337,followup_shown_count,2020-04-29 16:54:00
demo_session_00338,followup_shown_count,2020-04-15 07:27:00
demo_session_00338,followup_shown_count,2020-04-15 07:26:00
demo_session_00339,followup_shown_count,2020-03-29 03:08:00
demo_session_00339,followup_shown_count,2020-03-29 03:07:00
demo_session_00340,followup_shown_count,2020-01-10 15:51:00
demo_session_00340,followup_shown_count,2020-01-10 15:50:00
demo_session_00340,followup_shown_count,2020-01-10 15:49:00
demo_session_00340,followup_shown_count,2020-01-10 15:48:00
demo_session_00340,followup_shown_count,2020-01-10 15:47:00
demo_session_00340,followup_shown_count,2020-01-10 15:46:00
demo_session_00341,followup_shown_count,2020-03-28 16:47:00
demo_session_00341,followup_shown_count,2020-03-28 16:46:00
demo_session_00341,followup_shown_count,2020-03-28 16:45:00
demo_session_00342,followup_shown_count,2020-03-22 01:34:00
demo_session_00343,followup_shown_count,2020-01-12 06:20:00
demo_session_00343,followup_shown_count,2020-01-12 06:19:00
demo_session_00343,followup_shown_count,2020-01-12 06:18:00
demo_session_00344,followup_shown_count,2020-01-25 05:23:00
demo_session_00345,followup_shown_count,2020-03-31 04:25:00
demo_session_00345,followup_shown_count,2020-03-31 04:24:00
demo_session_00347,followup_shown_count,2020-02-11 14:35:00
demo_session_00347,followup_shown_count,2020-02-11 14:34:00
demo_session_00348,followup_shown_count,2020-03-13 23:19:00
demo_session_00348,followup_shown_count,2020-03-13 23:18:00
demo_session_00349,followup_shown_count,2020-04-13 18:05:00
demo_session_00349,followup_shown_count,2020-04-13 18:04:00
demo_session_00350,followup_shown_count,2020-02-04 03:11:00
demo_session_00350,followup_shown_count,2020-02-04 03:10:00
demo_session_00350,followup_shown_count,2020-02-04 03:09:00
demo_session_00350,followup_shown_count,2020-02-04 03:08:00
demo_session_00352,followup_shown_count,2020-04-12 03:33:00
demo_session_00353,followup_shown_count,2020-04-22 03:00:00
demo_session_00353,followup_shown_count,2020-04-22 02:59:00
demo_session_00353,followup_shown_count,2020-04-22 02:58:00
demo_session_00353,followup_shown_count,2020-04-22 02:57:00
demo_session_00354,followup_shown_count,2020-04-12 12:41:00
demo_session_00354,followup_shown_count,2020-04-12 12:40:00
demo_session_00355,followup_shown_count,2020-02-28 01:33:00
demo_session_00355,followup_shown_count,2020-02-28 01:32:00
demo_session_00355,followup_shown_count,2020-02-28 01:31:00
demo_session_00355,followup_shown_count,2020-02-28 01:30:00
demo_session_00356,followup_shown_count,2020-03-27 10:07:00
demo_session_00356,followup_shown_count,2020-03-27 10:06:00
demo_session_00356,followup_shown_count,2020-03-27 10:05:00
demo_session_00356,followup_shown_count,2020-03-27 10:04:00
demo_session_00357,followup_shown_count,2020-01-16 08:29:00
demo_session_00359,followup_shown_count,2020-03-13 02:51:00
demo_session_00359,followup_shown_count,2020-03-13 02:50:00
demo_session_00359,followup_shown_count,2020-03-13 02:49:00
demo_session_00359,followup_shown_count,2020-03-13 02:48:00
demo_session_00359,followup_shown_count,2020-03-13 02:47:00
demo_session_00359,followup_shown_count,2020-03-13 02:46:00
demo_session_00359,followup_shown_count,2020-03-13 02:45:00
demo_session_00360,followup_shown_count,2020-03-17 06:02:00
demo_session_00360,followup_shown_count,2020-03-17 06:01:00
demo_session_00361,followup_shown_count,2020-03-24 01:02:00
demo_session_00361,followup_shown_count,2020-03-24 01:01:00
demo_session_00362,followup_shown_count,2020-04-16 17:37:00
demo_session_00362,followup_shown_count,2020-04-16 17:36:00
demo_session_00362,followup_shown_count,2020-04-16 17:35:00
demo_session_00362,followup_shown_count,2020-04-16 17:34:00
demo_session_00363,followup_shown_count,2020-04-03 13:48:00
demo_session_00363,followup_shown_count,2020-04-03 13:47:00
demo_session_00364,followup_shown_count,2020-01-05 09:42:00
demo_session_00364,followup_shown_count,2020-01-05 09:41:00
demo_session_00365,followup_shown_count,2020-03-25 05:18:00
demo_session_00365,followup_shown_count,2020-03-25 05:17:00
demo_session_00366,followup_shown_count,2020-03-28 12:54:00
demo_session_00367,followup_shown_count,2020-03-07 09:42:00
demo_session_00369,followup_shown_count,2020-01-10 19:58:00
demo_session_00370,followup_shown_count,2020-02-01 09:43:00
demo_session_00372,followup_shown_count,2020-01-01 06:33:00
demo_session_00372,followup_shown_count,2020-01-01 06:32:00
demo_session_00372,followup_shown_count,2020-01-01 06:31:00
demo_session_00374,followup_shown_count,2020-01-27 17:07:00
demo_session_00375,followup_shown_count,2020-04-03 08:38:00
demo_session_00375,followup_shown_count,2020-04-03 08:37:00
demo_session_00376,followup_shown_count,2020-01-27 09:03:00
demo_session_00376,followup_shown_count,2020-01-27 09:02:00
demo_session_00379,followup_shown_count,2020-03-31 16:23:00
demo_session_00380,followup_shown_count,2020-01-11 05:37:00
demo_session_00380,followup_shown_count,2020-01-11 05:36:00
demo_session_00380,followup_shown_count,2020-01-11 05:35:00
demo_session_00383,followup_shown_count,2020-04-25 10:49:00
demo_session_00383,followup_shown_count,2020-04-25 10:48:00
demo_session_00383,followup_shown_count,2020-04-25 10:47:00
demo_session_00383,followup_shown_count,2020-04-25 10:46:00
demo_session_00384,followup_shown_count,2020-02-07 05:23:00
demo_session_00384,followup_shown_count,2020-02-07 05:22:00
demo_session_00384,followup_shown_count,2020-02-07 05:21:00
demo_session_00385,followup_shown_count,2020-01-08 14:53:00
demo_session_00386,followup_shown_count,2020-04-28 05:11:00
demo_session_00387,followup_shown_count,2020-01-12 01:41:00
demo_session_00387,followup_shown_count,2020-01-12 01:40:00
demo_session_00387,followup_shown_count,2020-01-12 01:39:00
demo_session_00387,followup_shown_count,2020-01-12 01:38:00
demo_session_00388,followup_shown_count,2020-02-28 11:24:00
demo_session_00388,followup_shown_count,2020-02-28 11:23:00
demo_session_00389,followup_shown_count,2020-01-22 18:19:00
demo_session_00391,followup_shown_count,2020-03-31 09:04:00
demo_session_00391,followup_shown_count,2020-03-31 09:03:00
demo_session_00392,followup_shown_count,2020-01-17 07:47:00
demo_session_00392,followup_shown_count,2020-01-17 07:46:00
demo_session_00393,followup_shown_count,2020-03-19 04:01:00
demo_session_00393,followup_shown_count,2020-03-19 04:00:00
demo_session_00393,followup_shown_count,2020-03-19 03:59:00
demo_session_00395,followup_shown_count,2020-03-28 06:25:00
demo_session_00395,followup_shown_count,2020-03-28 06:24:00
demo_session_00396,followup_shown_count,2020-01-20 04:49:00
demo_session_00396,followup_shown_count,2020-01-20 04:48:00
demo_session_00396,followup_shown_count,2020-01-20 04:47:00
demo_session_00396,followup_shown_count,2020-01-20 04:46:00
demo_session_00396,followup_shown_count,2020-01-20 04:45:00
demo_session_00398,followup_shown_count,2020-01-01 10:08:00
demo_session_00398,followup_shown_count,2020-01-01 10:07:00
demo_session_00398,followup_shown_count,2020-01-01 10:06:00
demo_session_00399,followup_shown_count,2020-04-15 13:09:00
demo_session_00399,followup_shown_count,2020-04-15 13:08:00
demo_session_00400,followup_shown_count,2020-04-28 16:23:00
demo_session_00400,followup_shown_count,2020-04-28 16:22:00
demo_session_00402,followup_shown_count,2020-03-04 13:48:00
demo_session_00403,followup_shown_count,2020-01-17 02:13:00
demo_session_00403,followup_shown_count,2020-01-17 02:12:00
demo_session_00403,followup_shown_count,2020-01-17 02:11:00
demo_session_00403,followup_shown_count,2020-01-17 02:10:00
demo_session_00404,followup_shown_count,2020-04-15 03:18:00
demo_session_00405,followup_shown_count,2020-04-02 02:18:00
demo_session_00405,followup_shown_count,2020-04-02 02:17:00
demo_session_00406,followup_shown_count,2020-01-14 18:45:00
demo_session_00406,followup_shown_count,2020-01-14 18:44:00
demo_session_00408,followup_shown_count,2020-01-21 14:24:00
demo_session_00408,followup_shown_count,2020-01-21 14:23:00
demo_session_00408,followup_shown_count,2020-01-21 14:22:00
demo_session_00408,followup_shown_count,2020-01-21 14:21:00
demo_session_00408,followup_shown_count,2020-01-21 14:20:00
demo_session_00409,followup_shown_count,2020-03-12 05:00:00
demo_session_00410,followup_shown_count,2020-03-19 19:31:00
demo_session_00410,followup_shown_count,2020-03-19 19:30:00
demo_session_00411,followup_shown_count,2020-02-16 05:07:00
demo_session_00411,followup_shown_count,2020-02-16 05:06:00
demo_session_00412,followup_shown_count,2020-02-22 23:47:00
demo_session_00412,followup_shown_count,2020-02-22 23:46:00
demo_session_00412,followup_shown_count,2020-02-22 23:45:00
demo_session_00413,followup_shown_count,2020-03-26 06:51:00
demo_session_00413,followup_shown_count,2020-03-26 06:50:00
demo_session_00413,followup_shown_count,2020-03-26 06:49:00
demo_session_00413,followup_shown_count,2020-03-26 06:48:00
demo_session_00413,followup_shown_count,2020-03-26 06:47:00
demo_session_00415,followup_shown_count,2020-01-05 06:25:00
demo_session_00415,followup_shown_count,2020-01-05 06:24:00
demo_session_00415,followup_shown_count,2020-01-05 06:23:00
demo_session_00415,followup_shown_count,2020-01-05 06:22:00
demo_session_00416,followup_shown_count,2020-02-19 23:41:00
demo_session_00416,followup_shown_count,2020-02-19 23:40:00
demo_session_00416,followup_shown_count,2020-02-19 23:39:00
demo_session_00416,followup_shown_count,2020-02-19 23:38:00
demo_session_00416,followup_shown_count,2020-02-19 23:37:00
demo_session_00417,followup_shown_count,2020-02-28 22:34:00
demo_session_00417,followup_shown_count,2020-02-28 22:33:00
demo_session_00417,followup_shown_count,2020-02-28 22:32:00
demo_session_00417,followup_shown_count,2020-02-28 22:31:00
demo_session_00418,followup_shown_count,2020-02-04 08:29:00
demo_session_00418,followup_shown_count,2020-02-04 08:28:00
demo_session_00418,followup_shown_count,2020-02-04 08:27:00
demo_session_00419,followup_shown_count,2020-02-21 06:12:00
demo_session_00420,followup_shown_count,2020-01-13 06:51:00
demo_session_00420,followup_shown_count,2020-01-13 06:50:00
demo_session_00420,followup_shown_count,2020-01-13 06:49:00
demo_session_00421,followup_shown_count,2020-03-30 13:50:00
demo_session_00422,followup_shown_count,2020-04-01 23:21:00
demo_session_00422,followup_shown_count,2020-04-01 23:20:00
demo_session_00422,followup_shown_count,2020-04-01 23:19:00
demo_session_00422,followup_shown_count,2020-04-01 23:18:00
demo_session_00424,followup_shown_count,2020-03-19 05:09:00
demo_session_00424,followup_shown_count,2020-03-19 05:08:00
demo_session_00425,followup_shown_count,2020-01-29 01:04:00
demo_session_00425,followup_shown_count,2020-01-29 01:03:00
demo_session_00426,followup_shown_count,2020-02-17 10:16:00
demo_session_00427,followup_shown_count,2020-02-08 09:06:00
demo_session_00427,followup_shown_count,2020-02-08 09:05:00
demo_session_00427,followup_shown_count,2020-02-08 09:04:00
demo_session_00428,followup_shown_count,2020-04-26 12:06:00
demo_session_00428,followup_shown_count,2020-04-26 12:05:00
demo_session_00430,followup_shown_count,2020-03-16 22:47:00
demo_session_00430,followup_shown_count,2020-03-16 22:46:00
demo_session_00430,followup_shown_count,2020-03-16 22:45:00
demo_session_00430,followup_shown_count,2020-03-16 22:44:00
demo_session_00431,followup_shown_count,2020-01-26 04:25:00
demo_session_00431,followup_shown_count,2020-01-26 04:24:00
demo_session_00432,followup_shown_count,2020-04-21 06:44:00
demo_session_00433,followup_shown_count,2020-03-23 02:29:00
demo_session_00433,followup_shown_count,2020-03-23 02:28:00
demo_session_00435,followup_shown_count,2020-02-09 19:01:00
demo_session_00435,followup_shown_count,2020-02-09 19:00:00
demo_session_00436,followup_shown_count,2020-03-01 16:52:00
demo_session_00437,followup_shown_count,2020-02-20 13:58:00
demo_session_00437,followup_shown_count,2020-02-20 13:57:00
demo_session_00438,followup_shown_count,2020-04-06 02:06:00
demo_session_00438,followup_shown_count,2020-04-06 02:05:00
demo_session_00438,followup_shown_count,2020-04-06 02:04:00
demo_session_00438,followup_shown_count,2020-04-06 02:03:00
demo_session_00439,followup_shown_count,2020-03-07 21:51:00
demo_session_00439,followup_shown_count,2020-03-07 21:50:00
demo_session_00440,followup_shown_count,2020-03-07 20:38:00
demo_session_00441,followup_shown_count,2020-02-15 05:23:00
demo_session_00441,followup_shown_count,2020-02-15 05:22:00
demo_session_00441,followup_shown_count,2020-02-15 05:21:00
demo_session_00442,followup_shown_count,2020-04-11 07:21:00
demo_session_00442,followup_shown_count,2020-04-11 07:20:00
demo_session_00442,followup_shown_count,2020-04-11 07:19:00
demo_session_00442,followup_shown_count,2020-04-11 07:18:00
demo_session_00445,followup_shown_count,2020-03-19 17:49:00
demo_session_00446,followup_shown_count,2020-03-20 19:10:00
demo_session_00446,followup_shown_count,2020-03-20 19:09:00
demo_session_00447,followup_shown_count,2020-03-31 19:40:00
demo_session_00447,followup_shown_count,2020-03-31 19:39:00
demo_session_00449,followup_shown_count,2020-03-03 18:14:00
demo_session_00449,followup_shown_count,2020-03-03 18:13:00
demo_session_00449,followup_shown_count,2020-03-03 18:12:00
demo_session_00450,followup_shown_count,2020-01-16 17:56:00
demo_session_00451,followup_shown_count,2020-02-14 02:09:00
demo_session_00451,followup_shown_count,2020-02-14 02:08:00
demo_session_00451,followup_shown_count,2020-02-14 02:07:00
demo_session_00451,followup_shown_count,2020-02-14 02:06:00
demo_session_00452,followup_shown_count,2020-02-04 22:55:00
demo_session_00453,followup_shown_count,2020-01-25 03:13:00
demo_session_00453,followup_shown_count,2020-01-25 03:12:00
demo_session_00454,followup_shown_count,2020-03-06 16:03:00
demo_session_00455,followup_shown_count,2020-02-22 10:12:00
demo_session_00455,followup_shown_count,2020-02-22 10:11:00
demo_session_00455,followup_shown_count,2020-02-22 10:10:00
demo_session_00456,followup_shown_count,2020-02-24 11:31:00
demo_session_00458,followup_shown_count,2020-02-13 10:13:00
demo_session_00458,followup_shown_count,2020-02-13 10:12:00
demo_session_00459,followup_shown_count,2020-01-15 12:32:00
demo_session_00459,followup_shown_count,2020-01-15 12:31:00
demo_session_00459,followup_shown_count,2020-01-15 12:30:00
demo_session_00461,followup_shown_count,2020-01-26 20:20:00
demo_session_00461,followup_shown_count,2020-01-26 20:19:00
demo_session_00461,followup_shown_count,2020-01-26 20:18:00
demo_session_00461,followup_shown_count,2020-01-26 20:17:00
demo_session_00461,followup_shown_count,2020-01-26 20:16:00
demo_session_00462,followup_shown_count,2020-04-26 19:46:00
demo_session_00462,followup_shown_count,2020-04-26 19:45:00
demo_session_00462,followup_shown_count,2020-04-26 19:44:00
demo_session_00462,followup_shown_count,2020-04-26 19:43:00
demo_session_00463,followup_shown_count,2020-03-20 19:53:00
demo_session_00463,followup_shown_count,2020-03-20 19:52:00
demo_session_00463,followup_shown_count,2020-03-20 19:51:00
demo_session_00465,followup_shown_count,2020-03-09 23:50:00
demo_session_00465,followup_shown_count,2020-03-09 23:49:00
demo_session_00465,followup_shown_count,2020-03-09 23:48:00
demo_session_00465,followup_shown_count,2020-03-09 23:47:00
demo_session_00466,followup_shown_count,2020-04-21 21:20:00
demo_session_00466,followup_shown_count,2020-04-21 21:19:00
demo_session_00466,followup_shown_count,2020-04-21 21:18:00
demo_session_00466,followup_shown_count,2020-04-21 21:17:00
demo_session_00466,followup_shown_count,2020-04-21 21:16:00
demo_session_00466,followup_shown_count,2020-04-21 21:15:00
demo_session_00466,followup_shown_count,2020-04-21 21:14:00
demo_session_00467,followup_shown_count,2020-04-19 22:35:00
demo_session_00468,followup_shown_count,2020-02-17 14:54:00
demo_session_00468,followup_shown_count,2020-02-17 14:53:00
demo_session_00469,followup_shown_count,2020-01-04 11:35:00
demo_session_00469,followup_shown_count,2020-01-04 11:34:00
demo_session_00469,followup_shown_count,2020-01-04 11:33:00
demo_session_00470,followup_shown_count,2020-01-10 13:15:00
demo_session_00470,followup_shown_count,2020-01-10 13:14:00
demo_session_00471,followup_shown_count,2020-04-15 10:06:00
demo_session_00471,followup_shown_count,2020-04-15 10:05:00
demo_session_00471,followup_shown_count,2020-04-15 10:04:00
demo_session_00471,followup_shown_count,2020-04-15 10:03:00
demo_session_00473,followup_shown_count,2020-03-28 01:23:00
demo_session_00474,followup_shown_count,2020-03-27 13:53:00
demo_session_00474,followup_shown_count,2020-03-27 13:52:00
demo_session_00474,followup_shown_count,2020-03-27 13:51:00
demo_session_00474,followup_shown_count,2020-03-27 13:50:00
demo_session_00475,followup_shown_count,2020-04-03 01:28:00
demo_session_00476,followup_shown_count,2020-03-02 00:51:00
demo_session_00476,followup_shown_count,2020-03-02 00:50:00
demo_session_00476,followup_shown_count,2020-03-02 00:49:00
demo_session_00477,followup_shown_count,2020-02-15 10:32:00
demo_session_00478,followup_shown_count,2020-01-29 05:19:00
demo_session_00479,followup_shown_count,2020-02-06 21:04:00
demo_session_00481,followup_shown_count,2020-01-02 17:23:00
demo_session_00482,followup_shown_count,2020-01-18 10:59:00
demo_session_00483,followup_shown_count,2020-04-04 11:42:00
demo_session_00483,followup_shown_count,2020-04-04 11:41:00
demo_session_00483,followup_shown_count,2020-04-04 11:40:00
demo_session_00483,followup_shown_count,2020-04-04 11:39:00
demo_session_00484,followup_shown_count,2020-03-18 19:33:00
demo_session_00485,followup_shown_count,2020-01-20 09:15:00
demo_session_00485,followup_shown_count,2020-01-20 09:14:00
demo_session_00486,followup_shown_count,2020-01-05 08:46:00
demo_session_00486,followup_shown_count,2020-01-05 08:45:00
demo_session_00487,followup_shown_count,2020-01-28 03:14:00
demo_session_00487,followup_shown_count,2020-01-28 03:13:00
demo_session_00487,followup_shown_count,2020-01-28 03:12:00
demo_session_00488,followup_shown_count,2020-01-15 05:07:00
demo_session_00488,followup_shown_count,2020-01-15 05:06:00
demo_session_00488,followup_shown_count,2020-01-15 05:05:00
demo_session_00488,followup_shown_count,2020-01-15 05:04:00
demo_session_00489,followup_shown_count,2020-02-03 04:28:00
demo_session_00490,followup_shown_count,2020-04-09 23:12:00
demo_session_00490,followup_shown_count,2020-04-09 23:11:00
demo_session_00491,followup_shown_count,2020-04-14 08:38:00
demo_session_00492,followup_shown_count,2020-02-04 09:34:00
demo_session_00492,followup_shown_count,2020-02-04 09:33:00
demo_session_00493,followup_shown_count,2020-02-04 13:08:00
demo_session_00493,followup_shown_count,2020-02-04 13:07:00
demo_session_00493,followup_shown_count,2020-02-04 13:06:00
demo_session_00495,followup_shown_count,2020-02-21 01:57:00
demo_session_00495,followup_shown_count,2020-02-21 01:56:00
demo_session_00495,followup_shown_count,2020-02-21 01:55:00
demo_session_00495,followup_shown_count,2020-02-21 01:54:00
demo_session_00495,followup_shown_count,2020-02-21 01:53:00
demo_session_00495,followup_shown_count,2020-02-21 01:52:00
demo_session_00498,followup_shown_count,2020-02-28 21:07:00
demo_session_00498,followup_shown_count,2020-02-28 21:06:00
demo_session_00498,followup_shown_count,2020-02-28 21:05:00
demo_session_00498,followup_shown_count,2020-02-28 21:04:00
demo_session_00498,followup_shown_count,2020-02-28 21:03:00
demo_session_00499,followup_shown_count,2020-04-17 01:43:00
demo_session_00499,followup_shown_count,2020-04-17 01:42:00
demo_session_00499,followup_shown_count,2020-04-17 01:41:00
demo_session_00500,followup_shown_count,2020-04-15 05:57:00
demo_session_00500,followup_shown_count,2020-04-15 05:56:00
demo_session_00501,followup_shown_count,2020-04-04 22:35:00
demo_session_00502,followup_shown_count,2020-04-26 15:56:00
demo_session_00503,followup_shown_count,2020-03-05 05:58:00
demo_session_00503,followup_shown_count,2020-03-05 05:57:00
demo_session_00504,followup_shown_count,2020-03-06 16:04:00
demo_session_00505,followup_shown_count,2020-01-01 06:15:00
demo_session_00506,followup_shown_count,2020-01-21 04:27:00
demo_session_00506,followup_shown_count,2020-01-21 04:26:00
demo_session_00506,followup_shown_count,2020-01-21 04:25:00
demo_session_00506,followup_shown_count,2020-01-21 04:24:00
demo_session_00507,followup_shown_count,2020-01-19 22:34:00
demo_session_00507,followup_shown_count,2020-01-19 22:33:00
demo_session_00509,followup_shown_count,2020-01-31 10:21:00
demo_session_00510,followup_shown_count,2020-03-15 15:52:00
demo_session_00510,followup_shown_count,2020-03-15 15:51:00
demo_session_00510,followup_shown_count,2020-03-15 15:50:00
demo_session_00511,followup_shown_count,2020-02-19 15:37:00
demo_session_00511,followup_shown_count,2020-02-19 15:36:00
demo_session_00512,followup_shown_count,2020-04-01 19:05:00
demo_session_00512,followup_shown_count,2020-04-01 19:04:00
demo_session_00512,followup_shown_count,2020-04-01 19:03:00
demo_session_00515,followup_shown_count,2020-03-02 17:28:00
demo_session_00515,followup_shown_count,2020-03-02 17:27:00
demo_session_00515,followup_shown_count,2020-03-02 17:26:00
demo_session_00515,followup_shown_count,2020-03-02 17:25:00
demo_session_00515,followup_shown_count,2020-03-02 17:24:00
demo_session_00515,followup_shown_count,2020-03-02 17:23:00
demo_session_00516,followup_shown_count,2020-01-30 06:18:00
demo_session_00516,followup_shown_count,2020-01-30 06:17:00
demo_session_00516,followup_shown_count,2020-01-30 06:16:00
demo_session_00516,followup_shown_count,2020-01-30 06:15:00
demo_session_00516,followup_shown_count,2020-01-30 06:14:00
demo_session_00516,followup_shown_count,2020-01-30 06:13:00
demo_session_00517,followup_shown_count,2020-02-19 10:37:00
demo_session_00518,followup_shown_count,2020-02-13 19:15:00
demo_session_00519,followup_shown_count,2020-03-28 03:03:00
demo_session_00519,followup_shown_count,2020-03-28 03:02:00
demo_session_00520,followup_shown_count,2020-02-08 20:51:00
demo_session_00521,followup_shown_count,2020-01-07 06:24:00
demo_session_00521,followup_shown_count,2020-01-07 06:23:00
demo_session_00522,followup_shown_count,2020-04-04 01:34:00
demo_session_00522,followup_shown_count,2020-04-04 01:33:00
demo_session_00523,followup_shown_count,2020-04-29 08:48:00
demo_session_00524,followup_shown_count,2020-01-31 02:34:00
demo_session_00524,followup_shown_count,2020-01-31 02:33:00
demo_session_00524,followup_shown_count,2020-01-31 02:32:00
demo_session_00525,followup_shown_count,2020-04-11 03:59:00
demo_session_00525,followup_shown_count,2020-04-11 03:58:00
demo_session_00525,followup_shown_count,2020-04-11 03:57:00
demo_session_00525,followup_shown_count,2020-04-11 03:56:00
demo_session_00525,followup_shown_count,2020-04-11 03:55:00
demo_session_00525,followup_shown_count,2020-04-11 03:54:00
demo_session_00525,followup_shown_count,2020-04-11 03:53:00
demo_session_00526,followup_shown_count,2020-01-05 17:26:00
demo_session_00526,followup_shown_count,2020-01-05 17:25:00
demo_session_00526,followup_shown_count,2020-01-05 17:24:00
demo_session_00526,followup_shown_count,2020-01-05 17:23:00
demo_session_00527,followup_shown_count,2020-02-10 04:41:00
demo_session_00528,followup_shown_count,2020-01-02 09:47:00
demo_session_00532,followup_shown_count,2020-04-10 21:17:00
demo_session_00533,followup_shown_count,2020-04-22 07:05:00
demo_session_00533,followup_shown_count,2020-04-22 07:04:00
demo_session_00537,followup_shown_count,2020-01-08 03:40:00
demo_session_00537,followup_shown_count,2020-01-08 03:39:00
demo_session_00537,followup_shown_count,2020-01-08 03:38:00
demo_session_00537,followup_shown_count,2020-01-08 03:37:00
demo_session_00538,followup_shown_count,2020-04-07 19:18:00
demo_session_00540,followup_shown_count,2020-01-03 15:47:00
demo_session_00542,followup_shown_count,2020-04-15 02:24:00
demo_session_00544,followup_shown_count,2020-04-27 02:05:00
demo_session_00544,followup_shown_count,2020-04-27 02:04:00
demo_session_00546,followup_shown_count,2020-03-17 15:19:00
demo_session_00546,followup_shown_count,2020-03-17 15:18:00
demo_session_00546,followup_shown_count,2020-03-17 15:17:00
demo_session_00546,followup_shown_count,2020-03-17 15:16:00
demo_session_00548,followup_shown_count,2020-01-09 08:20:00
demo_session_00549,followup_shown_count,2020-03-07 21:31:00
demo_session_00549,followup_shown_count,2020-03-07 21:30:00
demo_session_00549,followup_shown_count,2020-03-07 21:29:00
demo_session_00549,followup_shown_count,2020-03-07 21:28:00
demo_session_00550,followup_shown_count,2020-04-25 05:48:00
demo_session_00550,followup_shown_count,2020-04-25 05:47:00
demo_session_00550,followup_shown_count,2020-04-25 05:46:00
demo_session_00551,followup_shown_count,2020-02-26 10:16:00
demo_session_00551,followup_shown_count,2020-02-26 10:15:00
demo_session_00551,followup_shown_count,2020-02-26 10:14:00
demo_session_00552,followup_shown_count,2020-04-07 22:02:00
demo_session_00553,followup_shown_count,2020-03-29 22:38:00
demo_session_00554,followup_shown_count,2020-02-02 08:24:00
demo_session_00554,followup_shown_count,2020-02-02 08:23:00
demo_session_00554,followup_shown_count,2020-02-02 08:22:00
demo_session_00554,followup_shown_count,2020-02-02 08:21:00
demo_session_00555,followup_shown_count,2020-02-14 15:03:00
demo_session_00555,followup_shown_count,2020-02-14 15:02:00
demo_session_00556,followup_shown_count,2020-02-28 20:57:00
demo_session_00556,followup_shown_count,2020-02-28 20:56:00
demo_session_00557,followup_shown_count,2020-02-21 12:40:00
demo_session_00557,followup_shown_count,2020-02-21 12:39:00
demo_session_00557,followup_shown_count,2020-02-21 12:38:00
demo_session_00558,followup_shown_count,2020-03-12 10:26:00
demo_session_00558,followup_shown_count,2020-03-12 10:25:00
demo_session_00560,followup_shown_count,2020-02-19 13:54:00
demo_session_00560,followup_shown_count,2020-02-19 13:53:00
demo_session_00560,followup_shown_count,2020-02-19 13:52:00
demo_session_00560,followup_shown_count,2020-02-19 13:51:00
demo_session_00562,followup_shown_count,2020-03-20 02:23:00
demo_session_00564,followup_shown_count,2020-04-07 22:39:00
demo_session_00564,followup_shown_count,2020-04-07 22:38:00
demo_session_00564,followup_shown_count,2020-04-07 22:37:00
demo_session_00565,followup_shown_count,2020-03-08 12:59:00
demo_session_00566,followup_shown_count,2020-01-22 05:22:00
demo_session_00566,followup_shown_count,2020-01-22 05:21:00
demo_session_00566,followup_shown_count,2020-01-22 05:20:00
demo_session_00566,followup_shown_count,2020-01-22 05:19:00
demo_session_00567,followup_shown_count,2020-02-08 12:25:00
demo_session_00570,followup_shown_count,2020-04-23 13:11:00
demo_session_00570,followup_shown_count,2020-04-23 13:10:00
demo_session_00570,followup_shown_count,2020-04-23 13:09:00
demo_session_00570,followup_shown_count,2020-04-23 13:08:00
demo_session_00570,followup_shown_count,2020-04-23 13:07:00
demo_session_00571,followup_shown_count,2020-03-05 01:57:00
demo_session_00572,followup_shown_count,2020-04-28 17:16:00
demo_session_00572,followup_shown_count,2020-04-28 17:15:00
demo_session_00572,followup_shown_count,2020-04-28 17:14:00
demo_session_00572,followup_shown_count,2020-04-28 17:13:00
demo_session_00573,followup_shown_count,2020-01-15 08:18:00
demo_session_00573,followup_shown_count,2020-01-15 08:17:00
demo_session_00573,followup_shown_count,2020-01-15 08:16:00
demo_session_00577,followup_shown_count,2020-02-16 19:55:00
demo_session_00577,followup_shown_count,2020-02-16 19:54:00
demo_session_00577,followup_shown_count,2020-02-16 19:53:00
demo_session_00579,followup_shown_count,2020-02-12 05:44:00
demo_session_00579,followup_shown_count,2020-02-12 05:43:00
demo_session_00579,followup_shown_count,2020-02-12 05:42:00
demo_session_00580,followup_shown_count,2020-03-24 15:04:00
demo_session_00580,followup_shown_count,2020-03-24 15:03:00
demo_session_00582,followup_shown_count,2020-03-20 04:47:00
demo_session_00582,followup_shown_count,2020-03-20 04:46:00
demo_session_00582,followup_shown_count,2020-03-20 04:45:00
demo_session_00583,followup_shown_count,2020-02-29 10:46:00
demo_session_00583,followup_shown_count,2020-02-29 10:45:00
demo_session_00583,followup_shown_count,2020-02-29 10:44:00
demo_session_00583,followup_shown_count,2020-02-29 10:43:00
demo_session_00584,followup_shown_count,2020-04-05 16:05:00
demo_session_00585,followup_shown_count,2020-01-05 12:21:00
demo_session_00586,followup_shown_count,2020-01-22 20:59:00
demo_session_00587,followup_shown_count,2020-03-13 20:40:00
demo_session_00587,followup_shown_count,2020-03-13 20:39:00
demo_session_00587,followup_shown_count,2020-03-13 20:38:00
demo_session_00587,followup_shown_count,2020-03-13 20:37:00
demo_session_00587,followup_shown_count,2020-03-13 20:36:00
demo_session_00589,followup_shown_count,2020-02-04 06:21:00
demo_session_00590,followup_shown_count,2020-04-21 22:49:00
demo_session_00590,followup_shown_count,2020-04-21 22:48:00
demo_session_00591,followup_shown_count,2020-04-18 14:35:00
demo_session_00591,followup_shown_count,2020-04-18 14:34:00
demo_session_00592,followup_shown_count,2020-01-12 00:34:00
demo_session_00592,followup_shown_count,2020-01-12 00:33:00
demo_session_00592,followup_shown_count,2020-01-12 00:32:00
demo_session_00593,followup_shown_count,2020-03-04 03:54:00
demo_session_00593,followup_shown_count,2020-03-04 03:53:00
demo_session_00594,followup_shown_count,2020-03-21 00:37:00
demo_session_00594,followup_shown_count,2020-03-21 00:36:00
demo_session_00595,followup_shown_count,2020-04-03 16:04:00
demo_session_00595,followup_shown_count,2020-04-03 16:03:00
demo_session_00595,followup_shown_count,2020-04-03 16:02:00
demo_session_00597,followup_shown_count,2020-04-12 03:24:00
demo_session_00598,followup_shown_count,2020-03-19 15:30:00
demo_session_00600,followup_shown_count,2020-03-22 15:38:00
demo_session_00601,followup_shown_count,2020-04-14 11:24:00
demo_session_00601,followup_shown_count,2020-04-14 11:23:00
demo_session_00602,followup_shown_count,2020-01-04 13:44:00
demo_session_00603,followup_shown_count,2020-01-28 01:19:00
demo_session_00604,followup_shown_count,2020-03-04 20:31:00
demo_session_00604,followup_shown_count,2020-03-04 20:30:00
demo_session_00605,followup_shown_count,2020-02-06 09:31:00
demo_session_00605,followup_shown_count,2020-02-06 09:30:00
demo_session_00606,followup_shown_count,2020-01-24 18:00:00
demo_session_00607,followup_shown_count,2020-03-25 22:50:00
demo_session_00608,followup_shown_count,2020-04-29 03:36:00
demo_session_00608,followup_shown_count,2020-04-29 03:35:00
demo_session_00608,followup_shown_count,2020-04-29 03:34:00
demo_session_00608,followup_shown_count,2020-04-29 03:33:00
demo_session_00609,followup_shown_count,2020-03-05 12:19:00
demo_session_00612,followup_shown_count,2020-02-20 00:55:00
demo_session_00612,followup_shown_count,2020-02-20 00:54:00
demo_session_00612,followup_shown_count,2020-02-20 00:53:00
demo_session_00612,followup_shown_count,2020-02-20 00:52:00
demo_session_00612,followup_shown_count,2020-02-20 00:51:00
demo_session_00613,followup_shown_count,2020-03-22 07:50:00
demo_session_00613,followup_shown_count,2020-03-22 07:49:00
demo_session_00614,followup_shown_count,2020-04-06 18:59:00
demo_session_00614,followup_shown_count,2020-04-06 18:58:00
demo_session_00615,followup_shown_count,2020-01-14 17:01:00
demo_session_00618,followup_shown_count,2020-04-05 02:15:00
demo_session_00621,followup_shown_count,2020-03-16 01:03:00
demo_session_00621,followup_shown_count,2020-03-16 01:02:00
demo_session_00621,followup_shown_count,2020-03-16 01:01:00
demo_session_00622,followup_shown_count,2020-03-04 21:09:00
demo_session_00622,followup_shown_count,2020-03-04 21:08:00
demo_session_00622,followup_shown_count,2020-03-04 21:07:00
demo_session_00622,followup_shown_count,2020-03-04 21:06:00
demo_session_00622,followup_shown_count,2020-03-04 21:05:00
demo_session_00623,followup_shown_count,2020-04-08 02:11:00
demo_session_00623,followup_shown_count,2020-04-08 02:10:00
demo_session_00623,followup_shown_count,2020-04-08 02:09:00
demo_session_00623,followup_shown_count,2020-04-08 02:08:00
demo_session_00623,followup_shown_count,2020-04-08 02:07:00
demo_session_00623,followup_shown_count,2020-04-08 02:06:00
demo_session_00623,followup_shown_count,2020-04-08 02:05:00
demo_session_00624,followup_shown_count,2020-01-19 20:44:00
demo_session_00624,followup_shown_count,2020-01-19 20:43:00
demo_session_00624,followup_shown_count,2020-01-19 20:42:00
demo_session_00624,followup_shown_count,2020-01-19 20:41:00
demo_session_00624,followup_shown_count,2020-01-19 20:40:00
demo_session_00624,followup_shown_count,2020-01-19 20:39:00
demo_session_00624,followup_shown_count,2020-01-19 20:38:00
demo_session_00625,followup_shown_count,2020-03-24 06:04:00
demo_session_00625,followup_shown_count,2020-03-24 06:03:00
demo_session_00625,followup_shown_count,2020-03-24 06:02:00
demo_session_00626,followup_shown_count,2020-04-10 03:03:00
demo_session_00628,followup_shown_count,2020-03-26 03:28:00
demo_session_00628,followup_shown_count,2020-03-26 03:27:00
demo_session_00629,followup_shown_count,2020-01-09 09:47:00
demo_session_00629,followup_shown_count,2020-01-09 09:46:00
demo_session_00631,followup_shown_count,2020-02-16 22:08:00
demo_session_00631,followup_shown_count,2020-02-16 22:07:00
demo_session_00632,followup_shown_count,2020-04-29 23:27:00
demo_session_00632,followup_shown_count,2020-04-29 23:26:00
demo_session_00634,followup_shown_count,2020-02-21 11:08:00
demo_session_00635,followup_shown_count,2020-04-02 02:08:00
demo_session_00635,followup_shown_count,2020-04-02 02:07:00
demo_session_00635,followup_shown_count,2020-04-02 02:06:00
demo_session_00635,followup_shown_count,2020-04-02 02:05:00
demo_session_00636,followup_shown_count,2020-04-05 19:06:00
demo_session_00637,followup_shown_count,2020-03-21 13:51:00
demo_session_00637,followup_shown_count,2020-03-21 13:50:00
demo_session_00637,followup_shown_count,2020-03-21 13:49:00
demo_session_00637,followup_shown_count,2020-03-21 13:48:00
demo_session_00637,followup_shown_count,2020-03-21 13:47:00
demo_session_00638,followup_shown_count,2020-01-04 15:13:00
demo_session_00638,followup_shown_count,2020-01-04 15:12:00
demo_session_00639,followup_shown_count,2020-04-14 15:55:00
demo_session_00639,followup_shown_count,2020-04-14 15:54:00
demo_session_00641,followup_shown_count,2020-03-01 12:15:00
demo_session_00641,followup_shown_count,2020-03-01 12:14:00
demo_session_00642,followup_shown_count,2020-03-28 19:23:00
demo_session_00643,followup_shown_count,2020-02-04 15:26:00
demo_session_00643,followup_shown_count,2020-02-04 15:25:00
demo_session_00643,followup_shown_count,2020-02-04 15:24:00
demo_session_00643,followup_shown_count,2020-02-04 15:23:00
demo_session_00643,followup_shown_count,2020-02-04 15:22:00
demo_session_00644,followup_shown_count,2020-03-23 06:22:00
demo_session_00646,followup_shown_count,2020-01-19 17:59:00
demo_session_00646,followup_shown_count,2020-01-19 17:58:00
demo_session_00646,followup_shown_count,2020-01-19 17:57:00
demo_session_00647,followup_shown_count,2020-01-26 20:37:00
demo_session_00647,followup_shown_count,2020-01-26 20:36:00
demo_session_00648,followup_shown_count,2020-04-01 12:56:00
demo_session_00649,followup_shown_count,2020-01-08 06:18:00
demo_session_00649,followup_shown_count,2020-01-08 06:17:00
demo_session_00649,followup_shown_count,2020-01-08 06:16:00
demo_session_00649,followup_shown_count,2020-01-08 06:15:00
demo_session_00649,followup_shown_count,2020-01-08 06:14:00
demo_session_00650,followup_shown_count,2020-02-15 19:10:00
demo_session_00651,followup_shown_count,2020-02-29 23:04:00
demo_session_00651,followup_shown_count,2020-02-29 23:03:00
demo_session_00651,followup_shown_count,2020-02-29 23:02:00
demo_session_00651,followup_shown_count,2020-02-29 23:01:00
demo_session_00651,followup_shown_count,2020-02-29 23:00:00
demo_session_00651,followup_shown_count,2020-02-29 22:59:00
demo_session_00652,followup_shown_count,2020-02-16 01:53:00
demo_session_00653,followup_shown_count,2020-02-19 15:09:00
demo_session_00654,followup_shown_count,2020-04-26 14:57:00
demo_session_00656,followup_shown_count,2020-04-27 18:52:00
demo_session_00656,followup_shown_count,2020-04-27 18:51:00
demo_session_00656,followup_shown_count,2020-04-27 18:50:00
demo_session_00657,followup_shown_count,2020-03-27 13:15:00
demo_session_00657,followup_shown_count,2020-03-27 13:14:00
demo_session_00658,followup_shown_count,2020-04-20 03:23:00
demo_session_00659,followup_shown_count,2020-03-18 07:42:00
demo_session_00659,followup_shown_count,2020-03-18 07:41:00
demo_session_00659,followup_shown_count,2020-03-18 07:40:00
demo_session_00659,followup_shown_count,2020-03-18 07:39:00
demo_session_00659,followup_shown_count,2020-03-18 07:38:00
demo_session_00659,followup_shown_count,2020-03-18 07:37:00
demo_session_00660,followup_shown_count,2020-04-23 06:18:00
demo_session_00662,followup_shown_count,2020-03-27 05:00:00
demo_session_00663,followup_shown_count,2020-03-26 04:51:00
demo_session_00663,followup_shown_count,2020-03-26 04:50:00
demo_session_00664,followup_shown_count,2020-04-21 19:32:00
demo_session_00665,followup_shown_count,2020-01-10 22:30:00
demo_session_00665,followup_shown_count,2020-01-10 22:29:00
demo_session_00666,followup_shown_count,2020-03-01 23:33:00
demo_session_00666,followup_shown_count,2020-03-01 23:32:00
demo_session_00667,followup_shown_count,2020-03-03 02:50:00
demo_session_00668,followup_shown_count,2020-01-12 07:45:00
demo_session_00668,followup_shown_count,2020-01-12 07:44:00
demo_session_00670,followup_shown_count,2020-02-27 16:44:00
demo_session_00670,followup_shown_count,2020-02-27 16:43:00
demo_session_00670,followup_shown_count,2020-02-27 16:42:00
demo_session_00671,followup_shown_count,2020-02-29 21:03:00
demo_session_00672,followup_shown_count,2020-03-22 21:01:00
demo_session_00672,followup_shown_count,2020-03-22 21:00:00
demo_session_00672,followup_shown_count,2020-03-22 20:59:00
demo_session_00672,followup_shown_count,2020-03-22 20:58:00
demo_session_00672,followup_shown_count,2020-03-22 20:57:00
demo_session_00673,followup_shown_count,2020-03-30 16:30:00
demo_session_00673,followup_shown_count,2020-03-30 16:29:00
demo_session_00674,followup_shown_count,2020-03-20 11:25:00
demo_session_00674,followup_shown_count,2020-03-20 11:24:00
demo_session_00674,followup_shown_count,2020-03-20 11:23:00
demo_session_00674,followup_shown_count,2020-03-20 11:22:00
demo_session_00675,followup_shown_count,2020-02-16 06:24:00
demo_session_00676,followup_shown_count,2020-04-25 15:01:00
demo_session_00677,followup_shown_count,2020-01-26 13:17:00
demo_session_00677,followup_shown_count,2020-01-26 13:16:00
demo_session_00677,followup_shown_count,2020-01-26 13:15:00
demo_session_00677,followup_shown_count,2020-01-26 13:14:00
demo_session_00678,followup_shown_count,2020-02-10 18:53:00
demo_session_00678,followup_shown_count,2020-02-10 18:52:00
demo_session_00678,followup_shown_count,2020-02-10 18:51:00
demo_session_00678,followup_shown_count,2020-02-10 18:50:00
demo_session_00678,followup_shown_count,2020-02-10 18:49:00
demo_session_00679,followup_shown_count,2020-02-28 08:50:00
demo_session_00679,followup_shown_count,2020-02-28 08:49:00
demo_session_00679,followup_shown_count,2020-02-28 08:48:00
demo_session_00679,followup_shown_count,2020-02-28 08:47:00
demo_session_00679,followup_shown_count,2020-02-28 08:46:00
demo_session_00680,followup_shown_count,2020-02-07 12:08:00
demo_session_00681,followup_shown_count,2020-02-11 01:37:00
demo_session_00681,followup_shown_count,2020-02-11 01:36:00
demo_session_00682,followup_shown_count,2020-04-21 05:55:00
demo_session_00683,followup_shown_count,2020-01-19 03:39:00
demo_session_00683,followup_shown_count,2020-01-19 03:38:00
demo_session_00683,followup_shown_count,2020-01-19 03:37:00
demo_session_00683,followup_shown_count,2020-01-19 03:36:00
demo_session_00685,followup_shown_count,2020-02-26 12:42:00
demo_session_00685,followup_shown_count,2020-02-26 12:41:00
demo_session_00687,followup_shown_count,2020-01-25 04:06:00
demo_session_00691,followup_shown_count,2020-03-12 02:27:00
demo_session_00691,followup_shown_count,2020-03-12 02:26:00
demo_session_00692,followup_shown_count,2020-02-15 04:33:00
demo_session_00692,followup_shown_count,2020-02-15 04:32:00
demo_session_00692,followup_shown_count,2020-02-15 04:31:00
demo_session_00692,followup_shown_count,2020-02-15 04:30:00
demo_session_00692,followup_shown_count,2020-02-15 04:29:00
demo_session_00692,followup_shown_count,2020-02-15 04:28:00
demo_session_00693,followup_shown_count,2020-04-03 20:42:00
demo_session_00694,followup_shown_count,2020-02-14 00:16:00
demo_session_00698,followup_shown_count,2020-01-13 05:21:00
demo_session_00699,followup_shown_count,2020-04-17 05:23:00
demo_session_00699,followup_shown_count,2020-04-17 05:22:00
demo_session_00699,followup_shown_count,2020-04-17 05:21:00
demo_session_00702,followup_shown_count,2020-02-10 19:02:00
demo_session_00704,followup_shown_count,2020-03-14 20:50:00
demo_session_00704,followup_shown_count,2020-03-14 20:49:00
demo_session_00704,followup_shown_count,2020-03-14 20:48:00
demo_session_00704,followup_shown_count,2020-03-14 20:47:00
demo_session_00704,followup_shown_count,2020-03-14 20:46:00
demo_session_00705,followup_shown_count,2020-04-02 10:37:00
demo_session_00707,followup_shown_count,2020-04-08 23:32:00
demo_session_00708,followup_shown_count,2020-04-26 01:58:00
demo_session_00708,followup_shown_count,2020-04-26 01:57:00
demo_session_00708,followup_shown_count,2020-04-26 01:56:00
demo_session_00708,followup_shown_count,2020-04-26 01:55:00
demo_session_00709,followup_shown_count,2020-03-31 05:18:00
demo_session_00710,followup_shown_count,2020-02-08 03:34:00
demo_session_00711,followup_shown_count,2020-04-18 06:56:00
demo_session_00713,followup_shown_count,2020-02-26 17:48:00
demo_session_00713,followup_shown_count,2020-02-26 17:47:00
demo_session_00713,followup_shown_count,2020-02-26 17:46:00
demo_session_00714,followup_shown_count,2020-01-08 04:20:00
demo_session_00714,followup_shown_count,2020-01-08 04:19:00
demo_session_00715,followup_shown_count,2020-04-24 10:00:00
demo_session_00715,followup_shown_count,2020-04-24 09:59:00
demo_session_00715,followup_shown_count,2020-04-24 09:58:00
demo_session_00716,followup_shown_count,2020-03-05 20:41:00
demo_session_00716,followup_shown_count,2020-03-05 20:40:00
demo_session_00716,followup_shown_count,2020-03-05 20:39:00
demo_session_00717,followup_shown_count,2020-02-18 00:48:00
demo_session_00718,followup_shown_count,2020-03-13 20:25:00
demo_session_00718,followup_shown_count,2020-03-13 20:24:00
demo_session_00719,followup_shown_count,2020-01-09 10:07:00
demo_session_00719,followup_shown_count,2020-01-09 10:06:00
demo_session_00720,followup_shown_count,2020-04-09 02:03:00
demo_session_00720,followup_shown_count,2020-04-09 02:02:00
demo_session_00720,followup_shown_count,2020-04-09 02:01:00
demo_session_00720,followup_shown_count,2020-04-09 02:00:00
demo_session_00720,followup_shown_count,2020-04-09 01:59:00
demo_session_00720,followup_shown_count,2020-04-09 01:58:00
demo_session_00720,followup_shown_count,2020-04-09 01:57:00
demo_session_00721,followup_shown_count,2020-01-22 20:28:00
demo_session_00721,followup_shown_count,2020-01-22 20:27:00
demo_session_00723,followup_shown_count,2020-03-07 23:47:00
demo_session_00723,followup_shown_count,2020-03-07 23:46:00
demo_session_00727,followup_shown_count,2020-01-19 21:16:00
demo_session_00728,followup_shown_count,2020-04-24 11:46:00
demo_session_00730,followup_shown_count,2020-02-28 20:25:00
demo_session_00730,followup_shown_count,2020-02-28 20:24:00
demo_session_00732,followup_shown_count,2020-01-19 19:21:00
demo_session_00732,followup_shown_count,2020-01-19 19:20:00
demo_session_00732,followup_shown_count,2020-01-19 19:19:00
demo_session_00732,followup_shown_count,2020-01-19 19:18:00
demo_session_00732,followup_shown_count,2020-01-19 19:17:00
demo_session_00732,followup_shown_count,2020-01-19 19:16:00
demo_session_00732,followup_shown_count,2020-01-19 19:15:00
demo_session_00733,followup_shown_count,2020-01-20 20:46:00
demo_session_00733,followup_shown_count,2020-01-20 20:45:00
demo_session_00733,followup_shown_count,2020-01-20 20:44:00
demo_session_00734,followup_shown_count,2020-04-25 02:03:00
demo_session_00734,followup_shown_count,2020-04-25 02:02:00
demo_session_00734,followup_shown_count,2020-04-25 02:01:00
demo_session_00734,followup_shown_count,2020-04-25 02:00:00
demo_session_00739,followup_shown_count,2020-04-01 15:19:00
demo_session_00740,followup_shown_count,2020-02-18 00:37:00
demo_session_00740,followup_shown_count,2020-02-18 00:36:00
demo_session_00741,followup_shown_count,2020-03-20 06:09:00
demo_session_00742,followup_shown_count,2020-04-17 11:23:00
demo_session_00742,followup_shown_count,2020-04-17 11:22:00
demo_session_00743,followup_shown_count,2020-01-31 00:13:00
demo_session_00744,followup_shown_count,2020-04-04 20:06:00
demo_session_00745,followup_shown_count,2020-04-29 16:22:00
demo_session_00745,followup_shown_count,2020-04-29 16:21:00
demo_session_00745,followup_shown_count,2020-04-29 16:20:00
demo_session_00745,followup_shown_count,2020-04-29 16:19:00
demo_session_00745,followup_shown_count,2020-04-29 16:18:00
demo_session_00747,followup_shown_count,2020-04-16 14:08:00
demo_session_00748,followup_shown_count,2020-01-03 15:48:00
demo_session_00748,followup_shown_count,2020-01-03 15:47:00
demo_session_00750,followup_shown_count,2020-02-03 04:15:00
demo_session_00751,followup_shown_count,2020-01-04 12:02:00
demo_session_00753,followup_shown_count,2020-03-04 10:39:00
demo_session_00753,followup_shown_count,2020-03-04 10:38:00
demo_session_00753,followup_shown_count,2020-03-04 10:37:00
demo_session_00753,followup_shown_count,2020-03-04 10:36:00
demo_session_00754,followup_shown_count,2020-02-15 12:14:00
demo_session_00755,followup_shown_count,2020-04-13 19:43:00
demo_session_00755,followup_shown_count,2020-04-13 19:42:00
demo_session_00755,followup_shown_count,2020-04-13 19:41:00
demo_session_00755,followup_shown_count,2020-04-13 19:40:00
demo_session_00756,followup_shown_count,2020-01-30 18:55:00
demo_session_00756,followup_shown_count,2020-01-30 18:54:00
demo_session_00756,followup_shown_count,2020-01-30 18:53:00
demo_session_00758,followup_shown_count,2020-03-17 07:04:00
demo_session_00758,followup_shown_count,2020-03-17 07:03:00
demo_session_00758,followup_shown_count,2020-03-17 07:02:00
demo_session_00758,followup_shown_count,2020-03-17 07:01:00
demo_session_00759,followup_shown_count,2020-04-17 16:56:00
demo_session_00759,followup_shown_count,2020-04-17 16:55:00
demo_session_00760,followup_shown_count,2020-01-01 20:03:00
demo_session_00760,followup_shown_count,2020-01-01 20:02:00
demo_session_00761,followup_shown_count,2020-04-26 08:11:00
demo_session_00762,followup_shown_count,2020-01-01 06:30:00
demo_session_00763,followup_shown_count,2020-03-26 13:30:00
demo_session_00763,followup_shown_count,2020-03-26 13:29:00
demo_session_00763,followup_shown_count,2020-03-26 13:28:00
demo_session_00764,followup_shown_count,2020-03-31 07:16:00
demo_session_00766,followup_shown_count,2020-01-05 05:27:00
demo_session_00767,followup_shown_count,2020-01-05 08:51:00
demo_session_00767,followup_shown_count,2020-01-05 08:50:00
demo_session_00768,followup_shown_count,2020-01-16 12:52:00
demo_session_00769,followup_shown_count,2020-01-19 04:02:00
demo_session_00772,followup_shown_count,2020-04-06 15:09:00
demo_session_00773,followup_shown_count,2020-01-08 08:47:00
demo_session_00775,followup_shown_count,2020-02-24 09:55:00
demo_session_00775,followup_shown_count,2020-02-24 09:54:00
demo_session_00776,followup_shown_count,2020-03-05 20:12:00
demo_session_00776,followup_shown_count,2020-03-05 20:11:00
demo_session_00776,followup_shown_count,2020-03-05 20:10:00
demo_session_00777,followup_shown_count,2020-04-04 01:33:00
demo_session_00777,followup_shown_count,2020-04-04 01:32:00
demo_session_00778,followup_shown_count,2020-01-26 04:11:00
demo_session_00778,followup_shown_count,2020-01-26 04:10:00
demo_session_00778,followup_shown_count,2020-01-26 04:09:00
demo_session_00778,followup_shown_count,2020-01-26 04:08:00
demo_session_00778,followup_shown_count,2020-01-26 04:07:00
demo_session_00778,followup_shown_count,2020-01-26 04:06:00
demo_session_00778,followup_shown_count,2020-01-26 04:05:00
demo_session_00778,followup_shown_count,2020-01-26 04:04:00
demo_session_00778,followup_shown_count,2020-01-26 04:03:00
demo_session_00778,followup_shown_count,2020-01-26 04:02:00
demo_session_00779,followup_shown_count,2020-01-01 12:13:00
demo_session_00779,followup_shown_count,2020-01-01 12:12:00
demo_session_00780,followup_shown_count,2020-01-27 12:08:00
demo_session_00781,followup_shown_count,2020-04-06 10:25:00
demo_session_00781,followup_shown_count,2020-04-06 10:24:00
demo_session_00781,followup_shown_count,2020-04-06 10:23:00
demo_session_00781,followup_shown_count,2020-04-06 10:22:00
demo_session_00782,followup_shown_count,2020-03-11 23:14:00
demo_session_00782,followup_shown_count,2020-03-11 23:13:00
demo_session_00782,followup_shown_count,2020-03-11 23:12:00
demo_session_00784,followup_shown_count,2020-04-10 03:09:00
demo_session_00784,followup_shown_count,2020-04-10 03:08:00
demo_session_00785,followup_shown_count,2020-01-19 05:42:00
demo_session_00785,followup_shown_count,2020-01-19 05:41:00
demo_session_00785,followup_shown_count,2020-01-19 05:40:00
demo_session_00786,followup_shown_count,2020-01-07 22:26:00
demo_session_00786,followup_shown_count,2020-01-07 22:25:00
demo_session_00787,followup_shown_count,2020-01-03 13:27:00
demo_session_00787,followup_shown_count,2020-01-03 13:26:00
demo_session_00788,followup_shown_count,2020-01-23 16:35:00
demo_session_00788,followup_shown_count,2020-01-23 16:34:00
demo_session_00788,followup_shown_count,2020-01-23 16:33:00
demo_session_00789,followup_shown_count,2020-02-27 12:33:00
demo_session_00789,followup_shown_count,2020-02-27 12:32:00
demo_session_00789,followup_shown_count,2020-02-27 12:31:00
demo_session_00789,followup_shown_count,2020-02-27 12:30:00
demo_session_00789,followup_shown_count,2020-02-27 12:29:00
demo_session_00790,followup_shown_count,2020-01-02 23:26:00
demo_session_00790,followup_shown_count,2020-01-02 23:25:00
demo_session_00792,followup_shown_count,2020-02-27 09:56:00
demo_session_00792,followup_shown_count,2020-02-27 09:55:00
demo_session_00792,followup_shown_count,2020-02-27 09:54:00
demo_session_00793,followup_shown_count,2020-03-29 10:03:00
demo_session_00794,followup_shown_count,2020-04-14 17:39:00
demo_session_00794,followup_shown_count,2020-04-14 17:38:00
demo_session_00794,followup_shown_count,2020-04-14 17:37:00
demo_session_00795,followup_shown_count,2020-01-05 03:55:00
demo_session_00795,followup_shown_count,2020-01-05 03:54:00
demo_session_00796,followup_shown_count,2020-02-22 01:32:00
demo_session_00796,followup_shown_count,2020-02-22 01:31:00
demo_session_00796,followup_shown_count,2020-02-22 01:30:00
demo_session_00796,followup_shown_count,2020-02-22 01:29:00
demo_session_00797,followup_shown_count,2020-03-21 18:59:00
demo_session_00797,followup_shown_count,2020-03-21 18:58:00
demo_session_00798,followup_shown_count,2020-04-29 14:40:00
demo_session_00798,followup_shown_count,2020-04-29 14:39:00
demo_session_00799,followup_shown_count,2020-04-08 03:05:00
demo_session_00799,followup_shown_count,2020-04-08 03:04:00
demo_session_00799,followup_shown_count,2020-04-08 03:03:00
demo_session_00799,followup_shown_count,2020-04-08 03:02:00
demo_session_00799,followup_shown_count,2020-04-08 03:01:00
demo_session_00800,followup_shown_count,2020-01-27 00:47:00
demo_session_00800,followup_shown_count,2020-01-27 00:46:00
demo_session_00800,followup_shown_count,2020-01-27 00:45:00
demo_session_00801,followup_shown_count,2020-02-02 12:36:00
demo_session_00801,followup_shown_count,2020-02-02 12:35:00
demo_session_00802,followup_shown_count,2020-04-05 22:16:00
demo_session_00802,followup_shown_count,2020-04-05 22:15:00
demo_session_00802,followup_shown_count,2020-04-05 22:14:00
demo_session_00803,followup_shown_count,2020-03-19 09:48:00
demo_session_00803,followup_shown_count,2020-03-19 09:47:00
demo_session_00804,followup_shown_count,2020-01-30 22:56:00
demo_session_00804,followup_shown_count,2020-01-30 22:55:00
demo_session_00804,followup_shown_count,2020-01-30 22:54:00
demo_session_00806,followup_shown_count,2020-04-21 11:19:00
demo_session_00806,followup_shown_count,2020-04-21 11:18:00
demo_session_00806,followup_shown_count,2020-04-21 11:17:00
demo_session_00806,followup_shown_count,2020-04-21 11:16:00
demo_session_00806,followup_shown_count,2020-04-21 11:15:00
demo_session_00807,followup_shown_count,2020-01-25 16:11:00
demo_session_00808,followup_shown_count,2020-02-09 13:41:00
demo_session_00809,followup_shown_count,2020-04-18 04:19:00
demo_session_00809,followup_shown_count,2020-04-18 04:18:00
demo_session_00810,followup_shown_count,2020-03-21 17:53:00
demo_session_00812,followup_shown_count,2020-02-04 10:33:00
demo_session_00812,followup_shown_count,2020-02-04 10:32:00
demo_session_00812,followup_shown_count,2020-02-04 10:31:00
demo_session_00813,followup_shown_count,2020-04-10 20:33:00
demo_session_00813,followup_shown_count,2020-04-10 20:32:00
demo_session_00813,followup_shown_count,2020-04-10 20:31:00
demo_session_00814,followup_shown_count,2020-02-03 15:10:00
demo_session_00815,followup_shown_count,2020-03-25 04:45:00
demo_session_00815,followup_shown_count,2020-03-25 04:44:00
demo_session_00815,followup_shown_count,2020-03-25 04:43:00
demo_session_00817,followup_shown_count,2020-01-27 12:12:00
demo_session_00817,followup_shown_count,2020-01-27 12:11:00
demo_session_00818,followup_shown_count,2020-02-14 04:25:00
demo_session_00819,followup_shown_count,2020-03-26 08:35:00
demo_session_00819,followup_shown_count,2020-03-26 08:34:00
demo_session_00819,followup_shown_count,2020-03-26 08:33:00
demo_session_00819,followup_shown_count,2020-03-26 08:32:00
demo_session_00819,followup_shown_count,2020-03-26 08:31:00
demo_session_00821,followup_shown_count,2020-01-04 02:52:00
demo_session_00822,followup_shown_count,2020-04-18 16:06:00
demo_session_00822,followup_shown_count,2020-04-18 16:05:00
demo_session_00824,followup_shown_count,2020-03-18 20:28:00
demo_session_00824,followup_shown_count,2020-03-18 20:27:00
demo_session_00825,followup_shown_count,2020-02-04 05:56:00
demo_session_00825,followup_shown_count,2020-02-04 05:55:00
demo_session_00825,followup_shown_count,2020-02-04 05:54:00
demo_session_00826,followup_shown_count,2020-02-02 02:55:00
demo_session_00827,followup_shown_count,2020-04-16 16:51:00
demo_session_00827,followup_shown_count,2020-04-16 16:50:00
demo_session_00829,followup_shown_count,2020-04-19 20:17:00
demo_session_00829,followup_shown_count,2020-04-19 20:16:00
demo_session_00829,followup_shown_count,2020-04-19 20:15:00
demo_session_00829,followup_shown_count,2020-04-19 20:14:00
demo_session_00830,followup_shown_count,2020-01-03 12:04:00
demo_session_00831,followup_shown_count,2020-02-02 12:26:00
demo_session_00831,followup_shown_count,2020-02-02 12:25:00
demo_session_00831,followup_shown_count,2020-02-02 12:24:00
demo_session_00833,followup_shown_count,2020-02-26 23:00:00
demo_session_00833,followup_shown_count,2020-02-26 22:59:00
demo_session_00833,followup_shown_count,2020-02-26 22:58:00
demo_session_00833,followup_shown_count,2020-02-26 22:57:00
demo_session_00835,followup_shown_count,2020-04-27 19:03:00
demo_session_00835,followup_shown_count,2020-04-27 19:02:00
demo_session_00836,followup_shown_count,2020-01-28 17:09:00
demo_session_00838,followup_shown_count,2020-04-29 07:38:00
demo_session_00839,followup_shown_count,2020-01-09 08:45:00
demo_session_00839,followup_shown_count,2020-01-09 08:44:00
demo_session_00840,followup_shown_count,2020-02-23 10:09:00
demo_session_00840,followup_shown_count,2020-02-23 10:08:00
demo_session_00840,followup_shown_count,2020-02-23 10:07:00
demo_session_00843,followup_shown_count,2020-02-20 13:43:00
demo_session_00844,followup_shown_count,2020-01-31 10:16:00
demo_session_00845,followup_shown_count,2020-02-06 18:24:00
demo_session_00845,followup_shown_count,2020-02-06 18:23:00
demo_session_00845,followup_shown_count,2020-02-06 18:22:00
demo_session_00845,followup_shown_count,2020-02-06 18:21:00
demo_session_00845,followup_shown_count,2020-02-06 18:20:00
demo_session_00846,followup_shown_count,2020-01-26 12:23:00
demo_session_00846,followup_shown_count,2020-01-26 12:22:00
demo_session_00847,followup_shown_count,2020-03-03 09:20:00
demo_session_00847,followup_shown_count,2020-03-03 09:19:00
demo_session_00847,followup_shown_count,2020-03-03 09:18:00
demo_session_00847,followup_shown_count,2020-03-03 09:17:00
demo_session_00850,followup_shown_count,2020-02-12 09:52:00
demo_session_00850,followup_shown_count,2020-02-12 09:51:00
demo_session_00850,followup_shown_count,2020-02-12 09:50:00
demo_session_00850,followup_shown_count,2020-02-12 09:49:00
demo_session_00850,followup_shown_count,2020-02-12 09:48:00
demo_session_00851,followup_shown_count,2020-03-23 23:30:00
demo_session_00851,followup_shown_count,2020-03-23 23:29:00
demo_session_00852,followup_shown_count,2020-03-04 06:56:00
demo_session_00852,followup_shown_count,2020-03-04 06:55:00
demo_session_00853,followup_shown_count,2020-02-12 04:26:00
demo_session_00853,followup_shown_count,2020-02-12 04:25:00
demo_session_00853,followup_shown_count,2020-02-12 04:24:00
demo_session_00854,followup_shown_count,2020-04-08 19:41:00
demo_session_00856,followup_shown_count,2020-03-04 02:37:00
demo_session_00856,followup_shown_count,2020-03-04 02:36:00
demo_session_00856,followup_shown_count,2020-03-04 02:35:00
demo_session_00856,followup_shown_count,2020-03-04 02:34:00
demo_session_00857,followup_shown_count,2020-03-05 02:06:00
demo_session_00859,followup_shown_count,2020-04-02 08:10:00
demo_session_00859,followup_shown_count,2020-04-02 08:09:00
demo_session_00859,followup_shown_count,2020-04-02 08:08:00
demo_session_00859,followup_shown_count,2020-04-02 08:07:00
demo_session_00860,followup_shown_count,2020-03-26 11:21:00
demo_session_00861,followup_shown_count,2020-01-14 15:59:00
demo_session_00861,followup_shown_count,2020-01-14 15:58:00
demo_session_00862,followup_shown_count,2020-01-28 14:28:00
demo_session_00862,followup_shown_count,2020-01-28 14:27:00
demo_session_00865,followup_shown_count,2020-02-17 08:34:00
demo_session_00865,followup_shown_count,2020-02-17 08:33:00
demo_session_00867,followup_shown_count,2020-02-12 05:10:00
demo_session_00867,followup_shown_count,2020-02-12 05:09:00
demo_session_00867,followup_shown_count,2020-02-12 05:08:00
demo_session_00867,followup_shown_count,2020-02-12 05:07:00
demo_session_00867,followup_shown_count,2020-02-12 05:06:00
demo_session_00868,followup_shown_count,2020-03-06 07:06:00
demo_session_00868,followup_shown_count,2020-03-06 07:05:00
demo_session_00869,followup_shown_count,2020-03-24 18:19:00
demo_session_00869,followup_shown_count,2020-03-24 18:18:00
demo_session_00870,followup_shown_count,2020-02-15 07:10:00
demo_session_00870,followup_shown_count,2020-02-15 07:09:00
demo_session_00871,followup_shown_count,2020-03-07 20:30:00
demo_session_00871,followup_shown_count,2020-03-07 20:29:00
demo_session_00872,followup_shown_count,2020-03-28 05:04:00
demo_session_00873,followup_shown_count,2020-02-16 07:21:00
demo_session_00873,followup_shown_count,2020-02-16 07:20:00
demo_session_00875,followup_shown_count,2020-03-05 08:32:00
demo_session_00877,followup_shown_count,2020-03-25 12:38:00
demo_session_00879,followup_shown_count,2020-03-22 00:21:00
demo_session_00879,followup_shown_count,2020-03-22 00:20:00
demo_session_00879,followup_shown_count,2020-03-22 00:19:00
demo_session_00880,followup_shown_count,2020-03-05 15:38:00
demo_session_00881,followup_shown_count,2020-04-01 06:43:00
demo_session_00882,followup_shown_count,2020-02-25 23:44:00
demo_session_00882,followup_shown_count,2020-02-25 23:43:00
demo_session_00882,followup_shown_count,2020-02-25 23:42:00
demo_session_00884,followup_shown_count,2020-03-01 05:04:00
demo_session_00884,followup_shown_count,2020-03-01 05:03:00
demo_session_00884,followup_shown_count,2020-03-01 05:02:00
demo_session_00886,followup_shown_count,2020-01-25 19:15:00
demo_session_00886,followup_shown_count,2020-01-25 19:14:00
demo_session_00887,followup_shown_count,2020-01-22 14:47:00
demo_session_00887,followup_shown_count,2020-01-22 14:46:00
demo_session_00888,followup_shown_count,2020-03-08 18:35:00
demo_session_00889,followup_shown_count,2020-04-11 14:07:00
demo_session_00889,followup_shown_count,2020-04-11 14:06:00
demo_session_00891,followup_shown_count,2020-02-09 20:12:00
demo_session_00891,followup_shown_count,2020-02-09 20:11:00
demo_session_00891,followup_shown_count,2020-02-09 20:10:00
demo_session_00892,followup_shown_count,2020-04-12 17:06:00
demo_session_00893,followup_shown_count,2020-03-20 21:59:00
demo_session_00893,followup_shown_count,2020-03-20 21:58:00
demo_session_00893,followup_shown_count,2020-03-20 21:57:00
demo_session_00893,followup_shown_count,2020-03-20 21:56:00
demo_session_00894,followup_shown_count,2020-03-07 18:25:00
demo_session_00896,followup_shown_count,2020-04-03 11:57:00
demo_session_00896,followup_shown_count,2020-04-03 11:56:00
demo_session_00898,followup_shown_count,2020-01-08 19:14:00
demo_session_00898,followup_shown_count,2020-01-08 19:13:00
demo_session_00899,followup_shown_count,2020-02-02 10:11:00
demo_session_00899,followup_shown_count,2020-02-02 10:10:00
demo_session_00899,followup_shown_count,2020-02-02 10:09:00
demo_session_00899,followup_shown_count,2020-02-02 10:08:00
demo_session_00899,followup_shown_count,2020-02-02 10:07:00
demo_session_00900,followup_shown_count,2020-01-22 04:49:00
demo_session_00900,followup_shown_count,2020-01-22 04:48:00
demo_session_00900,followup_shown_count,2020-01-22 04:47:00
demo_session_00900,followup_shown_count,2020-01-22 04:46:00
demo_session_00901,followup_shown_count,2020-01-22 20:36:00
demo_session_00901,followup_shown_count,2020-01-22 20:35:00
demo_session_00902,followup_shown_count,2020-03-03 17:11:00
demo_session_00902,followup_shown_count,2020-03-03 17:10:00
demo_session_00903,followup_shown_count,2020-04-28 02:07:00
demo_session_00903,followup_shown_count,2020-04-28 02:06:00
demo_session_00904,followup_shown_count,2020-03-18 21:13:00
demo_session_00905,followup_shown_count,2020-02-21 05:33:00
demo_session_00906,followup_shown_count,2020-01-30 18:49:00
demo_session_00906,followup_shown_count,2020-01-30 18:48:00
demo_session_00906,followup_shown_count,2020-01-30 18:47:00
demo_session_00907,followup_shown_count,2020-04-04 01:30:00
demo_session_00907,followup_shown_count,2020-04-04 01:29:00
demo_session_00908,followup_shown_count,2020-03-06 20:09:00
demo_session_00908,followup_shown_count,2020-03-06 20:08:00
demo_session_00909,followup_shown_count,2020-01-06 21:47:00
demo_session_00910,followup_shown_count,2020-02-25 22:21:00
demo_session_00911,followup_shown_count,2020-01-22 15:36:00
demo_session_00911,followup_shown_count,2020-01-22 15:35:00
demo_session_00912,followup_shown_count,2020-02-29 18:14:00
demo_session_00912,followup_shown_count,2020-02-29 18:13:00
demo_session_00914,followup_shown_count,2020-01-26 14:52:00
demo_session_00914,followup_shown_count,2020-01-26 14:51:00
demo_session_00914,followup_shown_count,2020-01-26 14:50:00
demo_session_00914,followup_shown_count,2020-01-26 14:49:00
demo_session_00915,followup_shown_count,2020-04-07 21:00:00
demo_session_00915,followup_shown_count,2020-04-07 20:59:00
demo_session_00916,followup_shown_count,2020-01-21 06:43:00
demo_session_00917,followup_shown_count,2020-01-13 18:51:00
demo_session_00918,followup_shown_count,2020-01-27 12:04:00
demo_session_00918,followup_shown_count,2020-01-27 12:03:00
demo_session_00918,followup_shown_count,2020-01-27 12:02:00
demo_session_00919,followup_shown_count,2020-04-20 18:41:00
demo_session_00920,followup_shown_count,2020-04-23 18:21:00
demo_session_00921,followup_shown_count,2020-03-20 15:36:00
demo_session_00922,followup_shown_count,2020-04-03 15:48:00
demo_session_00922,followup_shown_count,2020-04-03 15:47:00
demo_session_00922,followup_shown_count,2020-04-03 15:46:00
demo_session_00922,followup_shown_count,2020-04-03 15:45:00
demo_session_00924,followup_shown_count,2020-02-05 12:05:00
demo_session_00925,followup_shown_count,2020-02-19 01:29:00
demo_session_00925,followup_shown_count,2020-02-19 01:28:00
demo_session_00925,followup_shown_count,2020-02-19 01:27:00
demo_session_00925,followup_shown_count,2020-02-19 01:26:00
demo_session_00925,followup_shown_count,2020-02-19 01:25:00
demo_session_00926,followup_shown_count,2020-01-04 08:07:00
demo_session_00926,followup_shown_count,2020-01-04 08:06:00
demo_session_00926,followup_shown_count,2020-01-04 08:05:00
demo_session_00926,followup_shown_count,2020-01-04 08:04:00
demo_session_00926,followup_shown_count,2020-01-04 08:03:00
demo_session_00927,followup_shown_count,2020-03-04 01:52:00
demo_session_00927,followup_shown_count,2020-03-04 01:51:00
demo_session_00929,followup_shown_count,2020-01-04 07:23:00
demo_session_00930,followup_shown_count,2020-03-26 09:04:00
demo_session_00930,followup_shown_count,2020-03-26 09:03:00
demo_session_00931,followup_shown_count,2020-02-25 21:47:00
demo_session_00931,followup_shown_count,2020-02-25 21:46:00
demo_session_00932,followup_shown_count,2020-04-25 19:14:00
demo_session_00932,followup_shown_count,2020-04-25 19:13:00
demo_session_00932,followup_shown_count,2020-04-25 19:12:00
demo_session_00933,followup_shown_count,2020-03-11 21:14:00
demo_session_00934,followup_shown_count,2020-02-18 15:11:00
demo_session_00935,followup_shown_count,2020-01-13 01:40:00
demo_session_00935,followup_shown_count,2020-01-13 01:39:00
demo_session_00935,followup_shown_count,2020-01-13 01:38:00
demo_session_00935,followup_shown_count,2020-01-13 01:37:00
demo_session_00937,followup_shown_count,2020-04-27 17:56:00
demo_session_00937,followup_shown_count,2020-04-27 17:55:00
demo_session_00938,followup_shown_count,2020-01-02 13:01:00
demo_session_00939,followup_shown_count,2020-01-01 12:37:00
demo_session_00939,followup_shown_count,2020-01-01 12:36:00
demo_session_00941,followup_shown_count,2020-02-02 02:14:00
demo_session_00941,followup_shown_count,2020-02-02 02:13:00
demo_session_00942,followup_shown_count,2020-03-13 22:28:00
demo_session_00943,followup_shown_count,2020-03-14 20:58:00
demo_session_00943,followup_shown_count,2020-03-14 20:57:00
demo_session_00943,followup_shown_count,2020-03-14 20:56:00
demo_session_00944,followup_shown_count,2020-02-27 14:34:00
demo_session_00944,followup_shown_count,2020-02-27 14:33:00
demo_session_00944,followup_shown_count,2020-02-27 14:32:00
demo_session_00944,followup_shown_count,2020-02-27 14:31:00
demo_session_00945,followup_shown_count,2020-02-29 17:10:00
demo_session_00945,followup_shown_count,2020-02-29 17:09:00
demo_session_00946,followup_shown_count,2020-03-23 13:24:00
demo_session_00946,followup_shown_count,2020-03-23 13:23:00
demo_session_00947,followup_shown_count,2020-01-29 16:52:00
demo_session_00947,followup_shown_count,2020-01-29 16:51:00
demo_session_00947,followup_shown_count,2020-01-29 16:50:00
demo_session_00949,followup_shown_count,2020-04-28 09:50:00
demo_session_00949,followup_shown_count,2020-04-28 09:49:00
demo_session_00949,followup_shown_count,2020-04-28 09:48:00
demo_session_00949,followup_shown_count,2020-04-28 09:47:00
demo_session_00949,followup_shown_count,2020-04-28 09:46:00
demo_session_00950,followup_shown_count,2020-01-02 00:55:00
demo_session_00951,followup_shown_count,2020-01-23 15:57:00
demo_session_00951,followup_shown_count,2020-01-23 15:56:00
demo_session_00951,followup_shown_count,2020-01-23 15:55:00
demo_session_00952,followup_shown_count,2020-03-28 12:43:00
demo_session_00952,followup_shown_count,2020-03-28 12:42:00
demo_session_00952,followup_shown_count,2020-03-28 12:41:00
demo_session_00953,followup_shown_count,2020-03-09 04:50:00
demo_session_00953,followup_shown_count,2020-03-09 04:49:00
demo_session_00954,followup_shown_count,2020-02-08 15:57:00
demo_session_00954,followup_shown_count,2020-02-08 15:56:00
demo_session_00958,followup_shown_count,2020-03-07 10:21:00
demo_session_00958,followup_shown_count,2020-03-07 10:20:00
demo_session_00958,followup_shown_count,2020-03-07 10:19:00
demo_session_00958,followup_shown_count,2020-03-07 10:18:00
demo_session_00959,followup_shown_count,2020-02-28 13:03:00
demo_session_00959,followup_shown_count,2020-02-28 13:02:00
demo_session_00959,followup_shown_count,2020-02-28 13:01:00
demo_session_00959,followup_shown_count,2020-02-28 13:00:00
demo_session_00960,followup_shown_count,2020-04-20 08:55:00
demo_session_00960,followup_shown_count,2020-04-20 08:54:00
demo_session_00960,followup_shown_count,2020-04-20 08:53:00
demo_session_00961,followup_shown_count,2020-04-06 13:31:00
demo_session_00962,followup_shown_count,2020-02-26 08:57:00
demo_session_00963,followup_shown_count,2020-03-04 18:10:00
demo_session_00963,followup_shown_count,2020-03-04 18:09:00
demo_session_00963,followup_shown_count,2020-03-04 18:08:00
demo_session_00964,followup_shown_count,2020-03-23 17:13:00
demo_session_00965,followup_shown_count,2020-02-05 05:38:00
demo_session_00965,followup_shown_count,2020-02-05 05:37:00
demo_session_00965,followup_shown_count,2020-02-05 05:36:00
demo_session_00965,followup_shown_count,2020-02-05 05:35:00
demo_session_00966,followup_shown_count,2020-03-13 02:44:00
demo_session_00968,followup_shown_count,2020-04-22 15:38:00
demo_session_00968,followup_shown_count,2020-04-22 15:37:00
demo_session_00969,followup_shown_count,2020-04-22 20:42:00
demo_session_00969,followup_shown_count,2020-04-22 20:41:00
demo_session_00969,followup_shown_count,2020-04-22 20:40:00
demo_session_00970,followup_shown_count,2020-04-16 17:53:00
demo_session_00971,followup_shown_count,2020-01-26 10:12:00
demo_session_00972,followup_shown_count,2020-04-04 14:01:00
demo_session_00972,followup_shown_count,2020-04-04 14:00:00
demo_session_00973,followup_shown_count,2020-03-09 22:45:00
demo_session_00973,followup_shown_count,2020-03-09 22:44:00
demo_session_00973,followup_shown_count,2020-03-09 22:43:00
demo_session_00975,followup_shown_count,2020-01-02 20:41:00
demo_session_00975,followup_shown_count,2020-01-02 20:40:00
demo_session_00976,followup_shown_count,2020-02-17 16:14:00
demo_session_00976,followup_shown_count,2020-02-17 16:13:00
demo_session_00976,followup_shown_count,2020-02-17 16:12:00
demo_session_00977,followup_shown_count,2020-01-12 15:55:00
demo_session_00977,followup_shown_count,2020-01-12 15:54:00
demo_session_00977,followup_shown_count,2020-01-12 15:53:00
demo_session_00977,followup_shown_count,2020-01-12 15:52:00
demo_session_00979,followup_shown_count,2020-01-21 10:04:00
demo_session_00979,followup_shown_count,2020-01-21 10:03:00
demo_session_00979,followup_shown_count,2020-01-21 10:02:00
demo_session_00979,followup_shown_count,2020-01-21 10:01:00
demo_session_00980,followup_shown_count,2020-01-05 15:31:00
demo_session_00980,followup_shown_count,2020-01-05 15:30:00
demo_session_00981,followup_shown_count,2020-01-14 11:26:00
demo_session_00981,followup_shown_count,2020-01-14 11:25:00
demo_session_00982,followup_shown_count,2020-04-25 19:29:00
demo_session_00983,followup_shown_count,2020-03-04 16:33:00
demo_session_00983,followup_shown_count,2020-03-04 16:32:00
demo_session_00985,followup_shown_count,2020-02-17 15:29:00
demo_session_00987,followup_shown_count,2020-04-06 03:41:00
demo_session_00988,followup_shown_count,2020-01-27 08:31:00
demo_session_00988,followup_shown_count,2020-01-27 08:30:00
demo_session_00988,followup_shown_count,2020-01-27 08:29:00
demo_session_00988,followup_shown_count,2020-01-27 08:28:00
demo_session_00989,followup_shown_count,2020-01-14 22:39:00
demo_session_00991,followup_shown_count,2020-02-21 17:27:00
demo_session_00992,followup_shown_count,2020-01-15 21:23:00
demo_session_00993,followup_shown_count,2020-02-21 09:20:00
demo_session_00995,followup_shown_count,2020-01-28 16:43:00
demo_session_00996,followup_shown_count,2020-01-25 01:36:00
demo_session_00997,followup_shown_count,2020-01-12 12:21:00
demo_session_00997,followup_shown_count,2020-01-12 12:20:00
demo_session_00997,followup_shown_count,2020-01-12 12:19:00
demo_session_00998,followup_shown_count,2020-04-10 20:29:00
demo_session_00998,followup_shown_count,2020-04-10 20:28:00
demo_session_00998,followup_shown_count,2020-04-10 20:27:00
demo_session_01001,followup_shown_count,2020-01-03 06:12:00
demo_session_01002,followup_shown_count,2020-04-06 11:45:00
demo_session_01003,followup_shown_count,2020-02-17 20:01:00
demo_session_01004,followup_shown_count,2020-04-27 18:00:00
demo_session_01005,followup_shown_count,2020-01-07 12:18:00
demo_session_01006,followup_shown_count,2020-02-09 20:10:00
demo_session_01006,followup_shown_count,2020-02-09 20:09:00
demo_session_01006,followup_shown_count,2020-02-09 20:08:00
demo_session_01006,followup_shown_count,2020-02-09 20:07:00
demo_session_01006,followup_shown_count,2020-02-09 20:06:00
demo_session_01007,followup_shown_count,2020-02-17 08:18:00
demo_session_01007,followup_shown_count,2020-02-17 08:17:00
demo_session_01007,followup_shown_count,2020-02-17 08:16:00
demo_session_01007,followup_shown_count,2020-02-17 08:15:00
demo_session_01009,followup_shown_count,2020-02-22 11:43:00
demo_session_01009,followup_shown_count,2020-02-22 11:42:00
demo_session_01010,followup_shown_count,2020-02-25 02:14:00
demo_session_01010,followup_shown_count,2020-02-25 02:13:00
demo_session_01010,followup_shown_count,2020-02-25 02:12:00
demo_session_01010,followup_shown_count,2020-02-25 02:11:00
demo_session_01011,followup_shown_count,2020-02-23 10:41:00
demo_session_01011,followup_shown_count,2020-02-23 10:40:00
demo_session_01012,followup_shown_count,2020-03-05 00:10:00
demo_session_01012,followup_shown_count,2020-03-05 00:09:00
demo_session_01013,followup_shown_count,2020-01-23 23:57:00
demo_session_01013,followup_shown_count,2020-01-23 23:56:00
demo_session_01013,followup_shown_count,2020-01-23 23:55:00
demo_session_01014,followup_shown_count,2020-01-29 15:35:00
demo_session_01014,followup_shown_count,2020-01-29 15:34:00
demo_session_01014,followup_shown_count,2020-01-29 15:33:00
demo_session_01015,followup_shown_count,2020-02-29 20:17:00
demo_session_01015,followup_shown_count,2020-02-29 20:16:00
demo_session_01015,followup_shown_count,2020-02-29 20:15:00
demo_session_01015,followup_shown_count,2020-02-29 20:14:00
demo_session_01016,followup_shown_count,2020-03-18 06:42:00
demo_session_01016,followup_shown_count,2020-03-18 06:41:00
demo_session_01016,followup_shown_count,2020-03-18 06:40:00
demo_session_01017,followup_shown_count,2020-02-17 01:51:00
demo_session_01018,followup_shown_count,2020-02-24 19:59:00
demo_session_01018,followup_shown_count,2020-02-24 19:58:00
demo_session_01018,followup_shown_count,2020-02-24 19:57:00
demo_session_01020,followup_shown_count,2020-03-18 12:11:00
demo_session_01020,followup_shown_count,2020-03-18 12:10:00
demo_session_01020,followup_shown_count,2020-03-18 12:09:00
demo_session_01021,followup_shown_count,2020-01-06 10:38:00
demo_session_01022,followup_shown_count,2020-02-13 06:35:00
demo_session_01024,followup_shown_count,2020-04-15 00:34:00
demo_session_01025,followup_shown_count,2020-04-08 22:37:00
demo_session_01025,followup_shown_count,2020-04-08 22:36:00
demo_session_01025,followup_shown_count,2020-04-08 22:35:00
demo_session_01026,followup_shown_count,2020-02-25 21:27:00
demo_session_01028,followup_shown_count,2020-03-27 06:54:00
demo_session_01028,followup_shown_count,2020-03-27 06:53:00
demo_session_01028,followup_shown_count,2020-03-27 06:52:00
demo_session_01028,followup_shown_count,2020-03-27 06:51:00
demo_session_01029,followup_shown_count,2020-01-23 01:17:00
demo_session_01031,followup_shown_count,2020-04-14 22:30:00
demo_session_01032,followup_shown_count,2020-01-22 13:38:00
demo_session_01033,followup_shown_count,2020-03-04 22:14:00
demo_session_01033,followup_shown_count,2020-03-04 22:13:00
demo_session_01033,followup_shown_count,2020-03-04 22:12:00
demo_session_01033,followup_shown_count,2020-03-04 22:11:00
demo_session_01033,followup_shown_count,2020-03-04 22:10:00
demo_session_01034,followup_shown_count,2020-01-19 13:08:00
demo_session_01034,followup_shown_count,2020-01-19 13:07:00
demo_session_01034,followup_shown_count,2020-01-19 13:06:00
demo_session_01035,followup_shown_count,2020-03-14 21:27:00
demo_session_01035,followup_shown_count,2020-03-14 21:26:00
demo_session_01036,followup_shown_count,2020-03-21 23:28:00
demo_session_01037,followup_shown_count,2020-01-01 22:54:00
demo_session_01037,followup_shown_count,2020-01-01 22:53:00
demo_session_01038,followup_shown_count,2020-04-23 09:02:00
demo_session_01038,followup_shown_count,2020-04-23 09:01:00
demo_session_01038,followup_shown_count,2020-04-23 09:00:00
demo_session_01038,followup_shown_count,2020-04-23 08:59:00
demo_session_01039,followup_shown_count,2020-02-01 06:56:00
demo_session_01039,followup_shown_count,2020-02-01 06:55:00
demo_session_01039,followup_shown_count,2020-02-01 06:54:00
demo_session_01042,followup_shown_count,2020-04-18 15:06:00
demo_session_01042,followup_shown_count,2020-04-18 15:05:00
demo_session_01043,followup_shown_count,2020-04-01 07:21:00
demo_session_01043,followup_shown_count,2020-04-01 07:20:00
demo_session_01043,followup_shown_count,2020-04-01 07:19:00
demo_session_01044,followup_shown_count,2020-04-28 18:28:00
demo_session_01044,followup_shown_count,2020-04-28 18:27:00
demo_session_01046,followup_shown_count,2020-03-08 12:06:00
demo_session_01047,followup_shown_count,2020-03-10 06:59:00
demo_session_01047,followup_shown_count,2020-03-10 06:58:00
demo_session_01047,followup_shown_count,2020-03-10 06:57:00
demo_session_01048,followup_shown_count,2020-01-28 14:26:00
demo_session_01048,followup_shown_count,2020-01-28 14:25:00
demo_session_01049,followup_shown_count,2020-04-21 19:51:00
demo_session_01049,followup_shown_count,2020-04-21 19:50:00
demo_session_01049,followup_shown_count,2020-04-21 19:49:00
demo_session_01049,followup_shown_count,2020-04-21 19:48:00
demo_session_01050,followup_shown_count,2020-04-13 16:58:00
demo_session_01051,followup_shown_count,2020-04-28 03:51:00
demo_session_01051,followup_shown_count,2020-04-28 03:50:00
demo_session_01052,followup_shown_count,2020-02-24 20:41:00
demo_session_01053,followup_shown_count,2020-01-16 06:41:00
demo_session_01055,followup_shown_count,2020-03-07 16:52:00
demo_session_01055,followup_shown_count,2020-03-07 16:51:00
demo_session_01055,followup_shown_count,2020-03-07 16:50:00
demo_session_01056,followup_shown_count,2020-04-08 05:06:00
demo_session_01056,followup_shown_count,2020-04-08 05:05:00
demo_session_01056,followup_shown_count,2020-04-08 05:04:00
demo_session_01057,followup_shown_count,2020-03-24 21:30:00
demo_session_01057,followup_shown_count,2020-03-24 21:29:00
demo_session_01058,followup_shown_count,2020-03-28 21:42:00
demo_session_01058,followup_shown_count,2020-03-28 21:41:00
demo_session_01060,followup_shown_count,2020-04-11 03:11:00
demo_session_01061,followup_shown_count,2020-04-20 09:53:00
demo_session_01061,followup_shown_count,2020-04-20 09:52:00
demo_session_01062,followup_shown_count,2020-02-13 13:38:00
demo_session_01062,followup_shown_count,2020-02-13 13:37:00
demo_session_01062,followup_shown_count,2020-02-13 13:36:00
demo_session_01063,followup_shown_count,2020-03-28 09:35:00
demo_session_01064,followup_shown_count,2020-02-03 10:10:00
demo_session_01065,followup_shown_count,2020-03-23 18:59:00
demo_session_01065,followup_shown_count,2020-03-23 18:58:00
demo_session_01065,followup_shown_count,2020-03-23 18:57:00
demo_session_01066,followup_shown_count,2020-01-07 15:35:00
demo_session_01067,followup_shown_count,2020-01-07 11:47:00
demo_session_01067,followup_shown_count,2020-01-07 11:46:00
demo_session_01069,followup_shown_count,2020-03-06 09:03:00
demo_session_01069,followup_shown_count,2020-03-06 09:02:00
demo_session_01070,followup_shown_count,2020-04-19 06:24:00
demo_session_01071,followup_shown_count,2020-03-12 20:25:00
demo_session_01071,followup_shown_count,2020-03-12 20:24:00
demo_session_01071,followup_shown_count,2020-03-12 20:23:00
demo_session_01071,followup_shown_count,2020-03-12 20:22:00
demo_session_01072,followup_shown_count,2020-03-08 08:30:00
demo_session_01074,followup_shown_count,2020-04-16 08:41:00
demo_session_01075,followup_shown_count,2020-03-11 00:04:00
demo_session_01076,followup_shown_count,2020-03-29 13:06:00
demo_session_01076,followup_shown_count,2020-03-29 13:05:00
demo_session_01076,followup_shown_count,2020-03-29 13:04:00
demo_session_01078,followup_shown_count,2020-04-29 09:49:00
demo_session_01079,followup_shown_count,2020-02-28 11:51:00
demo_session_01079,followup_shown_count,2020-02-28 11:50:00
demo_session_01080,followup_shown_count,2020-04-17 03:48:00
demo_session_01081,followup_shown_count,2020-04-26 01:51:00
demo_session_01081,followup_shown_count,2020-04-26 01:50:00
demo_session_01082,followup_shown_count,2020-04-15 22:10:00
demo_session_01083,followup_shown_count,2020-02-09 11:48:00
demo_session_01083,followup_shown_count,2020-02-09 11:47:00
demo_session_01084,followup_shown_count,2020-02-14 19:14:00
demo_session_01084,followup_shown_count,2020-02-14 19:13:00
demo_session_01084,followup_shown_count,2020-02-14 19:12:00
demo_session_01085,followup_shown_count,2020-04-04 03:13:00
demo_session_01086,followup_shown_count,2020-04-21 10:44:00
demo_session_01087,followup_shown_count,2020-03-13 21:24:00
demo_session_01090,followup_shown_count,2020-04-12 20:19:00
demo_session_01090,followup_shown_count,2020-04-12 20:18:00
demo_session_01091,followup_shown_count,2020-02-19 17:13:00
demo_session_01091,followup_shown_count,2020-02-19 17:12:00
demo_session_01092,followup_shown_count,2020-03-15 15:04:00
demo_session_01093,followup_shown_count,2020-03-05 11:11:00
demo_session_01093,followup_shown_count,2020-03-05 11:10:00
demo_session_01093,followup_shown_count,2020-03-05 11:09:00
demo_session_01093,followup_shown_count,2020-03-05 11:08:00
demo_session_01094,followup_shown_count,2020-04-10 08:39:00
demo_session_01094,followup_shown_count,2020-04-10 08:38:00
demo_session_01095,followup_shown_count,2020-04-05 23:23:00
demo_session_01095,followup_shown_count,2020-04-05 23:22:00
demo_session_01095,followup_shown_count,2020-04-05 23:21:00
demo_session_01095,followup_shown_count,2020-04-05 23:20:00
demo_session_01095,followup_shown_count,2020-04-05 23:19:00
demo_session_01095,followup_shown_count,2020-04-05 23:18:00
demo_session_01095,followup_shown_count,2020-04-05 23:17:00
demo_session_01095,followup_shown_count,2020-04-05 23:16:00
demo_session_01095,followup_shown_count,2020-04-05 23:15:00
demo_session_01095,followup_shown_count,2020-04-05 23:14:00
demo_session_01097,followup_shown_count,2020-01-15 15:46:00
demo_session_01097,followup_shown_count,2020-01-15 15:45:00
demo_session_01097,followup_shown_count,2020-01-15 15:44:00
demo_session_01098,followup_shown_count,2020-01-30 11:13:00
demo_session_01098,followup_shown_count,2020-01-30 11:12:00
demo_session_01098,followup_shown_count,2020-01-30 11:11:00
demo_session_01098,followup_shown_count,2020-01-30 11:10:00
demo_session_01098,followup_shown_count,2020-01-30 11:09:00
demo_session_01099,followup_shown_count,2020-04-19 06:40:00
demo_session_01100,followup_shown_count,2020-01-16 15:12:00
demo_session_01101,followup_shown_count,2020-04-02 21:31:00
demo_session_01101,followup_shown_count,2020-04-02 21:30:00
demo_session_01103,followup_shown_count,2020-02-11 21:11:00
demo_session_01104,followup_shown_count,2020-01-05 13:15:00
demo_session_01104,followup_shown_count,2020-01-05 13:14:00
demo_session_01105,followup_shown_count,2020-01-02 05:18:00
demo_session_01111,followup_shown_count,2020-01-13 10:17:00
demo_session_01111,followup_shown_count,2020-01-13 10:16:00
demo_session_01112,followup_shown_count,2020-03-17 10:32:00
demo_session_01112,followup_shown_count,2020-03-17 10:31:00
demo_session_01112,followup_shown_count,2020-03-17 10:30:00
demo_session_01112,followup_shown_count,2020-03-17 10:29:00
demo_session_01112,followup_shown_count,2020-03-17 10:28:00
demo_session_01113,followup_shown_count,2020-01-13 07:59:00
demo_session_01113,followup_shown_count,2020-01-13 07:58:00
demo_session_01115,followup_shown_count,2020-04-25 05:12:00
demo_session_01115,followup_shown_count,2020-04-25 05:11:00
demo_session_01116,followup_shown_count,2020-03-30 00:41:00
demo_session_01116,followup_shown_count,2020-03-30 00:40:00
demo_session_01118,followup_shown_count,2020-04-18 17:37:00
demo_session_01118,followup_shown_count,2020-04-18 17:36:00
demo_session_01118,followup_shown_count,2020-04-18 17:35:00
demo_session_01119,followup_shown_count,2020-04-08 11:25:00
demo_session_01119,followup_shown_count,2020-04-08 11:24:00
demo_session_01122,followup_shown_count,2020-02-16 19:17:00
demo_session_01122,followup_shown_count,2020-02-16 19:16:00
demo_session_01122,followup_shown_count,2020-02-16 19:15:00
demo_session_01122,followup_shown_count,2020-02-16 19:14:00
demo_session_01123,followup_shown_count,2020-03-15 08:05:00
demo_session_01123,followup_shown_count,2020-03-15 08:04:00
demo_session_01123,followup_shown_count,2020-03-15 08:03:00
demo_session_01124,followup_shown_count,2020-01-13 18:56:00
demo_session_01124,followup_shown_count,2020-01-13 18:55:00
demo_session_01125,followup_shown_count,2020-04-15 17:15:00
demo_session_01125,followup_shown_count,2020-04-15 17:14:00
demo_session_01125,followup_shown_count,2020-04-15 17:13:00
demo_session_01125,followup_shown_count,2020-04-15 17:12:00
demo_session_01125,followup_shown_count,2020-04-15 17:11:00
demo_session_01126,followup_shown_count,2020-04-16 05:02:00
demo_session_01126,followup_shown_count,2020-04-16 05:01:00
demo_session_01126,followup_shown_count,2020-04-16 05:00:00
demo_session_01126,followup_shown_count,2020-04-16 04:59:00
demo_session_01126,followup_shown_count,2020-04-16 04:58:00
demo_session_01126,followup_shown_count,2020-04-16 04:57:00
demo_session_01126,followup_shown_count,2020-04-16 04:56:00
demo_session_01127,followup_shown_count,2020-02-01 10:27:00
demo_session_01128,followup_shown_count,2020-03-31 20:16:00
demo_session_01129,followup_shown_count,2020-03-24 08:12:00
demo_session_01131,followup_shown_count,2020-04-17 21:59:00
demo_session_01132,followup_shown_count,2020-03-30 05:40:00
demo_session_01132,followup_shown_count,2020-03-30 05:39:00
demo_session_01132,followup_shown_count,2020-03-30 05:38:00
demo_session_01132,followup_shown_count,2020-03-30 05:37:00
demo_session_01133,followup_shown_count,2020-04-22 08:30:00
demo_session_01134,followup_shown_count,2020-02-09 00:17:00
demo_session_01134,followup_shown_count,2020-02-09 00:16:00
demo_session_01134,followup_shown_count,2020-02-09 00:15:00
demo_session_01134,followup_shown_count,2020-02-09 00:14:00
demo_session_01134,followup_shown_count,2020-02-09 00:13:00
demo_session_01134,followup_shown_count,2020-02-09 00:12:00
demo_session_01135,followup_shown_count,2020-02-23 06:50:00
demo_session_01135,followup_shown_count,2020-02-23 06:49:00
demo_session_01135,followup_shown_count,2020-02-23 06:48:00
demo_session_01136,followup_shown_count,2020-01-18 21:07:00
demo_session_01136,followup_shown_count,2020-01-18 21:06:00
demo_session_01136,followup_shown_count,2020-01-18 21:05:00
demo_session_01138,followup_shown_count,2020-02-03 06:57:00
demo_session_01138,followup_shown_count,2020-02-03 06:56:00
demo_session_01138,followup_shown_count,2020-02-03 06:55:00
demo_session_01139,followup_shown_count,2020-03-01 11:05:00
demo_session_01139,followup_shown_count,2020-03-01 11:04:00
demo_session_01139,followup_shown_count,2020-03-01 11:03:00
demo_session_01139,followup_shown_count,2020-03-01 11:02:00
demo_session_01141,followup_shown_count,2020-01-31 22:41:00
demo_session_01141,followup_shown_count,2020-01-31 22:40:00
demo_session_01141,followup_shown_count,2020-01-31 22:39:00
demo_session_01143,followup_shown_count,2020-01-31 02:44:00
demo_session_01143,followup_shown_count,2020-01-31 02:43:00
demo_session_01144,followup_shown_count,2020-03-02 20:40:00
demo_session_01144,followup_shown_count,2020-03-02 20:39:00
demo_session_01144,followup_shown_count,2020-03-02 20:38:00
demo_session_01144,followup_shown_count,2020-03-02 20:37:00
demo_session_01144,followup_shown_count,2020-03-02 20:36:00
demo_session_01145,followup_shown_count,2020-02-24 05:04:00
demo_session_01146,followup_shown_count,2020-03-14 18:29:00
demo_session_01148,followup_shown_count,2020-02-28 04:09:00
demo_session_01149,followup_shown_count,2020-01-04 14:19:00
demo_session_01149,followup_shown_count,2020-01-04 14:18:00
demo_session_01150,followup_shown_count,2020-03-03 04:37:00
demo_session_01151,followup_shown_count,2020-01-13 15:57:00
demo_session_01152,followup_shown_count,2020-03-28 09:37:00
demo_session_01152,followup_shown_count,2020-03-28 09:36:00
demo_session_01152,followup_shown_count,2020-03-28 09:35:00
demo_session_01153,followup_shown_count,2020-04-11 21:44:00
demo_session_01153,followup_shown_count,2020-04-11 21:43:00
demo_session_01153,followup_shown_count,2020-04-11 21:42:00
demo_session_01154,followup_shown_count,2020-02-18 04:24:00
demo_session_01154,followup_shown_count,2020-02-18 04:23:00
demo_session_01155,followup_shown_count,2020-04-15 21:36:00
demo_session_01155,followup_shown_count,2020-04-15 21:35:00
demo_session_01155,followup_shown_count,2020-04-15 21:34:00
demo_session_01155,followup_shown_count,2020-04-15 21:33:00
demo_session_01155,followup_shown_count,2020-04-15 21:32:00
demo_session_01156,followup_shown_count,2020-02-17 02:03:00
demo_session_01156,followup_shown_count,2020-02-17 02:02:00
demo_session_01156,followup_shown_count,2020-02-17 02:01:00
demo_session_01157,followup_shown_count,2020-04-14 18:20:00
demo_session_01157,followup_shown_count,2020-04-14 18:19:00
demo_session_01157,followup_shown_count,2020-04-14 18:18:00
demo_session_01158,followup_shown_count,2020-03-03 08:55:00
demo_session_01158,followup_shown_count,2020-03-03 08:54:00
demo_session_01158,followup_shown_count,2020-03-03 08:53:00
demo_session_01160,followup_shown_count,2020-02-19 00:43:00
demo_session_01160,followup_shown_count,2020-02-19 00:42:00
demo_session_01160,followup_shown_count,2020-02-19 00:41:00
demo_session_01161,followup_shown_count,2020-04-22 05:24:00
demo_session_01161,followup_shown_count,2020-04-22 05:23:00
demo_session_01161,followup_shown_count,2020-04-22 05:22:00
demo_session_01161,followup_shown_count,2020-04-22 05:21:00
demo_session_01162,followup_shown_count,2020-03-25 18:14:00
demo_session_01162,followup_shown_count,2020-03-25 18:13:00
demo_session_01163,followup_shown_count,2020-02-29 21:22:00
demo_session_01163,followup_shown_count,2020-02-29 21:21:00
demo_session_01165,followup_shown_count,2020-02-25 12:06:00
demo_session_01165,followup_shown_count,2020-02-25 12:05:00
demo_session_01166,followup_shown_count,2020-04-15 03:50:00
demo_session_01166,followup_shown_count,2020-04-15 03:49:00
demo_session_01166,followup_shown_count,2020-04-15 03:48:00
demo_session_01167,followup_shown_count,2020-02-26 22:12:00
demo_session_01167,followup_shown_count,2020-02-26 22:11:00
demo_session_01168,followup_shown_count,2020-04-07 04:44:00
demo_session_01169,followup_shown_count,2020-01-31 11:49:00
demo_session_01171,followup_shown_count,2020-03-14 14:52:00
demo_session_01171,followup_shown_count,2020-03-14 14:51:00
demo_session_01172,followup_shown_count,2020-03-04 06:51:00
demo_session_01173,followup_shown_count,2020-02-23 20:57:00
demo_session_01173,followup_shown_count,2020-02-23 20:56:00
demo_session_01173,followup_shown_count,2020-02-23 20:55:00
demo_session_01173,followup_shown_count,2020-02-23 20:54:00
demo_session_01174,followup_shown_count,2020-01-01 03:48:00
demo_session_01174,followup_shown_count,2020-01-01 03:47:00
demo_session_01174,followup_shown_count,2020-01-01 03:46:00
demo_session_01175,followup_shown_count,2020-04-26 22:59:00
demo_session_01175,followup_shown_count,2020-04-26 22:58:00
demo_session_01177,followup_shown_count,2020-01-21 15:17:00
demo_session_01177,followup_shown_count,2020-01-21 15:16:00
demo_session_01177,followup_shown_count,2020-01-21 15:15:00
demo_session_01177,followup_shown_count,2020-01-21 15:14:00
demo_session_01177,followup_shown_count,2020-01-21 15:13:00
demo_session_01178,followup_shown_count,2020-04-07 08:16:00
demo_session_01179,followup_shown_count,2020-01-10 04:53:00
demo_session_01180,followup_shown_count,2020-04-01 14:35:00
demo_session_01180,followup_shown_count,2020-04-01 14:34:00
demo_session_01181,followup_shown_count,2020-02-12 03:15:00
demo_session_01182,followup_shown_count,2020-03-27 10:05:00
demo_session_01183,followup_shown_count,2020-01-26 20:46:00
demo_session_01184,followup_shown_count,2020-03-25 08:03:00
demo_session_01184,followup_shown_count,2020-03-25 08:02:00
demo_session_01184,followup_shown_count,2020-03-25 08:01:00
demo_session_01185,followup_shown_count,2020-04-29 00:40:00
demo_session_01186,followup_shown_count,2020-03-01 12:21:00
demo_session_01188,followup_shown_count,2020-03-14 13:09:00
demo_session_01188,followup_shown_count,2020-03-14 13:08:00
demo_session_01188,followup_shown_count,2020-03-14 13:07:00
demo_session_01188,followup_shown_count,2020-03-14 13:06:00
demo_session_01188,followup_shown_count,2020-03-14 13:05:00
demo_session_01189,followup_shown_count,2020-02-13 03:58:00
demo_session_01189,followup_shown_count,2020-02-13 03:57:00
demo_session_01190,followup_shown_count,2020-03-07 02:40:00
demo_session_01191,followup_shown_count,2020-03-18 03:04:00
demo_session_01191,followup_shown_count,2020-03-18 03:03:00
demo_session_01191,followup_shown_count,2020-03-18 03:02:00
demo_session_01191,followup_shown_count,2020-03-18 03:01:00
demo_session_01191,followup_shown_count,2020-03-18 03:00:00
demo_session_01191,followup_shown_count,2020-03-18 02:59:00
demo_session_01192,followup_shown_count,2020-01-03 23:04:00
demo_session_01192,followup_shown_count,2020-01-03 23:03:00
demo_session_01193,followup_shown_count,2020-02-24 08:56:00
demo_session_01194,followup_shown_count,2020-03-04 05:41:00
demo_session_01194,followup_shown_count,2020-03-04 05:40:00
demo_session_01195,followup_shown_count,2020-01-26 01:23:00
demo_session_01195,followup_shown_count,2020-01-26 01:22:00
demo_session_01195,followup_shown_count,2020-01-26 01:21:00
demo_session_01195,followup_shown_count,2020-01-26 01:20:00
demo_session_01195,followup_shown_count,2020-01-26 01:19:00
demo_session_01196,followup_shown_count,2020-02-26 11:52:00
demo_session_01196,followup_shown_count,2020-02-26 11:51:00
demo_session_01196,followup_shown_count,2020-02-26 11:50:00
demo_session_01197,followup_shown_count,2020-02-17 08:11:00
demo_session_01198,followup_shown_count,2020-03-07 11:53:00
demo_session_01198,followup_shown_count,2020-03-07 11:52:00
demo_session_01198,followup_shown_count,2020-03-07 11:51:00
demo_session_01199,followup_shown_count,2020-02-04 08:41:00
demo_session_01199,followup_shown_count,2020-02-04 08:40:00
demo_session_01199,followup_shown_count,2020-02-04 08:39:00
demo_session_01203,followup_shown_count,2020-04-07 23:42:00
demo_session_01203,followup_shown_count,2020-04-07 23:41:00
demo_session_01203,followup_shown_count,2020-04-07 23:40:00
demo_session_01203,followup_shown_count,2020-04-07 23:39:00
demo_session_01204,followup_shown_count,2020-01-03 13:16:00
demo_session_01204,followup_shown_count,2020-01-03 13:15:00
demo_session_01204,followup_shown_count,2020-01-03 13:14:00
demo_session_01205,followup_shown_count,2020-02-01 12:12:00
demo_session_01205,followup_shown_count,2020-02-01 12:11:00
demo_session_01205,followup_shown_count,2020-02-01 12:10:00
demo_session_01206,followup_shown_count,2020-01-22 16:36:00
demo_session_01206,followup_shown_count,2020-01-22 16:35:00
demo_session_01206,followup_shown_count,2020-01-22 16:34:00
demo_session_01206,followup_shown_count,2020-01-22 16:33:00
demo_session_01206,followup_shown_count,2020-01-22 16:32:00
demo_session_01207,followup_shown_count,2020-03-15 13:24:00
demo_session_01207,followup_shown_count,2020-03-15 13:23:00
demo_session_01207,followup_shown_count,2020-03-15 13:22:00
demo_session_01207,followup_shown_count,2020-03-15 13:21:00
demo_session_01207,followup_shown_count,2020-03-15 13:20:00
demo_session_01207,followup_shown_count,2020-03-15 13:19:00
demo_session_01208,followup_shown_count,2020-02-11 01:40:00
demo_session_01208,followup_shown_count,2020-02-11 01:39:00
demo_session_01209,followup_shown_count,2020-03-26 00:24:00
demo_session_01209,followup_shown_count,2020-03-26 00:23:00
demo_session_01209,followup_shown_count,2020-03-26 00:22:00
demo_session_01210,followup_shown_count,2020-04-23 01:22:00
demo_session_01210,followup_shown_count,2020-04-23 01:21:00
demo_session_01210,followup_shown_count,2020-04-23 01:20:00
demo_session_01210,followup_shown_count,2020-04-23 01:19:00
demo_session_01211,followup_shown_count,2020-02-14 09:36:00
demo_session_01211,followup_shown_count,2020-02-14 09:35:00
demo_session_01211,followup_shown_count,2020-02-14 09:34:00
demo_session_01214,followup_shown_count,2020-02-28 16:49:00
demo_session_01214,followup_shown_count,2020-02-28 16:48:00
demo_session_01215,followup_shown_count,2020-02-13 01:22:00
demo_session_01215,followup_shown_count,2020-02-13 01:21:00
demo_session_01218,followup_shown_count,2020-02-28 11:39:00
demo_session_01218,followup_shown_count,2020-02-28 11:38:00
demo_session_01218,followup_shown_count,2020-02-28 11:37:00
demo_session_01220,followup_shown_count,2020-02-24 18:53:00
demo_session_01220,followup_shown_count,2020-02-24 18:52:00
demo_session_01220,followup_shown_count,2020-02-24 18:51:00
demo_session_01220,followup_shown_count,2020-02-24 18:50:00
demo_session_01221,followup_shown_count,2020-02-05 10:48:00
demo_session_01221,followup_shown_count,2020-02-05 10:47:00
demo_session_01223,followup_shown_count,2020-02-28 14:22:00
demo_session_01223,followup_shown_count,2020-02-28 14:21:00
demo_session_01223,followup_shown_count,2020-02-28 14:20:00
demo_session_01225,followup_shown_count,2020-03-31 06:26:00
demo_session_01225,followup_shown_count,2020-03-31 06:25:00
demo_session_01226,followup_shown_count,2020-04-15 16:16:00
demo_session_01226,followup_shown_count,2020-04-15 16:15:00
demo_session_01226,followup_shown_count,2020-04-15 16:14:00
demo_session_01226,followup_shown_count,2020-04-15 16:13:00
demo_session_01227,followup_shown_count,2020-02-17 07:33:00
demo_session_01227,followup_shown_count,2020-02-17 07:32:00
demo_session_01227,followup_shown_count,2020-02-17 07:31:00
demo_session_01227,followup_shown_count,2020-02-17 07:30:00
demo_session_01227,followup_shown_count,2020-02-17 07:29:00
demo_session_01228,followup_shown_count,2020-03-03 16:57:00
demo_session_01228,followup_shown_count,2020-03-03 16:56:00
demo_session_01228,followup_shown_count,2020-03-03 16:55:00
demo_session_01229,followup_shown_count,2020-04-23 10:50:00
demo_session_01231,followup_shown_count,2020-01-27 03:48:00
demo_session_01231,followup_shown_count,2020-01-27 03:47:00
demo_session_01231,followup_shown_count,2020-01-27 03:46:00
demo_session_01231,followup_shown_count,2020-01-27 03:45:00
demo_session_01232,followup_shown_count,2020-02-11 12:54:00
demo_session_01232,followup_shown_count,2020-02-11 12:53:00
demo_session_01233,followup_shown_count,2020-02-23 22:33:00
demo_session_01233,followup_shown_count,2020-02-23 22:32:00
demo_session_01234,followup_shown_count,2020-02-23 06:12:00
demo_session_01234,followup_shown_count,2020-02-23 06:11:00
demo_session_01234,followup_shown_count,2020-02-23 06:10:00
demo_session_01234,followup_shown_count,2020-02-23 06:09:00
demo_session_01235,followup_shown_count,2020-03-13 04:50:00
demo_session_01237,followup_shown_count,2020-03-06 04:35:00
demo_session_01239,followup_shown_count,2020-04-23 15:10:00
demo_session_01239,followup_shown_count,2020-04-23 15:09:00
demo_session_01239,followup_shown_count,2020-04-23 15:08:00
demo_session_01240,followup_shown_count,2020-02-05 08:48:00
demo_session_01240,followup_shown_count,2020-02-05 08:47:00
demo_session_01240,followup_shown_count,2020-02-05 08:46:00
demo_session_01242,followup_shown_count,2020-01-20 08:18:00
demo_session_01242,followup_shown_count,2020-01-20 08:17:00
demo_session_01242,followup_shown_count,2020-01-20 08:16:00
demo_session_01242,followup_shown_count,2020-01-20 08:15:00
demo_session_01242,followup_shown_count,2020-01-20 08:14:00
demo_session_01243,followup_shown_count,2020-02-15 07:33:00
demo_session_01244,followup_shown_count,2020-04-26 22:15:00
demo_session_01244,followup_shown_count,2020-04-26 22:14:00
demo_session_01245,followup_shown_count,2020-03-12 11:32:00
demo_session_01245,followup_shown_count,2020-03-12 11:31:00
demo_session_01245,followup_shown_count,2020-03-12 11:30:00
demo_session_01245,followup_shown_count,2020-03-12 11:29:00
demo_session_01245,followup_shown_count,2020-03-12 11:28:00
demo_session_01245,followup_shown_count,2020-03-12 11:27:00
demo_session_01245,followup_shown_count,2020-03-12 11:26:00
demo_session_01247,followup_shown_count,2020-03-12 13:31:00
demo_session_01247,followup_shown_count,2020-03-12 13:30:00
demo_session_01247,followup_shown_count,2020-03-12 13:29:00
demo_session_01247,followup_shown_count,2020-03-12 13:28:00
demo_session_01247,followup_shown_count,2020-03-12 13:27:00
demo_session_01247,followup_shown_count,2020-03-12 13:26:00
demo_session_01247,followup_shown_count,2020-03-12 13:25:00
demo_session_01248,followup_shown_count,2020-02-10 02:18:00
demo_session_01249,followup_shown_count,2020-04-04 11:48:00
demo_session_01249,followup_shown_count,2020-04-04 11:47:00
demo_session_01250,followup_shown_count,2020-02-11 03:15:00
demo_session_01250,followup_shown_count,2020-02-11 03:14:00
demo_session_01251,followup_shown_count,2020-04-05 08:11:00
demo_session_01252,followup_shown_count,2020-04-28 07:32:00
demo_session_01253,followup_shown_count,2020-01-02 07:17:00
demo_session_01253,followup_shown_count,2020-01-02 07:16:00
demo_session_01253,followup_shown_count,2020-01-02 07:15:00
demo_session_01253,followup_shown_count,2020-01-02 07:14:00
demo_session_01253,followup_shown_count,2020-01-02 07:13:00
demo_session_01253,followup_shown_count,2020-01-02 07:12:00
demo_session_01257,followup_shown_count,2020-03-27 03:26:00
demo_session_01258,followup_shown_count,2020-01-30 12:52:00
demo_session_01258,followup_shown_count,2020-01-30 12:51:00
demo_session_01258,followup_shown_count,2020-01-30 12:50:00
demo_session_01258,followup_shown_count,2020-01-30 12:49:00
demo_session_01259,followup_shown_count,2020-03-11 07:00:00
demo_session_01259,followup_shown_count,2020-03-11 06:59:00
demo_session_01259,followup_shown_count,2020-03-11 06:58:00
demo_session_01260,followup_shown_count,2020-03-19 06:32:00
demo_session_01260,followup_shown_count,2020-03-19 06:31:00
demo_session_01263,followup_shown_count,2020-04-18 20:18:00
demo_session_01263,followup_shown_count,2020-04-18 20:17:00
demo_session_01265,followup_shown_count,2020-03-29 14:03:00
demo_session_01265,followup_shown_count,2020-03-29 14:02:00
demo_session_01265,followup_shown_count,2020-03-29 14:01:00
demo_session_01265,followup_shown_count,2020-03-29 14:00:00
demo_session_01266,followup_shown_count,2020-03-21 18:23:00
demo_session_01266,followup_shown_count,2020-03-21 18:22:00
demo_session_01268,followup_shown_count,2020-04-07 21:57:00
demo_session_01268,followup_shown_count,2020-04-07 21:56:00
demo_session_01268,followup_shown_count,2020-04-07 21:55:00
demo_session_01268,followup_shown_count,2020-04-07 21:54:00
demo_session_01269,followup_shown_count,2020-02-06 15:01:00
demo_session_01271,followup_shown_count,2020-03-26 06:05:00
demo_session_01272,followup_shown_count,2020-01-15 07:24:00
demo_session_01272,followup_shown_count,2020-01-15 07:23:00
demo_session_01272,followup_shown_count,2020-01-15 07:22:00
demo_session_01272,followup_shown_count,2020-01-15 07:21:00
demo_session_01272,followup_shown_count,2020-01-15 07:20:00
demo_session_01273,followup_shown_count,2020-04-20 02:49:00
demo_session_01273,followup_shown_count,2020-04-20 02:48:00
demo_session_01273,followup_shown_count,2020-04-20 02:47:00
demo_session_01274,followup_shown_count,2020-02-16 03:31:00
demo_session_01274,followup_shown_count,2020-02-16 03:30:00
demo_session_01274,followup_shown_count,2020-02-16 03:29:00
demo_session_01274,followup_shown_count,2020-02-16 03:28:00
demo_session_01274,followup_shown_count,2020-02-16 03:27:00
demo_session_01274,followup_shown_count,2020-02-16 03:26:00
demo_session_01275,followup_shown_count,2020-02-28 20:44:00
demo_session_01275,followup_shown_count,2020-02-28 20:43:00
demo_session_01277,followup_shown_count,2020-04-15 12:04:00
demo_session_01277,followup_shown_count,2020-04-15 12:03:00
demo_session_01277,followup_shown_count,2020-04-15 12:02:00
demo_session_01278,followup_shown_count,2020-04-02 09:51:00
demo_session_01278,followup_shown_count,2020-04-02 09:50:00
demo_session_01278,followup_shown_count,2020-04-02 09:49:00
demo_session_01278,followup_shown_count,2020-04-02 09:48:00
demo_session_01279,followup_shown_count,2020-02-15 20:28:00
demo_session_01280,followup_shown_count,2020-03-30 23:56:00
demo_session_01280,followup_shown_count,2020-03-30 23:55:00
demo_session_01280,followup_shown_count,2020-03-30 23:54:00
demo_session_01281,followup_shown_count,2020-02-17 10:03:00
demo_session_01282,followup_shown_count,2020-03-02 23:56:00
demo_session_01282,followup_shown_count,2020-03-02 23:55:00
demo_session_01284,followup_shown_count,2020-03-07 01:32:00
demo_session_01285,followup_shown_count,2020-01-07 01:31:00
demo_session_01286,followup_shown_count,2020-01-06 08:28:00
demo_session_01288,followup_shown_count,2020-01-11 01:05:00
demo_session_01288,followup_shown_count,2020-01-11 01:04:00
demo_session_01288,followup_shown_count,2020-01-11 01:03:00
demo_session_01291,followup_shown_count,2020-01-30 01:11:00
demo_session_01291,followup_shown_count,2020-01-30 01:10:00
demo_session_01292,followup_shown_count,2020-02-07 17:09:00
demo_session_01292,followup_shown_count,2020-02-07 17:08:00
demo_session_01292,followup_shown_count,2020-02-07 17:07:00
demo_session_01293,followup_shown_count,2020-01-22 00:12:00
demo_session_01294,followup_shown_count,2020-04-14 03:11:00
demo_session_01294,followup_shown_count,2020-04-14 03:10:00
demo_session_01295,followup_shown_count,2020-01-11 16:27:00
demo_session_01295,followup_shown_count,2020-01-11 16:26:00
demo_session_01295,followup_shown_count,2020-01-11 16:25:00
demo_session_01296,followup_shown_count,2020-01-24 00:04:00
demo_session_01297,followup_shown_count,2020-01-27 23:33:00
demo_session_01297,followup_shown_count,2020-01-27 23:32:00
demo_session_01298,followup_shown_count,2020-01-11 02:38:00
demo_session_01298,followup_shown_count,2020-01-11 02:37:00
demo_session_01299,followup_shown_count,2020-01-31 01:20:00
demo_session_01299,followup_shown_count,2020-01-31 01:19:00
demo_session_01299,followup_shown_count,2020-01-31 01:18:00
demo_session_01301,followup_shown_count,2020-02-10 22:31:00
demo_session_01302,followup_shown_count,2020-01-19 09:05:00
demo_session_01303,followup_shown_count,2020-04-22 14:22:00
demo_session_01303,followup_shown_count,2020-04-22 14:21:00
demo_session_01303,followup_shown_count,2020-04-22 14:20:00
demo_session_01304,followup_shown_count,2020-04-04 08:38:00
demo_session_01304,followup_shown_count,2020-04-04 08:37:00
demo_session_01305,followup_shown_count,2020-03-18 08:29:00
demo_session_01307,followup_shown_count,2020-03-24 04:43:00
demo_session_01307,followup_shown_count,2020-03-24 04:42:00
demo_session_01307,followup_shown_count,2020-03-24 04:41:00
demo_session_01307,followup_shown_count,2020-03-24 04:40:00
demo_session_01307,followup_shown_count,2020-03-24 04:39:00
demo_session_01307,followup_shown_count,2020-03-24 04:38:00
demo_session_01308,followup_shown_count,2020-04-22 22:43:00
demo_session_01308,followup_shown_count,2020-04-22 22:42:00
demo_session_01308,followup_shown_count,2020-04-22 22:41:00
demo_session_01309,followup_shown_count,2020-01-16 22:17:00
demo_session_01309,followup_shown_count,2020-01-16 22:16:00
demo_session_01309,followup_shown_count,2020-01-16 22:15:00
demo_session_01310,followup_shown_count,2020-03-04 18:06:00
demo_session_01311,followup_shown_count,2020-01-24 02:51:00
demo_session_01311,followup_shown_count,2020-01-24 02:50:00
demo_session_01312,followup_shown_count,2020-02-24 07:00:00
demo_session_01313,followup_shown_count,2020-04-17 20:09:00
demo_session_01313,followup_shown_count,2020-04-17 20:08:00
demo_session_01314,followup_shown_count,2020-03-16 17:56:00
demo_session_01315,followup_shown_count,2020-03-17 02:47:00
demo_session_01315,followup_shown_count,2020-03-17 02:46:00
demo_session_01315,followup_shown_count,2020-03-17 02:45:00
demo_session_01315,followup_shown_count,2020-03-17 02:44:00
demo_session_01316,followup_shown_count,2020-01-12 12:13:00
demo_session_01316,followup_shown_count,2020-01-12 12:12:00
demo_session_01317,followup_shown_count,2020-04-07 03:46:00
demo_session_01317,followup_shown_count,2020-04-07 03:45:00
demo_session_01318,followup_shown_count,2020-03-26 18:32:00
demo_session_01319,followup_shown_count,2020-02-12 21:28:00
demo_session_01319,followup_shown_count,2020-02-12 21:27:00
demo_session_01319,followup_shown_count,2020-02-12 21:26:00
demo_session_01319,followup_shown_count,2020-02-12 21:25:00
demo_session_01321,followup_shown_count,2020-03-10 06:20:00
demo_session_01323,followup_shown_count,2020-03-01 06:20:00
demo_session_01323,followup_shown_count,2020-03-01 06:19:00
demo_session_01323,followup_shown_count,2020-03-01 06:18:00
demo_session_01323,followup_shown_count,2020-03-01 06:17:00
demo_session_01324,followup_shown_count,2020-04-12 18:42:00
demo_session_01324,followup_shown_count,2020-04-12 18:41:00
demo_session_01325,followup_shown_count,2020-01-25 15:34:00
demo_session_01325,followup_shown_count,2020-01-25 15:33:00
demo_session_01327,followup_shown_count,2020-04-08 23:19:00
demo_session_01328,followup_shown_count,2020-03-25 20:08:00
demo_session_01328,followup_shown_count,2020-03-25 20:07:00
demo_session_01329,followup_shown_count,2020-02-10 01:12:00
demo_session_01329,followup_shown_count,2020-02-10 01:11:00
demo_session_01329,followup_shown_count,2020-02-10 01:10:00
demo_session_01330,followup_shown_count,2020-02-25 15:45:00
demo_session_01331,followup_shown_count,2020-02-26 00:37:00
demo_session_01332,followup_shown_count,2020-02-07 01:08:00
demo_session_01332,followup_shown_count,2020-02-07 01:07:00
demo_session_01333,followup_shown_count,2020-01-16 23:00:00
demo_session_01333,followup_shown_count,2020-01-16 22:59:00
demo_session_01333,followup_shown_count,2020-01-16 22:58:00
demo_session_01333,followup_shown_count,2020-01-16 22:57:00
demo_session_01333,followup_shown_count,2020-01-16 22:56:00
demo_session_01334,followup_shown_count,2020-01-23 09:47:00
demo_session_01334,followup_shown_count,2020-01-23 09:46:00
demo_session_01334,followup_shown_count,2020-01-23 09:45:00
demo_session_01335,followup_shown_count,2020-03-17 14:27:00
demo_session_01336,followup_shown_count,2020-01-27 23:30:00
demo_session_01336,followup_shown_count,2020-01-27 23:29:00
demo_session_01337,followup_shown_count,2020-04-04 22:27:00
demo_session_01337,followup_shown_count,2020-04-04 22:26:00
demo_session_01339,followup_shown_count,2020-02-19 05:54:00
demo_session_01339,followup_shown_count,2020-02-19 05:53:00
demo_session_01339,followup_shown_count,2020-02-19 05:52:00
demo_session_01339,followup_shown_count,2020-02-19 05:51:00
demo_session_01342,followup_shown_count,2020-01-02 12:37:00
demo_session_01344,followup_shown_count,2020-03-23 21:23:00
demo_session_01344,followup_shown_count,2020-03-23 21:22:00
demo_session_01345,followup_shown_count,2020-04-14 18:27:00
demo_session_01345,followup_shown_count,2020-04-14 18:26:00
demo_session_01346,followup_shown_count,2020-02-25 02:07:00
demo_session_01346,followup_shown_count,2020-02-25 02:06:00
demo_session_01347,followup_shown_count,2020-03-27 13:05:00
demo_session_01348,followup_shown_count,2020-01-27 03:12:00
demo_session_01348,followup_shown_count,2020-01-27 03:11:00
demo_session_01348,followup_shown_count,2020-01-27 03:10:00
demo_session_01349,followup_shown_count,2020-04-21 06:29:00
demo_session_01350,followup_shown_count,2020-03-10 21:31:00
demo_session_01350,followup_shown_count,2020-03-10 21:30:00
demo_session_01350,followup_shown_count,2020-03-10 21:29:00
demo_session_01352,followup_shown_count,2020-01-22 03:47:00
demo_session_01352,followup_shown_count,2020-01-22 03:46:00
demo_session_01353,followup_shown_count,2020-02-29 09:09:00
demo_session_01353,followup_shown_count,2020-02-29 09:08:00
demo_session_01354,followup_shown_count,2020-03-28 08:44:00
demo_session_01354,followup_shown_count,2020-03-28 08:43:00
demo_session_01355,followup_shown_count,2020-02-19 14:46:00
demo_session_01355,followup_shown_count,2020-02-19 14:45:00
demo_session_01355,followup_shown_count,2020-02-19 14:44:00
demo_session_01356,followup_shown_count,2020-04-25 06:02:00
demo_session_01356,followup_shown_count,2020-04-25 06:01:00
demo_session_01356,followup_shown_count,2020-04-25 06:00:00
demo_session_01356,followup_shown_count,2020-04-25 05:59:00
demo_session_01357,followup_shown_count,2020-04-09 12:39:00
demo_session_01357,followup_shown_count,2020-04-09 12:38:00
demo_session_01359,followup_shown_count,2020-04-10 20:13:00
demo_session_01359,followup_shown_count,2020-04-10 20:12:00
demo_session_01359,followup_shown_count,2020-04-10 20:11:00
demo_session_01361,followup_shown_count,2020-03-11 16:01:00
demo_session_01361,followup_shown_count,2020-03-11 16:00:00
demo_session_01361,followup_shown_count,2020-03-11 15:59:00
demo_session_01361,followup_shown_count,2020-03-11 15:58:00
demo_session_01363,followup_shown_count,2020-03-25 06:06:00
demo_session_01364,followup_shown_count,2020-02-21 12:45:00
demo_session_01364,followup_shown_count,2020-02-21 12:44:00
demo_session_01365,followup_shown_count,2020-02-25 13:00:00
demo_session_01366,followup_shown_count,2020-03-10 22:03:00
demo_session_01367,followup_shown_count,2020-01-27 04:53:00
demo_session_01368,followup_shown_count,2020-02-21 04:45:00
demo_session_01368,followup_shown_count,2020-02-21 04:44:00
demo_session_01368,followup_shown_count,2020-02-21 04:43:00
demo_session_01369,followup_shown_count,2020-01-06 23:55:00
demo_session_01369,followup_shown_count,2020-01-06 23:54:00
demo_session_01369,followup_shown_count,2020-01-06 23:53:00
demo_session_01369,followup_shown_count,2020-01-06 23:52:00
demo_session_01369,followup_shown_count,2020-01-06 23:51:00
demo_session_01369,followup_shown_count,2020-01-06 23:50:00
demo_session_01370,followup_shown_count,2020-01-08 00:33:00
demo_session_01370,followup_shown_count,2020-01-08 00:32:00
demo_session_01370,followup_shown_count,2020-01-08 00:31:00
demo_session_01370,followup_shown_count,2020-01-08 00:30:00
demo_session_01372,followup_shown_count,2020-02-03 08:58:00
demo_session_01372,followup_shown_count,2020-02-03 08:57:00
demo_session_01373,followup_shown_count,2020-03-21 07:19:00
demo_session_01374,followup_shown_count,2020-04-01 04:32:00
demo_session_01375,followup_shown_count,2020-03-20 19:56:00
demo_session_01375,followup_shown_count,2020-03-20 19:55:00
demo_session_01376,followup_shown_count,2020-02-20 12:15:00
demo_session_01376,followup_shown_count,2020-02-20 12:14:00
demo_session_01376,followup_shown_count,2020-02-20 12:13:00
demo_session_01376,followup_shown_count,2020-02-20 12:12:00
demo_session_01376,followup_shown_count,2020-02-20 12:11:00
demo_session_01376,followup_shown_count,2020-02-20 12:10:00
demo_session_01377,followup_shown_count,2020-03-08 11:43:00
demo_session_01378,followup_shown_count,2020-04-03 22:38:00
demo_session_01378,followup_shown_count,2020-04-03 22:37:00
demo_session_01378,followup_shown_count,2020-04-03 22:36:00
demo_session_01381,followup_shown_count,2020-01-30 01:02:00
demo_session_01381,followup_shown_count,2020-01-30 01:01:00
demo_session_01381,followup_shown_count,2020-01-30 01:00:00
demo_session_01382,followup_shown_count,2020-01-25 02:54:00
demo_session_01383,followup_shown_count,2020-01-08 21:12:00
demo_session_01384,followup_shown_count,2020-01-09 11:44:00
demo_session_01384,followup_shown_count,2020-01-09 11:43:00
demo_session_01386,followup_shown_count,2020-04-02 06:28:00
demo_session_01386,followup_shown_count,2020-04-02 06:27:00
demo_session_01387,followup_shown_count,2020-03-16 09:28:00
demo_session_01387,followup_shown_count,2020-03-16 09:27:00
demo_session_01388,followup_shown_count,2020-01-11 13:52:00
demo_session_01389,followup_shown_count,2020-04-02 04:01:00
demo_session_01390,followup_shown_count,2020-03-31 00:23:00
demo_session_01390,followup_shown_count,2020-03-31 00:22:00
demo_session_01391,followup_shown_count,2020-04-18 21:56:00
demo_session_01392,followup_shown_count,2020-04-26 05:24:00
demo_session_01393,followup_shown_count,2020-01-11 01:39:00
demo_session_01393,followup_shown_count,2020-01-11 01:38:00
demo_session_01393,followup_shown_count,2020-01-11 01:37:00
demo_session_01393,followup_shown_count,2020-01-11 01:36:00
demo_session_01393,followup_shown_count,2020-01-11 01:35:00
demo_session_01393,followup_shown_count,2020-01-11 01:34:00
demo_session_01394,followup_shown_count,2020-03-03 19:19:00
demo_session_01394,followup_shown_count,2020-03-03 19:18:00
demo_session_01394,followup_shown_count,2020-03-03 19:17:00
demo_session_01395,followup_shown_count,2020-04-07 16:22:00
demo_session_01395,followup_shown_count,2020-04-07 16:21:00
demo_session_01395,followup_shown_count,2020-04-07 16:20:00
demo_session_01395,followup_shown_count,2020-04-07 16:19:00
demo_session_01395,followup_shown_count,2020-04-07 16:18:00
demo_session_01396,followup_shown_count,2020-01-29 17:29:00
demo_session_01396,followup_shown_count,2020-01-29 17:28:00
demo_session_01397,followup_shown_count,2020-03-12 16:33:00
demo_session_01397,followup_shown_count,2020-03-12 16:32:00
demo_session_01397,followup_shown_count,2020-03-12 16:31:00
demo_session_01399,followup_shown_count,2020-02-06 03:46:00
demo_session_01399,followup_shown_count,2020-02-06 03:45:00
demo_session_01399,followup_shown_count,2020-02-06 03:44:00
demo_session_01400,followup_shown_count,2020-04-27 13:36:00
demo_session_01401,followup_shown_count,2020-03-28 02:15:00
demo_session_01402,followup_shown_count,2020-02-01 08:13:00
demo_session_01402,followup_shown_count,2020-02-01 08:12:00
demo_session_01403,followup_shown_count,2020-04-28 17:19:00
demo_session_01405,followup_shown_count,2020-02-15 12:42:00
demo_session_01405,followup_shown_count,2020-02-15 12:41:00
demo_session_01406,followup_shown_count,2020-02-23 07:27:00
demo_session_01406,followup_shown_count,2020-02-23 07:26:00
demo_session_01407,followup_shown_count,2020-03-16 07:00:00
demo_session_01407,followup_shown_count,2020-03-16 06:59:00
demo_session_01407,followup_shown_count,2020-03-16 06:58:00
demo_session_01409,followup_shown_count,2020-02-01 07:10:00
demo_session_01409,followup_shown_count,2020-02-01 07:09:00
demo_session_01410,followup_shown_count,2020-03-21 11:43:00
demo_session_01410,followup_shown_count,2020-03-21 11:42:00
demo_session_01411,followup_shown_count,2020-01-25 14:27:00
demo_session_01411,followup_shown_count,2020-01-25 14:26:00
demo_session_01411,followup_shown_count,2020-01-25 14:25:00
demo_session_01411,followup_shown_count,2020-01-25 14:24:00
demo_session_01412,followup_shown_count,2020-01-18 02:16:00
demo_session_01412,followup_shown_count,2020-01-18 02:15:00
demo_session_01413,followup_shown_count,2020-01-18 21:28:00
demo_session_01415,followup_shown_count,2020-01-04 20:35:00
demo_session_01415,followup_shown_count,2020-01-04 20:34:00
demo_session_01417,followup_shown_count,2020-03-27 20:33:00
demo_session_01417,followup_shown_count,2020-03-27 20:32:00
demo_session_01417,followup_shown_count,2020-03-27 20:31:00
demo_session_01417,followup_shown_count,2020-03-27 20:30:00
demo_session_01418,followup_shown_count,2020-03-05 22:50:00
demo_session_01418,followup_shown_count,2020-03-05 22:49:00
demo_session_01418,followup_shown_count,2020-03-05 22:48:00
demo_session_01420,followup_shown_count,2020-01-31 15:14:00
demo_session_01420,followup_shown_count,2020-01-31 15:13:00
demo_session_01421,followup_shown_count,2020-03-22 03:38:00
demo_session_01422,followup_shown_count,2020-04-06 05:45:00
demo_session_01423,followup_shown_count,2020-04-14 08:27:00
demo_session_01425,followup_shown_count,2020-04-11 14:11:00
demo_session_01427,followup_shown_count,2020-02-05 21:00:00
demo_session_01427,followup_shown_count,2020-02-05 20:59:00
demo_session_01430,followup_shown_count,2020-02-25 14:43:00
demo_session_01431,followup_shown_count,2020-02-23 04:00:00
demo_session_01432,followup_shown_count,2020-03-12 12:04:00
demo_session_01433,followup_shown_count,2020-01-22 18:05:00
demo_session_01434,followup_shown_count,2020-01-08 10:22:00
demo_session_01435,followup_shown_count,2020-02-14 19:41:00
demo_session_01435,followup_shown_count,2020-02-14 19:40:00
demo_session_01435,followup_shown_count,2020-02-14 19:39:00
demo_session_01435,followup_shown_count,2020-02-14 19:38:00
demo_session_01435,followup_shown_count,2020-02-14 19:37:00
demo_session_01435,followup_shown_count,2020-02-14 19:36:00
demo_session_01436,followup_shown_count,2020-04-28 00:26:00
demo_session_01436,followup_shown_count,2020-04-28 00:25:00
demo_session_01438,followup_shown_count,2020-03-06 17:36:00
demo_session_01438,followup_shown_count,2020-03-06 17:35:00
demo_session_01438,followup_shown_count,2020-03-06 17:34:00
demo_session_01439,followup_shown_count,2020-03-18 07:42:00
demo_session_01440,followup_shown_count,2020-03-01 23:11:00
demo_session_01445,followup_shown_count,2020-04-13 21:58:00
demo_session_01446,followup_shown_count,2020-03-19 23:40:00
demo_session_01446,followup_shown_count,2020-03-19 23:39:00
demo_session_01447,followup_shown_count,2020-04-23 09:15:00
demo_session_01447,followup_shown_count,2020-04-23 09:14:00
demo_session_01447,followup_shown_count,2020-04-23 09:13:00
demo_session_01448,followup_shown_count,2020-01-22 08:23:00
demo_session_01448,followup_shown_count,2020-01-22 08:22:00
demo_session_01450,followup_shown_count,2020-01-12 01:44:00
demo_session_01450,followup_shown_count,2020-01-12 01:43:00
demo_session_01450,followup_shown_count,2020-01-12 01:42:00
demo_session_01451,followup_shown_count,2020-03-07 19:38:00
demo_session_01451,followup_shown_count,2020-03-07 19:37:00
demo_session_01452,followup_shown_count,2020-01-23 00:35:00
demo_session_01453,followup_shown_count,2020-03-19 23:14:00
demo_session_01453,followup_shown_count,2020-03-19 23:13:00
demo_session_01454,followup_shown_count,2020-02-09 03:56:00
demo_session_01454,followup_shown_count,2020-02-09 03:55:00
demo_session_01454,followup_shown_count,2020-02-09 03:54:00
demo_session_01455,followup_shown_count,2020-01-16 10:24:00
demo_session_01455,followup_shown_count,2020-01-16 10:23:00
demo_session_01455,followup_shown_count,2020-01-16 10:22:00
demo_session_01456,followup_shown_count,2020-04-13 22:06:00
demo_session_01458,followup_shown_count,2020-01-21 11:15:00
demo_session_01459,followup_shown_count,2020-01-26 00:44:00
demo_session_01459,followup_shown_count,2020-01-26 00:43:00
demo_session_01459,followup_shown_count,2020-01-26 00:42:00
demo_session_01459,followup_shown_count,2020-01-26 00:41:00
demo_session_01460,followup_shown_count,2020-01-05 12:56:00
demo_session_01460,followup_shown_count,2020-01-05 12:55:00
demo_session_01460,followup_shown_count,2020-01-05 12:54:00
demo_session_01461,followup_shown_count,2020-03-21 08:39:00
demo_session_01462,followup_shown_count,2020-04-17 05:12:00
demo_session_01462,followup_shown_count,2020-04-17 05:11:00
demo_session_01462,followup_shown_count,2020-04-17 05:10:00
demo_session_01464,followup_shown_count,2020-02-24 04:04:00
demo_session_01464,followup_shown_count,2020-02-24 04:03:00
demo_session_01464,followup_shown_count,2020-02-24 04:02:00
demo_session_01465,followup_shown_count,2020-03-25 16:39:00
demo_session_01465,followup_shown_count,2020-03-25 16:38:00
demo_session_01466,followup_shown_count,2020-02-23 02:21:00
demo_session_01467,followup_shown_count,2020-03-31 09:52:00
demo_session_01467,followup_shown_count,2020-03-31 09:51:00
demo_session_01467,followup_shown_count,2020-03-31 09:50:00
demo_session_01467,followup_shown_count,2020-03-31 09:49:00
demo_session_01468,followup_shown_count,2020-03-31 11:40:00
demo_session_01468,followup_shown_count,2020-03-31 11:39:00
demo_session_01469,followup_shown_count,2020-03-29 22:11:00
demo_session_01470,followup_shown_count,2020-03-26 18:17:00
demo_session_01472,followup_shown_count,2020-02-17 05:29:00
demo_session_01472,followup_shown_count,2020-02-17 05:28:00
demo_session_01473,followup_shown_count,2020-03-13 20:14:00
demo_session_01473,followup_shown_count,2020-03-13 20:13:00
demo_session_01473,followup_shown_count,2020-03-13 20:12:00
demo_session_01473,followup_shown_count,2020-03-13 20:11:00
demo_session_01474,followup_shown_count,2020-01-13 20:52:00
demo_session_01474,followup_shown_count,2020-01-13 20:51:00
demo_session_01475,followup_shown_count,2020-03-12 18:11:00
demo_session_01476,followup_shown_count,2020-01-04 21:18:00
demo_session_01477,followup_shown_count,2020-03-27 10:29:00
demo_session_01477,followup_shown_count,2020-03-27 10:28:00
demo_session_01477,followup_shown_count,2020-03-27 10:27:00
demo_session_01477,followup_shown_count,2020-03-27 10:26:00
demo_session_01478,followup_shown_count,2020-03-13 15:22:00
demo_session_01478,followup_shown_count,2020-03-13 15:21:00
demo_session_01479,followup_shown_count,2020-02-29 21:06:00
demo_session_01479,followup_shown_count,2020-02-29 21:05:00
demo_session_01479,followup_shown_count,2020-02-29 21:04:00
demo_session_01480,followup_shown_count,2020-02-06 08:24:00
demo_session_01480,followup_shown_count,2020-02-06 08:23:00
demo_session_01480,followup_shown_count,2020-02-06 08:22:00
demo_session_01481,followup_shown_count,2020-03-01 20:59:00
demo_session_01481,followup_shown_count,2020-03-01 20:58:00
demo_session_01483,followup_shown_count,2020-03-23 03:04:00
demo_session_01485,followup_shown_count,2020-01-21 10:01:00
demo_session_01485,followup_shown_count,2020-01-21 10:00:00
demo_session_01485,followup_shown_count,2020-01-21 09:59:00
demo_session_01486,followup_shown_count,2020-01-06 06:56:00
demo_session_01487,followup_shown_count,2020-03-19 07:07:00
demo_session_01487,followup_shown_count,2020-03-19 07:06:00
demo_session_01487,followup_shown_count,2020-03-19 07:05:00
demo_session_01487,followup_shown_count,2020-03-19 07:04:00
demo_session_01489,followup_shown_count,2020-01-18 18:53:00
demo_session_01489,followup_shown_count,2020-01-18 18:52:00
demo_session_01490,followup_shown_count,2020-02-02 23:21:00
demo_session_01491,followup_shown_count,2020-03-27 23:30:00
demo_session_01492,followup_shown_count,2020-01-08 12:08:00
demo_session_01492,followup_shown_count,2020-01-08 12:07:00
demo_session_01493,followup_shown_count,2020-02-16 16:03:00
demo_session_01494,followup_shown_count,2020-01-13 16:01:00
demo_session_01494,followup_shown_count,2020-01-13 16:00:00
demo_session_01494,followup_shown_count,2020-01-13 15:59:00
demo_session_01494,followup_shown_count,2020-01-13 15:58:00
demo_session_01494,followup_shown_count,2020-01-13 15:57:00
demo_session_01494,followup_shown_count,2020-01-13 15:56:00
demo_session_01495,followup_shown_count,2020-04-10 17:58:00
demo_session_01495,followup_shown_count,2020-04-10 17:57:00
demo_session_01495,followup_shown_count,2020-04-10 17:56:00
demo_session_01497,followup_shown_count,2020-01-11 14:36:00
demo_session_01497,followup_shown_count,2020-01-11 14:35:00
demo_session_01497,followup_shown_count,2020-01-11 14:34:00
demo_session_01497,followup_shown_count,2020-01-11 14:33:00
demo_session_01498,followup_shown_count,2020-02-02 20:34:00
demo_session_01499,followup_shown_count,2020-02-25 06:17:00
demo_session_01500,followup_shown_count,2020-02-24 20:13:00
demo_session_01500,followup_shown_count,2020-02-24 20:12:00
demo_session_01500,followup_shown_count,2020-02-24 20:11:00
demo_session_01500,followup_shown_count,2020-02-24 20:10:00
demo_session_01500,followup_shown_count,2020-02-24 20:09:00
demo_session_01500,followup_shown_count,2020-02-24 20:08:00
demo_session_01501,followup_shown_count,2020-01-21 01:34:00
demo_session_01502,followup_shown_count,2020-02-25 23:49:00
demo_session_01502,followup_shown_count,2020-02-25 23:48:00
demo_session_01502,followup_shown_count,2020-02-25 23:47:00
demo_session_01506,followup_shown_count,2020-02-16 07:01:00
demo_session_01506,followup_shown_count,2020-02-16 07:00:00
demo_session_01506,followup_shown_count,2020-02-16 06:59:00
demo_session_01507,followup_shown_count,2020-02-28 05:20:00
demo_session_01507,followup_shown_count,2020-02-28 05:19:00
demo_session_01507,followup_shown_count,2020-02-28 05:18:00
demo_session_01507,followup_shown_count,2020-02-28 05:17:00
demo_session_01507,followup_shown_count,2020-02-28 05:16:00
demo_session_01508,followup_shown_count,2020-02-04 04:32:00
demo_session_01508,followup_shown_count,2020-02-04 04:31:00
demo_session_01510,followup_shown_count,2020-01-11 05:24:00
demo_session_01510,followup_shown_count,2020-01-11 05:23:00
demo_session_01511,followup_shown_count,2020-04-05 17:23:00
demo_session_01511,followup_shown_count,2020-04-05 17:22:00
demo_session_01511,followup_shown_count,2020-04-05 17:21:00
demo_session_01512,followup_shown_count,2020-01-16 19:01:00
demo_session_01512,followup_shown_count,2020-01-16 19:00:00
demo_session_01513,followup_shown_count,2020-02-03 20:15:00
demo_session_01514,followup_shown_count,2020-04-01 11:07:00
demo_session_01514,followup_shown_count,2020-04-01 11:06:00
demo_session_01514,followup_shown_count,2020-04-01 11:05:00
demo_session_01514,followup_shown_count,2020-04-01 11:04:00
demo_session_01515,followup_shown_count,2020-03-12 06:52:00
demo_session_01516,followup_shown_count,2020-01-03 23:44:00
demo_session_01517,followup_shown_count,2020-01-21 09:59:00
demo_session_01518,followup_shown_count,2020-02-26 12:55:00
demo_session_01520,followup_shown_count,2020-04-28 16:05:00
demo_session_01521,followup_shown_count,2020-01-14 15:25:00
demo_session_01521,followup_shown_count,2020-01-14 15:24:00
demo_session_01521,followup_shown_count,2020-01-14 15:23:00
demo_session_01522,followup_shown_count,2020-01-04 03:51:00
demo_session_01522,followup_shown_count,2020-01-04 03:50:00
demo_session_01522,followup_shown_count,2020-01-04 03:49:00
demo_session_01523,followup_shown_count,2020-03-07 02:22:00
demo_session_01523,followup_shown_count,2020-03-07 02:21:00
demo_session_01523,followup_shown_count,2020-03-07 02:20:00
demo_session_01523,followup_shown_count,2020-03-07 02:19:00
demo_session_01523,followup_shown_count,2020-03-07 02:18:00
demo_session_01523,followup_shown_count,2020-03-07 02:17:00
demo_session_01523,followup_shown_count,2020-03-07 02:16:00
demo_session_01524,followup_shown_count,2020-04-25 01:50:00
demo_session_01524,followup_shown_count,2020-04-25 01:49:00
demo_session_01524,followup_shown_count,2020-04-25 01:48:00
demo_session_01526,followup_shown_count,2020-04-09 11:06:00
demo_session_01528,followup_shown_count,2020-02-19 22:46:00
demo_session_01529,followup_shown_count,2020-02-19 22:51:00
demo_session_01529,followup_shown_count,2020-02-19 22:50:00
demo_session_01530,followup_shown_count,2020-04-29 02:27:00
demo_session_01532,followup_shown_count,2020-03-06 14:29:00
demo_session_01534,followup_shown_count,2020-04-21 19:01:00
demo_session_01534,followup_shown_count,2020-04-21 19:00:00
demo_session_01534,followup_shown_count,2020-04-21 18:59:00
demo_session_01535,followup_shown_count,2020-01-31 09:20:00
demo_session_01535,followup_shown_count,2020-01-31 09:19:00
demo_session_01536,followup_shown_count,2020-02-17 02:58:00
demo_session_01536,followup_shown_count,2020-02-17 02:57:00
demo_session_01537,followup_shown_count,2020-04-11 12:51:00
demo_session_01537,followup_shown_count,2020-04-11 12:50:00
demo_session_01538,followup_shown_count,2020-03-02 06:25:00
demo_session_01538,followup_shown_count,2020-03-02 06:24:00
demo_session_01538,followup_shown_count,2020-03-02 06:23:00
demo_session_01538,followup_shown_count,2020-03-02 06:22:00
demo_session_01538,followup_shown_count,2020-03-02 06:21:00
demo_session_01539,followup_shown_count,2020-03-31 23:33:00
demo_session_01541,followup_shown_count,2020-03-18 04:39:00
demo_session_01541,followup_shown_count,2020-03-18 04:38:00
demo_session_01541,followup_shown_count,2020-03-18 04:37:00
demo_session_01542,followup_shown_count,2020-01-20 12:23:00
demo_session_01542,followup_shown_count,2020-01-20 12:22:00
demo_session_01544,followup_shown_count,2020-03-12 23:16:00
demo_session_01544,followup_shown_count,2020-03-12 23:15:00
demo_session_01544,followup_shown_count,2020-03-12 23:14:00
demo_session_01544,followup_shown_count,2020-03-12 23:13:00
demo_session_01545,followup_shown_count,2020-01-22 00:53:00
demo_session_01545,followup_shown_count,2020-01-22 00:52:00
demo_session_01546,followup_shown_count,2020-01-14 06:46:00
demo_session_01546,followup_shown_count,2020-01-14 06:45:00
demo_session_01547,followup_shown_count,2020-04-22 02:10:00
demo_session_01548,followup_shown_count,2020-01-13 16:57:00
demo_session_01549,followup_shown_count,2020-02-24 13:39:00
demo_session_01549,followup_shown_count,2020-02-24 13:38:00
demo_session_01549,followup_shown_count,2020-02-24 13:37:00
demo_session_01550,followup_shown_count,2020-04-28 05:08:00
demo_session_01550,followup_shown_count,2020-04-28 05:07:00
demo_session_01550,followup_shown_count,2020-04-28 05:06:00
demo_session_01550,followup_shown_count,2020-04-28 05:05:00
demo_session_01550,followup_shown_count,2020-04-28 05:04:00
demo_session_01550,followup_shown_count,2020-04-28 05:03:00
demo_session_01551,followup_shown_count,2020-04-14 05:52:00
demo_session_01552,followup_shown_count,2020-04-10 16:41:00
demo_session_01553,followup_shown_count,2020-03-29 07:49:00
demo_session_01554,followup_shown_count,2020-02-27 06:24:00
demo_session_01554,followup_shown_count,2020-02-27 06:23:00
demo_session_01554,followup_shown_count,2020-02-27 06:22:00
demo_session_01554,followup_shown_count,2020-02-27 06:21:00
demo_session_01555,followup_shown_count,2020-02-04 07:26:00
demo_session_01556,followup_shown_count,2020-04-17 15:59:00
demo_session_01556,followup_shown_count,2020-04-17 15:58:00
demo_session_01556,followup_shown_count,2020-04-17 15:57:00
demo_session_01557,followup_shown_count,2020-03-09 07:36:00
demo_session_01557,followup_shown_count,2020-03-09 07:35:00
demo_session_01559,followup_shown_count,2020-04-25 23:55:00
demo_session_01559,followup_shown_count,2020-04-25 23:54:00
demo_session_01561,followup_shown_count,2020-01-05 10:47:00
demo_session_01562,followup_shown_count,2020-03-13 02:43:00
demo_session_01562,followup_shown_count,2020-03-13 02:42:00
demo_session_01562,followup_shown_count,2020-03-13 02:41:00
demo_session_01563,followup_shown_count,2020-02-21 04:15:00
demo_session_01563,followup_shown_count,2020-02-21 04:14:00
demo_session_01566,followup_shown_count,2020-03-16 14:05:00
demo_session_01569,followup_shown_count,2020-02-08 03:34:00
demo_session_01570,followup_shown_count,2020-04-25 19:26:00
demo_session_01570,followup_shown_count,2020-04-25 19:25:00
demo_session_01573,followup_shown_count,2020-04-19 23:00:00
demo_session_01573,followup_shown_count,2020-04-19 22:59:00
demo_session_01575,followup_shown_count,2020-03-05 12:21:00
demo_session_01576,followup_shown_count,2020-04-06 00:03:00
demo_session_01577,followup_shown_count,2020-04-23 18:49:00
demo_session_01577,followup_shown_count,2020-04-23 18:48:00
demo_session_01577,followup_shown_count,2020-04-23 18:47:00
demo_session_01577,followup_shown_count,2020-04-23 18:46:00
demo_session_01578,followup_shown_count,2020-03-09 03:40:00
demo_session_01578,followup_shown_count,2020-03-09 03:39:00
demo_session_01580,followup_shown_count,2020-02-21 16:49:00
demo_session_01580,followup_shown_count,2020-02-21 16:48:00
demo_session_01581,followup_shown_count,2020-01-28 07:05:00
demo_session_01581,followup_shown_count,2020-01-28 07:04:00
demo_session_01581,followup_shown_count,2020-01-28 07:03:00
demo_session_01581,followup_shown_count,2020-01-28 07:02:00
demo_session_01582,followup_shown_count,2020-03-24 22:11:00
demo_session_01583,followup_shown_count,2020-01-11 12:35:00
demo_session_01583,followup_shown_count,2020-01-11 12:34:00
demo_session_01583,followup_shown_count,2020-01-11 12:33:00
demo_session_01584,followup_shown_count,2020-02-26 03:19:00
demo_session_01584,followup_shown_count,2020-02-26 03:18:00
demo_session_01586,followup_shown_count,2020-02-16 07:14:00
demo_session_01586,followup_shown_count,2020-02-16 07:13:00
demo_session_01587,followup_shown_count,2020-03-16 04:55:00
demo_session_01587,followup_shown_count,2020-03-16 04:54:00
demo_session_01588,followup_shown_count,2020-03-06 11:00:00
demo_session_01588,followup_shown_count,2020-03-06 10:59:00
demo_session_01590,followup_shown_count,2020-04-06 00:35:00
demo_session_01590,followup_shown_count,2020-04-06 00:34:00
demo_session_01590,followup_shown_count,2020-04-06 00:33:00
demo_session_01590,followup_shown_count,2020-04-06 00:32:00
demo_session_01590,followup_shown_count,2020-04-06 00:31:00
demo_session_01590,followup_shown_count,2020-04-06 00:30:00
demo_session_01590,followup_shown_count,2020-04-06 00:29:00
demo_session_01591,followup_shown_count,2020-02-23 19:46:00
demo_session_01591,followup_shown_count,2020-02-23 19:45:00
demo_session_01591,followup_shown_count,2020-02-23 19:44:00
demo_session_01591,followup_shown_count,2020-02-23 19:43:00
demo_session_01592,followup_shown_count,2020-01-19 20:07:00
demo_session_01592,followup_shown_count,2020-01-19 20:06:00
demo_session_01593,followup_shown_count,2020-03-23 03:02:00
demo_session_01593,followup_shown_count,2020-03-23 03:01:00
demo_session_01594,followup_shown_count,2020-02-17 03:12:00
demo_session_01594,followup_shown_count,2020-02-17 03:11:00
demo_session_01594,followup_shown_count,2020-02-17 03:10:00
demo_session_01595,followup_shown_count,2020-03-17 17:42:00
demo_session_01595,followup_shown_count,2020-03-17 17:41:00
demo_session_01596,followup_shown_count,2020-03-31 13:42:00
demo_session_01596,followup_shown_count,2020-03-31 13:41:00
demo_session_01600,followup_shown_count,2020-02-15 17:27:00
demo_session_01600,followup_shown_count,2020-02-15 17:26:00
demo_session_01600,followup_shown_count,2020-02-15 17:25:00
demo_session_01600,followup_shown_count,2020-02-15 17:24:00
demo_session_01600,followup_shown_count,2020-02-15 17:23:00
demo_session_01601,followup_shown_count,2020-04-28 09:25:00
demo_session_01601,followup_shown_count,2020-04-28 09:24:00
demo_session_01602,followup_shown_count,2020-03-02 18:33:00
demo_session_01602,followup_shown_count,2020-03-02 18:32:00
demo_session_01602,followup_shown_count,2020-03-02 18:31:00
demo_session_01602,followup_shown_count,2020-03-02 18:30:00
demo_session_01604,followup_shown_count,2020-02-09 17:20:00
demo_session_01604,followup_shown_count,2020-02-09 17:19:00
demo_session_01605,followup_shown_count,2020-04-18 22:04:00
demo_session_01605,followup_shown_count,2020-04-18 22:03:00
demo_session_01606,followup_shown_count,2020-04-22 19:05:00
demo_session_01606,followup_shown_count,2020-04-22 19:04:00
demo_session_01606,followup_shown_count,2020-04-22 19:03:00
demo_session_01606,followup_shown_count,2020-04-22 19:02:00
demo_session_01606,followup_shown_count,2020-04-22 19:01:00
demo_session_01606,followup_shown_count,2020-04-22 19:00:00
demo_session_01606,followup_shown_count,2020-04-22 18:59:00
demo_session_01607,followup_shown_count,2020-04-24 04:57:00
demo_session_01607,followup_shown_count,2020-04-24 04:56:00
demo_session_01608,followup_shown_count,2020-02-16 13:58:00
demo_session_01609,followup_shown_count,2020-04-13 03:51:00
demo_session_01610,followup_shown_count,2020-03-21 15:40:00
demo_session_01611,followup_shown_count,2020-01-12 10:04:00
demo_session_01612,followup_shown_count,2020-04-20 01:37:00
demo_session_01612,followup_shown_count,2020-04-20 01:36:00
demo_session_01612,followup_shown_count,2020-04-20 01:35:00
demo_session_01613,followup_shown_count,2020-03-04 12:12:00
demo_session_01614,followup_shown_count,2020-03-04 21:47:00
demo_session_01614,followup_shown_count,2020-03-04 21:46:00
demo_session_01614,followup_shown_count,2020-03-04 21:45:00
demo_session_01615,followup_shown_count,2020-02-15 18:44:00
demo_session_01616,followup_shown_count,2020-04-12 08:43:00
demo_session_01618,followup_shown_count,2020-02-16 03:15:00
demo_session_01619,followup_shown_count,2020-03-08 16:54:00
demo_session_01620,followup_shown_count,2020-01-24 12:30:00
demo_session_01621,followup_shown_count,2020-01-26 12:55:00
demo_session_01623,followup_shown_count,2020-03-10 19:23:00
demo_session_01625,followup_shown_count,2020-04-08 02:03:00
demo_session_01627,followup_shown_count,2020-02-17 06:14:00
demo_session_01627,followup_shown_count,2020-02-17 06:13:00
demo_session_01627,followup_shown_count,2020-02-17 06:12:00
demo_session_01627,followup_shown_count,2020-02-17 06:11:00
demo_session_01628,followup_shown_count,2020-04-11 15:11:00
demo_session_01628,followup_shown_count,2020-04-11 15:10:00
demo_session_01629,followup_shown_count,2020-04-23 23:29:00
demo_session_01629,followup_shown_count,2020-04-23 23:28:00
demo_session_01629,followup_shown_count,2020-04-23 23:27:00
demo_session_01630,followup_shown_count,2020-01-12 08:59:00
demo_session_01630,followup_shown_count,2020-01-12 08:58:00
demo_session_01630,followup_shown_count,2020-01-12 08:57:00
demo_session_01631,followup_shown_count,2020-04-01 23:24:00
demo_session_01632,followup_shown_count,2020-01-28 21:03:00
demo_session_01633,followup_shown_count,2020-04-06 12:18:00
demo_session_01634,followup_shown_count,2020-02-23 13:00:00
demo_session_01634,followup_shown_count,2020-02-23 12:59:00
demo_session_01634,followup_shown_count,2020-02-23 12:58:00
demo_session_01634,followup_shown_count,2020-02-23 12:57:00
demo_session_01634,followup_shown_count,2020-02-23 12:56:00
demo_session_01635,followup_shown_count,2020-01-14 11:22:00
demo_session_01635,followup_shown_count,2020-01-14 11:21:00
demo_session_01635,followup_shown_count,2020-01-14 11:20:00
demo_session_01635,followup_shown_count,2020-01-14 11:19:00
demo_session_01636,followup_shown_count,2020-01-25 12:04:00
demo_session_01636,followup_shown_count,2020-01-25 12:03:00
demo_session_01636,followup_shown_count,2020-01-25 12:02:00
demo_session_01636,followup_shown_count,2020-01-25 12:01:00
demo_session_01636,followup_shown_count,2020-01-25 12:00:00
demo_session_01636,followup_shown_count,2020-01-25 11:59:00
demo_session_01636,followup_shown_count,2020-01-25 11:58:00
demo_session_01637,followup_shown_count,2020-04-23 00:34:00
demo_session_01638,followup_shown_count,2020-04-02 03:03:00
demo_session_01638,followup_shown_count,2020-04-02 03:02:00
demo_session_01638,followup_shown_count,2020-04-02 03:01:00
demo_session_01639,followup_shown_count,2020-01-05 03:25:00
demo_session_01640,followup_shown_count,2020-04-23 18:24:00
demo_session_01640,followup_shown_count,2020-04-23 18:23:00
demo_session_01641,followup_shown_count,2020-04-11 06:24:00
demo_session_01641,followup_shown_count,2020-04-11 06:23:00
demo_session_01641,followup_shown_count,2020-04-11 06:22:00
demo_session_01641,followup_shown_count,2020-04-11 06:21:00
demo_session_01641,followup_shown_count,2020-04-11 06:20:00
demo_session_01641,followup_shown_count,2020-04-11 06:19:00
demo_session_01642,followup_shown_count,2020-03-06 10:22:00
demo_session_01642,followup_shown_count,2020-03-06 10:21:00
demo_session_01643,followup_shown_count,2020-01-04 13:22:00
demo_session_01643,followup_shown_count,2020-01-04 13:21:00
demo_session_01643,followup_shown_count,2020-01-04 13:20:00
demo_session_01644,followup_shown_count,2020-02-22 04:29:00
demo_session_01644,followup_shown_count,2020-02-22 04:28:00
demo_session_01645,followup_shown_count,2020-01-20 11:51:00
demo_session_01646,followup_shown_count,2020-02-13 20:51:00
demo_session_01646,followup_shown_count,2020-02-13 20:50:00
demo_session_01647,followup_shown_count,2020-02-07 20:10:00
demo_session_01648,followup_shown_count,2020-03-26 13:06:00
demo_session_01648,followup_shown_count,2020-03-26 13:05:00
demo_session_01648,followup_shown_count,2020-03-26 13:04:00
demo_session_01649,followup_shown_count,2020-03-29 12:44:00
demo_session_01649,followup_shown_count,2020-03-29 12:43:00
demo_session_01650,followup_shown_count,2020-01-21 17:22:00
demo_session_01650,followup_shown_count,2020-01-21 17:21:00
demo_session_01651,followup_shown_count,2020-04-17 22:18:00
demo_session_01651,followup_shown_count,2020-04-17 22:17:00
demo_session_01652,followup_shown_count,2020-03-21 10:33:00
demo_session_01653,followup_shown_count,2020-03-20 23:29:00
demo_session_01653,followup_shown_count,2020-03-20 23:28:00
demo_session_01654,followup_shown_count,2020-04-03 03:21:00
demo_session_01655,followup_shown_count,2020-03-28 07:57:00
demo_session_01655,followup_shown_count,2020-03-28 07:56:00
demo_session_01656,followup_shown_count,2020-04-04 15:49:00
demo_session_01656,followup_shown_count,2020-04-04 15:48:00
demo_session_01656,followup_shown_count,2020-04-04 15:47:00
demo_session_01656,followup_shown_count,2020-04-04 15:46:00
demo_session_01656,followup_shown_count,2020-04-04 15:45:00
demo_session_01657,followup_shown_count,2020-02-04 18:31:00
demo_session_01657,followup_shown_count,2020-02-04 18:30:00
demo_session_01657,followup_shown_count,2020-02-04 18:29:00
demo_session_01658,followup_shown_count,2020-03-23 09:45:00
demo_session_01658,followup_shown_count,2020-03-23 09:44:00
demo_session_01658,followup_shown_count,2020-03-23 09:43:00
demo_session_01658,followup_shown_count,2020-03-23 09:42:00
demo_session_01658,followup_shown_count,2020-03-23 09:41:00
demo_session_01660,followup_shown_count,2020-03-31 12:27:00
demo_session_01662,followup_shown_count,2020-03-16 20:33:00
demo_session_01663,followup_shown_count,2020-04-19 13:10:00
demo_session_01664,followup_shown_count,2020-03-19 15:51:00
demo_session_01666,followup_shown_count,2020-04-16 19:06:00
demo_session_01666,followup_shown_count,2020-04-16 19:05:00
demo_session_01667,followup_shown_count,2020-02-14 01:42:00
demo_session_01668,followup_shown_count,2020-02-10 05:37:00
demo_session_01668,followup_shown_count,2020-02-10 05:36:00
demo_session_01668,followup_shown_count,2020-02-10 05:35:00
demo_session_01668,followup_shown_count,2020-02-10 05:34:00
demo_session_01668,followup_shown_count,2020-02-10 05:33:00
demo_session_01668,followup_shown_count,2020-02-10 05:32:00
demo_session_01672,followup_shown_count,2020-02-28 07:05:00
demo_session_01672,followup_shown_count,2020-02-28 07:04:00
demo_session_01675,followup_shown_count,2020-03-21 16:20:00
demo_session_01676,followup_shown_count,2020-04-24 00:07:00
demo_session_01677,followup_shown_count,2020-04-12 21:22:00
demo_session_01678,followup_shown_count,2020-01-04 21:36:00
demo_session_01678,followup_shown_count,2020-01-04 21:35:00
demo_session_01679,followup_shown_count,2020-04-25 22:52:00
demo_session_01679,followup_shown_count,2020-04-25 22:51:00
demo_session_01679,followup_shown_count,2020-04-25 22:50:00
demo_session_01681,followup_shown_count,2020-02-09 14:23:00
demo_session_01681,followup_shown_count,2020-02-09 14:22:00
demo_session_01682,followup_shown_count,2020-01-29 06:31:00
demo_session_01682,followup_shown_count,2020-01-29 06:30:00
demo_session_01682,followup_shown_count,2020-01-29 06:29:00
demo_session_01683,followup_shown_count,2020-03-05 14:50:00
demo_session_01683,followup_shown_count,2020-03-05 14:49:00
demo_session_01683,followup_shown_count,2020-03-05 14:48:00
demo_session_01684,followup_shown_count,2020-04-29 21:47:00
demo_session_01684,followup_shown_count,2020-04-29 21:46:00
demo_session_01684,followup_shown_count,2020-04-29 21:45:00
demo_session_01685,followup_shown_count,2020-03-14 02:12:00
demo_session_01686,followup_shown_count,2020-03-10 11:16:00
demo_session_01686,followup_shown_count,2020-03-10 11:15:00
demo_session_01686,followup_shown_count,2020-03-10 11:14:00
demo_session_01686,followup_shown_count,2020-03-10 11:13:00
demo_session_01686,followup_shown_count,2020-03-10 11:12:00
demo_session_01687,followup_shown_count,2020-01-27 01:27:00
demo_session_01687,followup_shown_count,2020-01-27 01:26:00
demo_session_01689,followup_shown_count,2020-04-05 16:55:00
demo_session_01690,followup_shown_count,2020-01-07 20:07:00
demo_session_01690,followup_shown_count,2020-01-07 20:06:00
demo_session_01691,followup_shown_count,2020-02-01 09:50:00
demo_session_01691,followup_shown_count,2020-02-01 09:49:00
demo_session_01692,followup_shown_count,2020-04-15 18:16:00
demo_session_01694,followup_shown_count,2020-02-18 10:05:00
demo_session_01694,followup_shown_count,2020-02-18 10:04:00
demo_session_01694,followup_shown_count,2020-02-18 10:03:00
demo_session_01694,followup_shown_count,2020-02-18 10:02:00
demo_session_01695,followup_shown_count,2020-03-03 20:35:00
demo_session_01696,followup_shown_count,2020-01-16 03:08:00
demo_session_01696,followup_shown_count,2020-01-16 03:07:00
demo_session_01696,followup_shown_count,2020-01-16 03:06:00
demo_session_01696,followup_shown_count,2020-01-16 03:05:00
demo_session_01696,followup_shown_count,2020-01-16 03:04:00
demo_session_01696,followup_shown_count,2020-01-16 03:03:00
demo_session_01697,followup_shown_count,2020-04-10 09:35:00
demo_session_01697,followup_shown_count,2020-04-10 09:34:00
demo_session_01698,followup_shown_count,2020-03-16 17:41:00
demo_session_01699,followup_shown_count,2020-03-02 09:15:00
demo_session_01699,followup_shown_count,2020-03-02 09:14:00
demo_session_01699,followup_shown_count,2020-03-02 09:13:00
demo_session_01700,followup_shown_count,2020-03-14 10:11:00
demo_session_01701,followup_shown_count,2020-03-11 09:35:00
demo_session_01704,followup_shown_count,2020-02-27 16:39:00
demo_session_01704,followup_shown_count,2020-02-27 16:38:00
demo_session_01704,followup_shown_count,2020-02-27 16:37:00
demo_session_01704,followup_shown_count,2020-02-27 16:36:00
demo_session_01704,followup_shown_count,2020-02-27 16:35:00
demo_session_01704,followup_shown_count,2020-02-27 16:34:00
demo_session_01705,followup_shown_count,2020-04-06 23:33:00
demo_session_01706,followup_shown_count,2020-01-07 10:17:00
demo_session_01706,followup_shown_count,2020-01-07 10:16:00
demo_session_01706,followup_shown_count,2020-01-07 10:15:00
demo_session_01706,followup_shown_count,2020-01-07 10:14:00
demo_session_01706,followup_shown_count,2020-01-07 10:13:00
demo_session_01707,followup_shown_count,2020-02-18 06:06:00
demo_session_01707,followup_shown_count,2020-02-18 06:05:00
demo_session_01708,followup_shown_count,2020-04-08 12:01:00
demo_session_01708,followup_shown_count,2020-04-08 12:00:00
demo_session_01708,followup_shown_count,2020-04-08 11:59:00
demo_session_01708,followup_shown_count,2020-04-08 11:58:00
demo_session_01709,followup_shown_count,2020-03-10 13:38:00
demo_session_01709,followup_shown_count,2020-03-10 13:37:00
demo_session_01709,followup_shown_count,2020-03-10 13:36:00
demo_session_01710,followup_shown_count,2020-01-03 23:04:00
demo_session_01710,followup_shown_count,2020-01-03 23:03:00
demo_session_01710,followup_shown_count,2020-01-03 23:02:00
demo_session_01710,followup_shown_count,2020-01-03 23:01:00
demo_session_01711,followup_shown_count,2020-04-11 12:37:00
demo_session_01712,followup_shown_count,2020-01-07 10:17:00
demo_session_01713,followup_shown_count,2020-02-27 12:37:00
demo_session_01713,followup_shown_count,2020-02-27 12:36:00
demo_session_01715,followup_shown_count,2020-02-02 22:26:00
demo_session_01715,followup_shown_count,2020-02-02 22:25:00
demo_session_01715,followup_shown_count,2020-02-02 22:24:00
demo_session_01716,followup_shown_count,2020-02-17 05:14:00
demo_session_01716,followup_shown_count,2020-02-17 05:13:00
demo_session_01717,followup_shown_count,2020-02-01 20:21:00
demo_session_01717,followup_shown_count,2020-02-01 20:20:00
demo_session_01718,followup_shown_count,2020-04-15 01:54:00
demo_session_01718,followup_shown_count,2020-04-15 01:53:00
demo_session_01718,followup_shown_count,2020-04-15 01:52:00
demo_session_01719,followup_shown_count,2020-03-08 23:00:00
demo_session_01719,followup_shown_count,2020-03-08 22:59:00
demo_session_01720,followup_shown_count,2020-02-13 08:30:00
demo_session_01720,followup_shown_count,2020-02-13 08:29:00
demo_session_01721,followup_shown_count,2020-02-04 22:39:00
demo_session_01721,followup_shown_count,2020-02-04 22:38:00
demo_session_01721,followup_shown_count,2020-02-04 22:37:00
demo_session_01721,followup_shown_count,2020-02-04 22:36:00
demo_session_01721,followup_shown_count,2020-02-04 22:35:00
demo_session_01721,followup_shown_count,2020-02-04 22:34:00
demo_session_01723,followup_shown_count,2020-02-10 15:00:00
demo_session_01723,followup_shown_count,2020-02-10 14:59:00
demo_session_01723,followup_shown_count,2020-02-10 14:58:00
demo_session_01723,followup_shown_count,2020-02-10 14:57:00
demo_session_01724,followup_shown_count,2020-04-06 18:15:00
demo_session_01724,followup_shown_count,2020-04-06 18:14:00
demo_session_01725,followup_shown_count,2020-01-29 04:13:00
demo_session_01725,followup_shown_count,2020-01-29 04:12:00
demo_session_01725,followup_shown_count,2020-01-29 04:11:00
demo_session_01725,followup_shown_count,2020-01-29 04:10:00
demo_session_01729,followup_shown_count,2020-02-25 22:18:00
demo_session_01730,followup_shown_count,2020-01-15 08:33:00
demo_session_01732,followup_shown_count,2020-03-27 01:25:00
demo_session_01732,followup_shown_count,2020-03-27 01:24:00
demo_session_01732,followup_shown_count,2020-03-27 01:23:00
demo_session_01732,followup_shown_count,2020-03-27 01:22:00
demo_session_01733,followup_shown_count,2020-03-12 03:24:00
demo_session_01734,followup_shown_count,2020-01-02 19:55:00
demo_session_01734,followup_shown_count,2020-01-02 19:54:00
demo_session_01735,followup_shown_count,2020-03-11 13:08:00
demo_session_01735,followup_shown_count,2020-03-11 13:07:00
demo_session_01737,followup_shown_count,2020-02-14 01:40:00
demo_session_01737,followup_shown_count,2020-02-14 01:39:00
demo_session_01739,followup_shown_count,2020-04-18 01:56:00
demo_session_01739,followup_shown_count,2020-04-18 01:55:00
demo_session_01739,followup_shown_count,2020-04-18 01:54:00
demo_session_01739,followup_shown_count,2020-04-18 01:53:00
demo_session_01740,followup_shown_count,2020-04-27 04:25:00
demo_session_01740,followup_shown_count,2020-04-27 04:24:00
demo_session_01740,followup_shown_count,2020-04-27 04:23:00
demo_session_01741,followup_shown_count,2020-03-02 09:33:00
demo_session_01741,followup_shown_count,2020-03-02 09:32:00
demo_session_01741,followup_shown_count,2020-03-02 09:31:00
demo_session_01742,followup_shown_count,2020-01-26 14:02:00
demo_session_01742,followup_shown_count,2020-01-26 14:01:00
demo_session_01742,followup_shown_count,2020-01-26 14:00:00
demo_session_01743,followup_shown_count,2020-04-09 20:28:00
demo_session_01743,followup_shown_count,2020-04-09 20:27:00
demo_session_01744,followup_shown_count,2020-02-12 16:42:00
demo_session_01744,followup_shown_count,2020-02-12 16:41:00
demo_session_01744,followup_shown_count,2020-02-12 16:40:00
demo_session_01745,followup_shown_count,2020-03-07 21:14:00
demo_session_01745,followup_shown_count,2020-03-07 21:13:00
demo_session_01745,followup_shown_count,2020-03-07 21:12:00
demo_session_01745,followup_shown_count,2020-03-07 21:11:00
demo_session_01746,followup_shown_count,2020-01-24 18:41:00
demo_session_01746,followup_shown_count,2020-01-24 18:40:00
demo_session_01746,followup_shown_count,2020-01-24 18:39:00
demo_session_01746,followup_shown_count,2020-01-24 18:38:00
demo_session_01747,followup_shown_count,2020-02-14 11:20:00
demo_session_01747,followup_shown_count,2020-02-14 11:19:00
demo_session_01748,followup_shown_count,2020-02-27 13:29:00
demo_session_01748,followup_shown_count,2020-02-27 13:28:00
demo_session_01748,followup_shown_count,2020-02-27 13:27:00
demo_session_01749,followup_shown_count,2020-03-29 15:17:00
demo_session_01749,followup_shown_count,2020-03-29 15:16:00
demo_session_01750,followup_shown_count,2020-04-17 23:19:00
demo_session_01752,followup_shown_count,2020-03-08 02:35:00
demo_session_01752,followup_shown_count,2020-03-08 02:34:00
demo_session_01753,followup_shown_count,2020-04-26 08:39:00
demo_session_01754,followup_shown_count,2020-01-02 23:34:00
demo_session_01754,followup_shown_count,2020-01-02 23:33:00
demo_session_01754,followup_shown_count,2020-01-02 23:32:00
demo_session_01755,followup_shown_count,2020-03-09 16:12:00
demo_session_01756,followup_shown_count,2020-04-02 02:59:00
demo_session_01756,followup_shown_count,2020-04-02 02:58:00
demo_session_01756,followup_shown_count,2020-04-02 02:57:00
demo_session_01757,followup_shown_count,2020-01-13 11:58:00
demo_session_01757,followup_shown_count,2020-01-13 11:57:00
demo_session_01757,followup_shown_count,2020-01-13 11:56:00
demo_session_01758,followup_shown_count,2020-03-21 04:18:00
demo_session_01758,followup_shown_count,2020-03-21 04:17:00
demo_session_01758,followup_shown_count,2020-03-21 04:16:00
demo_session_01758,followup_shown_count,2020-03-21 04:15:00
demo_session_01758,followup_shown_count,2020-03-21 04:14:00
demo_session_01758,followup_shown_count,2020-03-21 04:13:00
demo_session_01759,followup_shown_count,2020-02-20 13:29:00
demo_session_01761,followup_shown_count,2020-03-26 12:05:00
demo_session_01761,followup_shown_count,2020-03-26 12:04:00
demo_session_01761,followup_shown_count,2020-03-26 12:03:00
demo_session_01762,followup_shown_count,2020-01-18 07:43:00
demo_session_01762,followup_shown_count,2020-01-18 07:42:00
demo_session_01762,followup_shown_count,2020-01-18 07:41:00
demo_session_01762,followup_shown_count,2020-01-18 07:40:00
demo_session_01763,followup_shown_count,2020-01-09 04:08:00
demo_session_01764,followup_shown_count,2020-02-07 23:04:00
demo_session_01765,followup_shown_count,2020-02-01 08:45:00
demo_session_01765,followup_shown_count,2020-02-01 08:44:00
demo_session_01766,followup_shown_count,2020-02-04 15:33:00
demo_session_01766,followup_shown_count,2020-02-04 15:32:00
demo_session_01768,followup_shown_count,2020-03-23 11:57:00
demo_session_01769,followup_shown_count,2020-02-12 17:50:00
demo_session_01770,followup_shown_count,2020-03-13 15:45:00
demo_session_01770,followup_shown_count,2020-03-13 15:44:00
demo_session_01771,followup_shown_count,2020-01-20 02:22:00
demo_session_01771,followup_shown_count,2020-01-20 02:21:00
demo_session_01771,followup_shown_count,2020-01-20 02:20:00
demo_session_01771,followup_shown_count,2020-01-20 02:19:00
demo_session_01771,followup_shown_count,2020-01-20 02:18:00
demo_session_01772,followup_shown_count,2020-01-22 23:04:00
demo_session_01772,followup_shown_count,2020-01-22 23:03:00
demo_session_01772,followup_shown_count,2020-01-22 23:02:00
demo_session_01774,followup_shown_count,2020-02-21 03:51:00
demo_session_01775,followup_shown_count,2020-03-15 06:53:00
demo_session_01776,followup_shown_count,2020-03-02 00:38:00
demo_session_01777,followup_shown_count,2020-03-07 23:24:00
demo_session_01778,followup_shown_count,2020-01-20 13:40:00
demo_session_01779,followup_shown_count,2020-03-18 17:28:00
demo_session_01780,followup_shown_count,2020-03-07 07:48:00
demo_session_01780,followup_shown_count,2020-03-07 07:47:00
demo_session_01780,followup_shown_count,2020-03-07 07:46:00
demo_session_01780,followup_shown_count,2020-03-07 07:45:00
demo_session_01780,followup_shown_count,2020-03-07 07:44:00
demo_session_01781,followup_shown_count,2020-04-24 23:07:00
demo_session_01782,followup_shown_count,2020-01-30 15:22:00
demo_session_01783,followup_shown_count,2020-01-08 05:07:00
demo_session_01783,followup_shown_count,2020-01-08 05:06:00
demo_session_01783,followup_shown_count,2020-01-08 05:05:00
demo_session_01784,followup_shown_count,2020-02-24 14:47:00
demo_session_01784,followup_shown_count,2020-02-24 14:46:00
demo_session_01784,followup_shown_count,2020-02-24 14:45:00
demo_session_01784,followup_shown_count,2020-02-24 14:44:00
demo_session_01785,followup_shown_count,2020-01-24 17:16:00
demo_session_01786,followup_shown_count,2020-01-21 23:38:00
demo_session_01786,followup_shown_count,2020-01-21 23:37:00
demo_session_01787,followup_shown_count,2020-01-29 01:23:00
demo_session_01787,followup_shown_count,2020-01-29 01:22:00
demo_session_01788,followup_shown_count,2020-03-22 14:13:00
demo_session_01789,followup_shown_count,2020-02-21 05:59:00
demo_session_01789,followup_shown_count,2020-02-21 05:58:00
demo_session_01789,followup_shown_count,2020-02-21 05:57:00
demo_session_01792,followup_shown_count,2020-04-21 19:55:00
demo_session_01792,followup_shown_count,2020-04-21 19:54:00
demo_session_01792,followup_shown_count,2020-04-21 19:53:00
demo_session_01792,followup_shown_count,2020-04-21 19:52:00
demo_session_01792,followup_shown_count,2020-04-21 19:51:00
demo_session_01792,followup_shown_count,2020-04-21 19:50:00
demo_session_01793,followup_shown_count,2020-02-19 04:24:00
demo_session_01793,followup_shown_count,2020-02-19 04:23:00
demo_session_01793,followup_shown_count,2020-02-19 04:22:00
demo_session_01793,followup_shown_count,2020-02-19 04:21:00
demo_session_01793,followup_shown_count,2020-02-19 04:20:00
demo_session_01794,followup_shown_count,2020-03-05 01:18:00
demo_session_01794,followup_shown_count,2020-03-05 01:17:00
demo_session_01795,followup_shown_count,2020-04-07 22:37:00
demo_session_01796,followup_shown_count,2020-02-28 23:53:00
demo_session_01796,followup_shown_count,2020-02-28 23:52:00
demo_session_01796,followup_shown_count,2020-02-28 23:51:00
demo_session_01799,followup_shown_count,2020-04-19 23:44:00
demo_session_01800,followup_shown_count,2020-01-09 08:55:00
demo_session_01800,followup_shown_count,2020-01-09 08:54:00
demo_session_01800,followup_shown_count,2020-01-09 08:53:00
demo_session_01801,followup_shown_count,2020-04-19 08:23:00
demo_session_01801,followup_shown_count,2020-04-19 08:22:00
demo_session_01802,followup_shown_count,2020-03-22 00:11:00
demo_session_01803,followup_shown_count,2020-03-02 13:23:00
demo_session_01803,followup_shown_count,2020-03-02 13:22:00
demo_session_01803,followup_shown_count,2020-03-02 13:21:00
demo_session_01804,followup_shown_count,2020-02-07 22:11:00
demo_session_01804,followup_shown_count,2020-02-07 22:10:00
demo_session_01805,followup_shown_count,2020-04-13 05:14:00
demo_session_01806,followup_shown_count,2020-01-04 21:43:00
demo_session_01807,followup_shown_count,2020-03-26 09:06:00
demo_session_01807,followup_shown_count,2020-03-26 09:05:00
demo_session_01807,followup_shown_count,2020-03-26 09:04:00
demo_session_01808,followup_shown_count,2020-01-26 04:16:00
demo_session_01808,followup_shown_count,2020-01-26 04:15:00
demo_session_01808,followup_shown_count,2020-01-26 04:14:00
demo_session_01810,followup_shown_count,2020-01-08 15:53:00
demo_session_01810,followup_shown_count,2020-01-08 15:52:00
demo_session_01810,followup_shown_count,2020-01-08 15:51:00
demo_session_01812,followup_shown_count,2020-01-18 16:49:00
demo_session_01812,followup_shown_count,2020-01-18 16:48:00
demo_session_01813,followup_shown_count,2020-01-14 23:50:00
demo_session_01813,followup_shown_count,2020-01-14 23:49:00
demo_session_01813,followup_shown_count,2020-01-14 23:48:00
demo_session_01813,followup_shown_count,2020-01-14 23:47:00
demo_session_01813,followup_shown_count,2020-01-14 23:46:00
demo_session_01813,followup_shown_count,2020-01-14 23:45:00
demo_session_01814,followup_shown_count,2020-02-09 10:50:00
demo_session_01816,followup_shown_count,2020-04-23 09:01:00
demo_session_01816,followup_shown_count,2020-04-23 09:00:00
demo_session_01816,followup_shown_count,2020-04-23 08:59:00
demo_session_01816,followup_shown_count,2020-04-23 08:58:00
demo_session_01818,followup_shown_count,2020-02-18 01:24:00
demo_session_01818,followup_shown_count,2020-02-18 01:23:00
demo_session_01818,followup_shown_count,2020-02-18 01:22:00
demo_session_01818,followup_shown_count,2020-02-18 01:21:00
demo_session_01818,followup_shown_count,2020-02-18 01:20:00
demo_session_01820,followup_shown_count,2020-04-02 09:45:00
demo_session_01823,followup_shown_count,2020-03-20 15:02:00
demo_session_01823,followup_shown_count,2020-03-20 15:01:00
demo_session_01823,followup_shown_count,2020-03-20 15:00:00
demo_session_01823,followup_shown_count,2020-03-20 14:59:00
demo_session_01824,followup_shown_count,2020-03-25 08:43:00
demo_session_01824,followup_shown_count,2020-03-25 08:42:00
demo_session_01826,followup_shown_count,2020-02-15 04:29:00
demo_session_01826,followup_shown_count,2020-02-15 04:28:00
demo_session_01828,followup_shown_count,2020-03-05 08:47:00
demo_session_01828,followup_shown_count,2020-03-05 08:46:00
demo_session_01829,followup_shown_count,2020-02-09 15:25:00
demo_session_01829,followup_shown_count,2020-02-09 15:24:00
demo_session_01829,followup_shown_count,2020-02-09 15:23:00
demo_session_01830,followup_shown_count,2020-01-08 01:44:00
demo_session_01830,followup_shown_count,2020-01-08 01:43:00
demo_session_01830,followup_shown_count,2020-01-08 01:42:00
demo_session_01830,followup_shown_count,2020-01-08 01:41:00
demo_session_01831,followup_shown_count,2020-01-19 17:05:00
demo_session_01834,followup_shown_count,2020-02-10 14:43:00
demo_session_01834,followup_shown_count,2020-02-10 14:42:00
demo_session_01834,followup_shown_count,2020-02-10 14:41:00
demo_session_01835,followup_shown_count,2020-03-06 12:10:00
demo_session_01836,followup_shown_count,2020-01-22 06:23:00
demo_session_01836,followup_shown_count,2020-01-22 06:22:00
demo_session_01836,followup_shown_count,2020-01-22 06:21:00
demo_session_01837,followup_shown_count,2020-01-16 13:25:00
demo_session_01839,followup_shown_count,2020-03-14 11:01:00
demo_session_01839,followup_shown_count,2020-03-14 11:00:00
demo_session_01839,followup_shown_count,2020-03-14 10:59:00
demo_session_01839,followup_shown_count,2020-03-14 10:58:00
demo_session_01840,followup_shown_count,2020-01-23 17:51:00
demo_session_01840,followup_shown_count,2020-01-23 17:50:00
demo_session_01840,followup_shown_count,2020-01-23 17:49:00
demo_session_01841,followup_shown_count,2020-03-01 01:11:00
demo_session_01841,followup_shown_count,2020-03-01 01:10:00
demo_session_01844,followup_shown_count,2020-02-06 00:32:00
demo_session_01844,followup_shown_count,2020-02-06 00:31:00
demo_session_01845,followup_shown_count,2020-04-13 17:47:00
demo_session_01847,followup_shown_count,2020-03-26 02:28:00
demo_session_01848,followup_shown_count,2020-03-13 15:19:00
demo_session_01848,followup_shown_count,2020-03-13 15:18:00
demo_session_01848,followup_shown_count,2020-03-13 15:17:00
demo_session_01850,followup_shown_count,2020-04-23 17:20:00
demo_session_01851,followup_shown_count,2020-04-25 03:50:00
demo_session_01851,followup_shown_count,2020-04-25 03:49:00
demo_session_01851,followup_shown_count,2020-04-25 03:48:00
demo_session_01852,followup_shown_count,2020-03-21 04:46:00
demo_session_01852,followup_shown_count,2020-03-21 04:45:00
demo_session_01853,followup_shown_count,2020-01-20 02:40:00
demo_session_01853,followup_shown_count,2020-01-20 02:39:00
demo_session_01853,followup_shown_count,2020-01-20 02:38:00
demo_session_01854,followup_shown_count,2020-04-11 08:04:00
demo_session_01855,followup_shown_count,2020-01-01 00:44:00
demo_session_01855,followup_shown_count,2020-01-01 00:43:00
demo_session_01855,followup_shown_count,2020-01-01 00:42:00
demo_session_01855,followup_shown_count,2020-01-01 00:41:00
demo_session_01856,followup_shown_count,2020-03-02 04:39:00
demo_session_01857,followup_shown_count,2020-02-21 06:31:00
demo_session_01858,followup_shown_count,2020-03-24 17:05:00
demo_session_01858,followup_shown_count,2020-03-24 17:04:00
demo_session_01858,followup_shown_count,2020-03-24 17:03:00
demo_session_01858,followup_shown_count,2020-03-24 17:02:00
demo_session_01859,followup_shown_count,2020-01-17 21:26:00
demo_session_01860,followup_shown_count,2020-04-15 01:03:00
demo_session_01861,followup_shown_count,2020-03-09 10:00:00
demo_session_01861,followup_shown_count,2020-03-09 09:59:00
demo_session_01861,followup_shown_count,2020-03-09 09:58:00
demo_session_01862,followup_shown_count,2020-02-01 05:53:00
demo_session_01862,followup_shown_count,2020-02-01 05:52:00
demo_session_01863,followup_shown_count,2020-02-07 08:54:00
demo_session_01863,followup_shown_count,2020-02-07 08:53:00
demo_session_01864,followup_shown_count,2020-03-23 08:50:00
demo_session_01864,followup_shown_count,2020-03-23 08:49:00
demo_session_01864,followup_shown_count,2020-03-23 08:48:00
demo_session_01864,followup_shown_count,2020-03-23 08:47:00
demo_session_01864,followup_shown_count,2020-03-23 08:46:00
demo_session_01865,followup_shown_count,2020-01-23 05:17:00
demo_session_01865,followup_shown_count,2020-01-23 05:16:00
demo_session_01865,followup_shown_count,2020-01-23 05:15:00
demo_session_01865,followup_shown_count,2020-01-23 05:14:00
demo_session_01865,followup_shown_count,2020-01-23 05:13:00
demo_session_01865,followup_shown_count,2020-01-23 05:12:00
demo_session_01866,followup_shown_count,2020-02-05 14:34:00
demo_session_01866,followup_shown_count,2020-02-05 14:33:00
demo_session_01866,followup_shown_count,2020-02-05 14:32:00
demo_session_01866,followup_shown_count,2020-02-05 14:31:00
demo_session_01867,followup_shown_count,2020-04-28 05:46:00
demo_session_01867,followup_shown_count,2020-04-28 05:45:00
demo_session_01867,followup_shown_count,2020-04-28 05:44:00
demo_session_01867,followup_shown_count,2020-04-28 05:43:00
demo_session_01868,followup_shown_count,2020-04-15 14:09:00
demo_session_01868,followup_shown_count,2020-04-15 14:08:00
demo_session_01868,followup_shown_count,2020-04-15 14:07:00
demo_session_01870,followup_shown_count,2020-03-07 16:10:00
demo_session_01870,followup_shown_count,2020-03-07 16:09:00
demo_session_01870,followup_shown_count,2020-03-07 16:08:00
demo_session_01870,followup_shown_count,2020-03-07 16:07:00
demo_session_01871,followup_shown_count,2020-02-19 18:24:00
demo_session_01871,followup_shown_count,2020-02-19 18:23:00
demo_session_01871,followup_shown_count,2020-02-19 18:22:00
demo_session_01871,followup_shown_count,2020-02-19 18:21:00
demo_session_01871,followup_shown_count,2020-02-19 18:20:00
demo_session_01871,followup_shown_count,2020-02-19 18:19:00
demo_session_01872,followup_shown_count,2020-01-25 02:06:00
demo_session_01872,followup_shown_count,2020-01-25 02:05:00
demo_session_01873,followup_shown_count,2020-02-05 07:23:00
demo_session_01873,followup_shown_count,2020-02-05 07:22:00
demo_session_01875,followup_shown_count,2020-04-10 10:30:00
demo_session_01875,followup_shown_count,2020-04-10 10:29:00
demo_session_01875,followup_shown_count,2020-04-10 10:28:00
demo_session_01876,followup_shown_count,2020-01-30 13:05:00
demo_session_01879,followup_shown_count,2020-01-16 07:38:00
demo_session_01879,followup_shown_count,2020-01-16 07:37:00
demo_session_01881,followup_shown_count,2020-04-15 18:34:00
demo_session_01883,followup_shown_count,2020-01-23 00:03:00
demo_session_01883,followup_shown_count,2020-01-23 00:02:00
demo_session_01883,followup_shown_count,2020-01-23 00:01:00
demo_session_01883,followup_shown_count,2020-01-23 00:00:00
demo_session_01884,followup_shown_count,2020-01-17 19:33:00
demo_session_01884,followup_shown_count,2020-01-17 19:32:00
demo_session_01889,followup_shown_count,2020-04-08 19:17:00
demo_session_01890,followup_shown_count,2020-03-03 02:55:00
demo_session_01890,followup_shown_count,2020-03-03 02:54:00
demo_session_01890,followup_shown_count,2020-03-03 02:53:00
demo_session_01891,followup_shown_count,2020-01-09 10:02:00
demo_session_01891,followup_shown_count,2020-01-09 10:01:00
demo_session_01892,followup_shown_count,2020-01-10 03:10:00
demo_session_01893,followup_shown_count,2020-04-25 15:12:00
demo_session_01894,followup_shown_count,2020-01-07 19:43:00
demo_session_01895,followup_shown_count,2020-02-05 23:17:00
demo_session_01896,followup_shown_count,2020-01-02 12:57:00
demo_session_01897,followup_shown_count,2020-01-08 00:49:00
demo_session_01897,followup_shown_count,2020-01-08 00:48:00
demo_session_01897,followup_shown_count,2020-01-08 00:47:00
demo_session_01898,followup_shown_count,2020-04-07 12:34:00
demo_session_01898,followup_shown_count,2020-04-07 12:33:00
demo_session_01898,followup_shown_count,2020-04-07 12:32:00
demo_session_01898,followup_shown_count,2020-04-07 12:31:00
demo_session_01898,followup_shown_count,2020-04-07 12:30:00
demo_session_01898,followup_shown_count,2020-04-07 12:29:00
demo_session_01899,followup_shown_count,2020-04-01 18:51:00
demo_session_01900,followup_shown_count,2020-02-09 17:21:00
demo_session_01900,followup_shown_count,2020-02-09 17:20:00
demo_session_01900,followup_shown_count,2020-02-09 17:19:00
demo_session_01901,followup_shown_count,2020-01-22 09:55:00
demo_session_01902,followup_shown_count,2020-01-30 20:27:00
demo_session_01902,followup_shown_count,2020-01-30 20:26:00
demo_session_01905,followup_shown_count,2020-03-12 08:35:00
demo_session_01905,followup_shown_count,2020-03-12 08:34:00
demo_session_01906,followup_shown_count,2020-02-23 07:01:00
demo_session_01906,followup_shown_count,2020-02-23 07:00:00
demo_session_01906,followup_shown_count,2020-02-23 06:59:00
demo_session_01907,followup_shown_count,2020-01-09 05:35:00
demo_session_01907,followup_shown_count,2020-01-09 05:34:00
demo_session_01907,followup_shown_count,2020-01-09 05:33:00
demo_session_01907,followup_shown_count,2020-01-09 05:32:00
demo_session_01908,followup_shown_count,2020-01-14 20:43:00
demo_session_01909,followup_shown_count,2020-01-25 05:33:00
demo_session_01909,followup_shown_count,2020-01-25 05:32:00
demo_session_01909,followup_shown_count,2020-01-25 05:31:00
demo_session_01909,followup_shown_count,2020-01-25 05:30:00
demo_session_01909,followup_shown_count,2020-01-25 05:29:00
demo_session_01910,followup_shown_count,2020-01-26 11:01:00
demo_session_01910,followup_shown_count,2020-01-26 11:00:00
demo_session_01911,followup_shown_count,2020-02-28 16:30:00
demo_session_01912,followup_shown_count,2020-04-13 12:52:00
demo_session_01912,followup_shown_count,2020-04-13 12:51:00
demo_session_01912,followup_shown_count,2020-04-13 12:50:00
demo_session_01912,followup_shown_count,2020-04-13 12:49:00
demo_session_01913,followup_shown_count,2020-02-20 15:03:00
demo_session_01913,followup_shown_count,2020-02-20 15:02:00
demo_session_01913,followup_shown_count,2020-02-20 15:01:00
demo_session_01913,followup_shown_count,2020-02-20 15:00:00
demo_session_01914,followup_shown_count,2020-02-09 11:24:00
demo_session_01915,followup_shown_count,2020-03-07 21:47:00
demo_session_01915,followup_shown_count,2020-03-07 21:46:00
demo_session_01915,followup_shown_count,2020-03-07 21:45:00
demo_session_01916,followup_shown_count,2020-01-10 02:50:00
demo_session_01916,followup_shown_count,2020-01-10 02:49:00
demo_session_01916,followup_shown_count,2020-01-10 02:48:00
demo_session_01917,followup_shown_count,2020-03-28 10:26:00
demo_session_01918,followup_shown_count,2020-01-07 15:53:00
demo_session_01919,followup_shown_count,2020-02-12 08:36:00
demo_session_01919,followup_shown_count,2020-02-12 08:35:00
demo_session_01919,followup_shown_count,2020-02-12 08:34:00
demo_session_01919,followup_shown_count,2020-02-12 08:33:00
demo_session_01919,followup_shown_count,2020-02-12 08:32:00
demo_session_01920,followup_shown_count,2020-04-24 08:22:00
demo_session_01920,followup_shown_count,2020-04-24 08:21:00
demo_session_01922,followup_shown_count,2020-03-30 17:29:00
demo_session_01922,followup_shown_count,2020-03-30 17:28:00
demo_session_01922,followup_shown_count,2020-03-30 17:27:00
demo_session_01922,followup_shown_count,2020-03-30 17:26:00
demo_session_01922,followup_shown_count,2020-03-30 17:25:00
demo_session_01923,followup_shown_count,2020-02-02 16:26:00
demo_session_01923,followup_shown_count,2020-02-02 16:25:00
demo_session_01924,followup_shown_count,2020-04-12 06:08:00
demo_session_01926,followup_shown_count,2020-01-28 06:40:00
demo_session_01927,followup_shown_count,2020-01-07 02:56:00
demo_session_01927,followup_shown_count,2020-01-07 02:55:00
demo_session_01927,followup_shown_count,2020-01-07 02:54:00
demo_session_01927,followup_shown_count,2020-01-07 02:53:00
demo_session_01929,followup_shown_count,2020-03-10 14:44:00
demo_session_01930,followup_shown_count,2020-01-08 14:47:00
demo_session_01931,followup_shown_count,2020-01-21 17:35:00
demo_session_01933,followup_shown_count,2020-03-26 22:53:00
demo_session_01933,followup_shown_count,2020-03-26 22:52:00
demo_session_01934,followup_shown_count,2020-03-12 15:12:00
demo_session_01934,followup_shown_count,2020-03-12 15:11:00
demo_session_01935,followup_shown_count,2020-01-06 01:30:00
demo_session_01937,followup_shown_count,2020-01-08 04:25:00
demo_session_01938,followup_shown_count,2020-02-09 16:20:00
demo_session_01939,followup_shown_count,2020-02-04 03:53:00
demo_session_01939,followup_shown_count,2020-02-04 03:52:00
demo_session_01939,followup_shown_count,2020-02-04 03:51:00
demo_session_01941,followup_shown_count,2020-02-22 14:35:00
demo_session_01941,followup_shown_count,2020-02-22 14:34:00
demo_session_01942,followup_shown_count,2020-03-11 23:04:00
demo_session_01943,followup_shown_count,2020-03-24 05:34:00
demo_session_01944,followup_shown_count,2020-04-29 10:39:00
demo_session_01944,followup_shown_count,2020-04-29 10:38:00
demo_session_01944,followup_shown_count,2020-04-29 10:37:00
demo_session_01944,followup_shown_count,2020-04-29 10:36:00
demo_session_01944,followup_shown_count,2020-04-29 10:35:00
demo_session_01947,followup_shown_count,2020-04-26 19:18:00
demo_session_01947,followup_shown_count,2020-04-26 19:17:00
demo_session_01947,followup_shown_count,2020-04-26 19:16:00
demo_session_01947,followup_shown_count,2020-04-26 19:15:00
demo_session_01947,followup_shown_count,2020-04-26 19:14:00
demo_session_01949,followup_shown_count,2020-02-12 04:43:00
demo_session_01949,followup_shown_count,2020-02-12 04:42:00
demo_session_01950,followup_shown_count,2020-01-06 05:00:00
demo_session_01950,followup_shown_count,2020-01-06 04:59:00
demo_session_01951,followup_shown_count,2020-01-08 02:54:00
demo_session_01952,followup_shown_count,2020-04-14 11:29:00
demo_session_01952,followup_shown_count,2020-04-14 11:28:00
demo_session_01953,followup_shown_count,2020-04-13 08:25:00
demo_session_01954,followup_shown_count,2020-02-07 03:12:00
demo_session_01954,followup_shown_count,2020-02-07 03:11:00
demo_session_01954,followup_shown_count,2020-02-07 03:10:00
demo_session_01955,followup_shown_count,2020-03-28 16:13:00
demo_session_01955,followup_shown_count,2020-03-28 16:12:00
demo_session_01955,followup_shown_count,2020-03-28 16:11:00
demo_session_01955,followup_shown_count,2020-03-28 16:10:00
demo_session_01957,followup_shown_count,2020-01-09 04:10:00
demo_session_01958,followup_shown_count,2020-03-19 12:01:00
demo_session_01958,followup_shown_count,2020-03-19 12:00:00
demo_session_01959,followup_shown_count,2020-01-10 23:59:00
demo_session_01960,followup_shown_count,2020-01-16 16:35:00
demo_session_01960,followup_shown_count,2020-01-16 16:34:00
demo_session_01960,followup_shown_count,2020-01-16 16:33:00
demo_session_01960,followup_shown_count,2020-01-16 16:32:00
demo_session_01961,followup_shown_count,2020-02-27 04:41:00
demo_session_01961,followup_shown_count,2020-02-27 04:40:00
demo_session_01961,followup_shown_count,2020-02-27 04:39:00
demo_session_01962,followup_shown_count,2020-01-09 09:54:00
demo_session_01962,followup_shown_count,2020-01-09 09:53:00
demo_session_01963,followup_shown_count,2020-02-10 23:55:00
demo_session_01965,followup_shown_count,2020-03-12 13:32:00
demo_session_01966,followup_shown_count,2020-01-07 15:36:00
demo_session_01967,followup_shown_count,2020-01-27 07:10:00
demo_session_01968,followup_shown_count,2020-04-29 05:43:00
demo_session_01968,followup_shown_count,2020-04-29 05:42:00
demo_session_01968,followup_shown_count,2020-04-29 05:41:00
demo_session_01968,followup_shown_count,2020-04-29 05:40:00
demo_session_01968,followup_shown_count,2020-04-29 05:39:00
demo_session_01972,followup_shown_count,2020-02-21 15:46:00
demo_session_01972,followup_shown_count,2020-02-21 15:45:00
demo_session_01973,followup_shown_count,2020-03-31 02:03:00
demo_session_01973,followup_shown_count,2020-03-31 02:02:00
demo_session_01975,followup_shown_count,2020-01-16 02:14:00
demo_session_01975,followup_shown_count,2020-01-16 02:13:00
demo_session_01977,followup_shown_count,2020-03-15 00:43:00
demo_session_01977,followup_shown_count,2020-03-15 00:42:00
demo_session_01978,followup_shown_count,2020-01-17 21:48:00
demo_session_01978,followup_shown_count,2020-01-17 21:47:00
demo_session_01980,followup_shown_count,2020-01-04 20:31:00
demo_session_01980,followup_shown_count,2020-01-04 20:30:00
demo_session_01981,followup_shown_count,2020-01-03 18:11:00
demo_session_01981,followup_shown_count,2020-01-03 18:10:00
demo_session_01981,followup_shown_count,2020-01-03 18:09:00
demo_session_01982,followup_shown_count,2020-02-14 03:00:00
demo_session_01982,followup_shown_count,2020-02-14 02:59:00
demo_session_01983,followup_shown_count,2020-03-05 19:08:00
demo_session_01983,followup_shown_count,2020-03-05 19:07:00
demo_session_01984,followup_shown_count,2020-02-21 07:40:00
demo_session_01984,followup_shown_count,2020-02-21 07:39:00
demo_session_01985,followup_shown_count,2020-01-30 14:39:00
demo_session_01986,followup_shown_count,2020-03-19 21:04:00
demo_session_01986,followup_shown_count,2020-03-19 21:03:00
demo_session_01986,followup_shown_count,2020-03-19 21:02:00
demo_session_01986,followup_shown_count,2020-03-19 21:01:00
demo_session_01986,followup_shown_count,2020-03-19 21:00:00
demo_session_01987,followup_shown_count,2020-02-27 09:44:00
demo_session_01988,followup_shown_count,2020-01-15 08:49:00
demo_session_01988,followup_shown_count,2020-01-15 08:48:00
demo_session_01988,followup_shown_count,2020-01-15 08:47:00
demo_session_01988,followup_shown_count,2020-01-15 08:46:00
demo_session_01988,followup_shown_count,2020-01-15 08:45:00
demo_session_01989,followup_shown_count,2020-04-07 22:02:00
demo_session_01989,followup_shown_count,2020-04-07 22:01:00
demo_session_01989,followup_shown_count,2020-04-07 22:00:00
demo_session_01990,followup_shown_count,2020-02-07 02:09:00
demo_session_01991,followup_shown_count,2020-03-23 19:23:00
demo_session_01991,followup_shown_count,2020-03-23 19:22:00
demo_session_01991,followup_shown_count,2020-03-23 19:21:00
demo_session_01992,followup_shown_count,2020-02-12 02:56:00
demo_session_01992,followup_shown_count,2020-02-12 02:55:00
demo_session_01993,followup_shown_count,2020-03-31 12:56:00
demo_session_01993,followup_shown_count,2020-03-31 12:55:00
demo_session_01993,followup_shown_count,2020-03-31 12:54:00
demo_session_01994,followup_shown_count,2020-02-03 20:26:00
demo_session_01994,followup_shown_count,2020-02-03 20:25:00
demo_session_01995,followup_shown_count,2020-01-26 09:37:00
demo_session_01995,followup_shown_count,2020-01-26 09:36:00
demo_session_01995,followup_shown_count,2020-01-26 09:35:00
demo_session_01996,followup_shown_count,2020-01-09 21:39:00
demo_session_01996,followup_shown_count,2020-01-09 21:38:00
demo_session_01996,followup_shown_count,2020-01-09 21:37:00
demo_session_01997,followup_shown_count,2020-04-09 21:38:00
demo_session_01997,followup_shown_count,2020-04-09 21:37:00
demo_session_01999,followup_shown_count,2020-03-14 16:16:00
demo_session_01999,followup_shown_count,2020-03-14 16:15:00
demo_session_01999,followup_shown_count,2020-03-14 16:14:00
demo_session_01999,followup_shown_count,2020-03-14 16:13:00
demo_session_01999,followup_shown_count,2020-03-14 16:12:00
demo_session_01999,followup_shown_count,2020-03-14 16:11:00
demo_session_01999,followup_shown_count,2020-03-14 16:10:00
demo_session_02000,followup_shown_count,2020-03-13 21:55:00
demo_session_02000,followup_shown_count,2020-03-13 21:54:00
demo_session_02001,followup_shown_count,2020-01-09 07:34:00
demo_session_02001,followup_shown_count,2020-01-09 07:33:00
demo_session_02001,followup_shown_count,2020-01-09 07:32:00
demo_session_02001,followup_shown_count,2020-01-09 07:31:00
demo_session_02001,followup_shown_count,2020-01-09 07:30:00
demo_session_02003,followup_shown_count,2020-04-13 12:35:00
demo_session_02003,followup_shown_count,2020-04-13 12:34:00
demo_session_02004,followup_shown_count,2020-02-04 17:23:00
demo_session_02004,followup_shown_count,2020-02-04 17:22:00
demo_session_02004,followup_shown_count,2020-02-04 17:21:00
demo_session_02004,followup_shown_count,2020-02-04 17:20:00
demo_session_02005,followup_shown_count,2020-01-07 16:33:00
demo_session_02005,followup_shown_count,2020-01-07 16:32:00
demo_session_02005,followup_shown_count,2020-01-07 16:31:00
demo_session_02006,followup_shown_count,2020-04-10 17:18:00
demo_session_02006,followup_shown_count,2020-04-10 17:17:00
demo_session_02008,followup_shown_count,2020-03-23 15:48:00
demo_session_02010,followup_shown_count,2020-03-30 10:26:00
demo_session_02010,followup_shown_count,2020-03-30 10:25:00
demo_session_02010,followup_shown_count,2020-03-30 10:24:00
demo_session_02013,followup_shown_count,2020-01-11 14:40:00
demo_session_02013,followup_shown_count,2020-01-11 14:39:00
demo_session_02014,followup_shown_count,2020-04-12 04:41:00
demo_session_02014,followup_shown_count,2020-04-12 04:40:00
demo_session_02015,followup_shown_count,2020-01-03 00:48:00
demo_session_02016,followup_shown_count,2020-02-28 21:52:00
demo_session_02016,followup_shown_count,2020-02-28 21:51:00
demo_session_02017,followup_shown_count,2020-04-15 15:11:00
demo_session_02019,followup_shown_count,2020-01-06 08:42:00
demo_session_02019,followup_shown_count,2020-01-06 08:41:00
demo_session_02020,followup_shown_count,2020-01-11 15:05:00
demo_session_02020,followup_shown_count,2020-01-11 15:04:00
demo_session_02021,followup_shown_count,2020-02-14 17:18:00
demo_session_02022,followup_shown_count,2020-02-13 06:07:00
demo_session_02022,followup_shown_count,2020-02-13 06:06:00
demo_session_02023,followup_shown_count,2020-01-27 00:55:00
demo_session_02023,followup_shown_count,2020-01-27 00:54:00
demo_session_02024,followup_shown_count,2020-02-24 20:50:00
demo_session_02025,followup_shown_count,2020-02-10 23:58:00
demo_session_02025,followup_shown_count,2020-02-10 23:57:00
demo_session_02025,followup_shown_count,2020-02-10 23:56:00
demo_session_02025,followup_shown_count,2020-02-10 23:55:00
demo_session_02025,followup_shown_count,2020-02-10 23:54:00
demo_session_02025,followup_shown_count,2020-02-10 23:53:00
demo_session_02026,followup_shown_count,2020-03-11 20:36:00
demo_session_02027,followup_shown_count,2020-02-04 20:53:00
demo_session_02028,followup_shown_count,2020-02-07 17:35:00
demo_session_02028,followup_shown_count,2020-02-07 17:34:00
demo_session_02029,followup_shown_count,2020-04-16 13:03:00
demo_session_02029,followup_shown_count,2020-04-16 13:02:00
demo_session_02029,followup_shown_count,2020-04-16 13:01:00
demo_session_02029,followup_shown_count,2020-04-16 13:00:00
demo_session_02030,followup_shown_count,2020-04-04 04:02:00
demo_session_02031,followup_shown_count,2020-04-02 05:51:00
demo_session_02031,followup_shown_count,2020-04-02 05:50:00
demo_session_02034,followup_shown_count,2020-02-10 22:12:00
demo_session_02034,followup_shown_count,2020-02-10 22:11:00
demo_session_02034,followup_shown_count,2020-02-10 22:10:00
demo_session_02035,followup_shown_count,2020-03-27 09:42:00
demo_session_02035,followup_shown_count,2020-03-27 09:41:00
demo_session_02035,followup_shown_count,2020-03-27 09:40:00
demo_session_02037,followup_shown_count,2020-02-09 15:23:00
demo_session_02037,followup_shown_count,2020-02-09 15:22:00
demo_session_02037,followup_shown_count,2020-02-09 15:21:00
demo_session_02037,followup_shown_count,2020-02-09 15:20:00
demo_session_02037,followup_shown_count,2020-02-09 15:19:00
demo_session_02038,followup_shown_count,2020-03-14 20:42:00
demo_session_02038,followup_shown_count,2020-03-14 20:41:00
demo_session_02038,followup_shown_count,2020-03-14 20:40:00
demo_session_02039,followup_shown_count,2020-01-23 07:13:00
demo_session_02039,followup_shown_count,2020-01-23 07:12:00
demo_session_02041,followup_shown_count,2020-03-04 13:44:00
demo_session_02041,followup_shown_count,2020-03-04 13:43:00
demo_session_02042,followup_shown_count,2020-03-20 21:35:00
demo_session_02043,followup_shown_count,2020-02-12 19:11:00
demo_session_02043,followup_shown_count,2020-02-12 19:10:00
demo_session_02043,followup_shown_count,2020-02-12 19:09:00
demo_session_02044,followup_shown_count,2020-03-26 10:07:00
demo_session_02044,followup_shown_count,2020-03-26 10:06:00
demo_session_02044,followup_shown_count,2020-03-26 10:05:00
demo_session_02044,followup_shown_count,2020-03-26 10:04:00
demo_session_02046,followup_shown_count,2020-04-13 16:03:00
demo_session_02046,followup_shown_count,2020-04-13 16:02:00
demo_session_02046,followup_shown_count,2020-04-13 16:01:00
demo_session_02049,followup_shown_count,2020-03-26 13:22:00
demo_session_02049,followup_shown_count,2020-03-26 13:21:00
demo_session_02049,followup_shown_count,2020-03-26 13:20:00
demo_session_02049,followup_shown_count,2020-03-26 13:19:00
demo_session_02051,followup_shown_count,2020-02-05 22:42:00
demo_session_02051,followup_shown_count,2020-02-05 22:41:00
demo_session_02051,followup_shown_count,2020-02-05 22:40:00
demo_session_02051,followup_shown_count,2020-02-05 22:39:00
demo_session_02053,followup_shown_count,2020-02-25 11:14:00
demo_session_02053,followup_shown_count,2020-02-25 11:13:00
demo_session_02053,followup_shown_count,2020-02-25 11:12:00
demo_session_02054,followup_shown_count,2020-02-21 13:32:00
demo_session_02054,followup_shown_count,2020-02-21 13:31:00
demo_session_02054,followup_shown_count,2020-02-21 13:30:00
demo_session_02055,followup_shown_count,2020-04-27 10:23:00
demo_session_02055,followup_shown_count,2020-04-27 10:22:00
demo_session_02055,followup_shown_count,2020-04-27 10:21:00
demo_session_02056,followup_shown_count,2020-02-20 17:40:00
demo_session_02056,followup_shown_count,2020-02-20 17:39:00
demo_session_02056,followup_shown_count,2020-02-20 17:38:00
demo_session_02056,followup_shown_count,2020-02-20 17:37:00
demo_session_02057,followup_shown_count,2020-01-26 20:50:00
demo_session_02057,followup_shown_count,2020-01-26 20:49:00
demo_session_02058,followup_shown_count,2020-01-03 00:08:00
demo_session_02059,followup_shown_count,2020-01-15 02:49:00
demo_session_02059,followup_shown_count,2020-01-15 02:48:00
demo_session_02060,followup_shown_count,2020-03-05 10:26:00
demo_session_02060,followup_shown_count,2020-03-05 10:25:00
demo_session_02060,followup_shown_count,2020-03-05 10:24:00
demo_session_02061,followup_shown_count,2020-01-26 04:14:00
demo_session_02061,followup_shown_count,2020-01-26 04:13:00
demo_session_02061,followup_shown_count,2020-01-26 04:12:00
demo_session_02062,followup_shown_count,2020-01-14 03:33:00
demo_session_02063,followup_shown_count,2020-02-12 04:18:00
demo_session_02063,followup_shown_count,2020-02-12 04:17:00
demo_session_02063,followup_shown_count,2020-02-12 04:16:00
demo_session_02063,followup_shown_count,2020-02-12 04:15:00
demo_session_02064,followup_shown_count,2020-01-29 20:23:00
demo_session_02067,followup_shown_count,2020-04-27 15:02:00
demo_session_02067,followup_shown_count,2020-04-27 15:01:00
demo_session_02068,followup_shown_count,2020-04-19 08:27:00
demo_session_02068,followup_shown_count,2020-04-19 08:26:00
demo_session_02068,followup_shown_count,2020-04-19 08:25:00
demo_session_02068,followup_shown_count,2020-04-19 08:24:00
demo_session_02068,followup_shown_count,2020-04-19 08:23:00
demo_session_02068,followup_shown_count,2020-04-19 08:22:00
demo_session_02069,followup_shown_count,2020-04-14 09:14:00
demo_session_02070,followup_shown_count,2020-01-21 13:53:00
demo_session_02070,followup_shown_count,2020-01-21 13:52:00
demo_session_02070,followup_shown_count,2020-01-21 13:51:00
demo_session_02070,followup_shown_count,2020-01-21 13:50:00
demo_session_02070,followup_shown_count,2020-01-21 13:49:00
demo_session_02071,followup_shown_count,2020-03-26 19:03:00
demo_session_02071,followup_shown_count,2020-03-26 19:02:00
demo_session_02072,followup_shown_count,2020-01-02 15:17:00
demo_session_02072,followup_shown_count,2020-01-02 15:16:00
demo_session_02072,followup_shown_count,2020-01-02 15:15:00
demo_session_02072,followup_shown_count,2020-01-02 15:14:00
demo_session_02072,followup_shown_count,2020-01-02 15:13:00
demo_session_02072,followup_shown_count,2020-01-02 15:12:00
demo_session_02073,followup_shown_count,2020-03-27 11:06:00
demo_session_02073,followup_shown_count,2020-03-27 11:05:00
demo_session_02073,followup_shown_count,2020-03-27 11:04:00
demo_session_02074,followup_shown_count,2020-04-05 17:28:00
demo_session_02074,followup_shown_count,2020-04-05 17:27:00
demo_session_02076,followup_shown_count,2020-02-25 15:37:00
demo_session_02076,followup_shown_count,2020-02-25 15:36:00
demo_session_02076,followup_shown_count,2020-02-25 15:35:00
demo_session_02078,followup_shown_count,2020-01-24 18:51:00
demo_session_02078,followup_shown_count,2020-01-24 18:50:00
demo_session_02078,followup_shown_count,2020-01-24 18:49:00
demo_session_02078,followup_shown_count,2020-01-24 18:48:00
demo_session_02078,followup_shown_count,2020-01-24 18:47:00
demo_session_02078,followup_shown_count,2020-01-24 18:46:00
demo_session_02079,followup_shown_count,2020-03-05 17:53:00
demo_session_02079,followup_shown_count,2020-03-05 17:52:00
demo_session_02079,followup_shown_count,2020-03-05 17:51:00
demo_session_02081,followup_shown_count,2020-01-20 12:02:00
demo_session_02081,followup_shown_count,2020-01-20 12:01:00
demo_session_02082,followup_shown_count,2020-03-22 19:27:00
demo_session_02083,followup_shown_count,2020-04-24 00:51:00
demo_session_02083,followup_shown_count,2020-04-24 00:50:00
demo_session_02084,followup_shown_count,2020-03-08 20:16:00
demo_session_02084,followup_shown_count,2020-03-08 20:15:00
demo_session_02084,followup_shown_count,2020-03-08 20:14:00
demo_session_02084,followup_shown_count,2020-03-08 20:13:00
demo_session_02084,followup_shown_count,2020-03-08 20:12:00
demo_session_02084,followup_shown_count,2020-03-08 20:11:00
demo_session_02084,followup_shown_count,2020-03-08 20:10:00
demo_session_02084,followup_shown_count,2020-03-08 20:09:00
demo_session_02086,followup_shown_count,2020-03-05 01:10:00
demo_session_02086,followup_shown_count,2020-03-05 01:09:00
demo_session_02086,followup_shown_count,2020-03-05 01:08:00
demo_session_02086,followup_shown_count,2020-03-05 01:07:00
demo_session_02087,followup_shown_count,2020-01-19 15:51:00
demo_session_02089,followup_shown_count,2020-03-29 05:27:00
demo_session_02090,followup_shown_count,2020-03-11 07:22:00
demo_session_02091,followup_shown_count,2020-01-29 01:17:00
demo_session_02091,followup_shown_count,2020-01-29 01:16:00
demo_session_02091,followup_shown_count,2020-01-29 01:15:00
demo_session_02092,followup_shown_count,2020-01-03 08:02:00
demo_session_02092,followup_shown_count,2020-01-03 08:01:00
demo_session_02094,followup_shown_count,2020-03-01 14:37:00
demo_session_02094,followup_shown_count,2020-03-01 14:36:00
demo_session_02094,followup_shown_count,2020-03-01 14:35:00
demo_session_02094,followup_shown_count,2020-03-01 14:34:00
demo_session_02094,followup_shown_count,2020-03-01 14:33:00
demo_session_02094,followup_shown_count,2020-03-01 14:32:00
demo_session_02095,followup_shown_count,2020-02-02 02:38:00
demo_session_02096,followup_shown_count,2020-03-28 17:09:00
demo_session_02097,followup_shown_count,2020-03-10 09:25:00
demo_session_02097,followup_shown_count,2020-03-10 09:24:00
demo_session_02098,followup_shown_count,2020-01-18 16:40:00
demo_session_02098,followup_shown_count,2020-01-18 16:39:00
demo_session_02098,followup_shown_count,2020-01-18 16:38:00
demo_session_02098,followup_shown_count,2020-01-18 16:37:00
demo_session_02099,followup_shown_count,2020-02-05 02:38:00
demo_session_02100,followup_shown_count,2020-01-05 06:47:00
demo_session_02101,followup_shown_count,2020-01-05 21:31:00
demo_session_02102,followup_shown_count,2020-03-31 06:20:00
demo_session_02102,followup_shown_count,2020-03-31 06:19:00
demo_session_02103,followup_shown_count,2020-02-16 11:58:00
demo_session_02104,followup_shown_count,2020-04-15 19:17:00
demo_session_02105,followup_shown_count,2020-01-29 03:01:00
demo_session_02105,followup_shown_count,2020-01-29 03:00:00
demo_session_02105,followup_shown_count,2020-01-29 02:59:00
demo_session_02105,followup_shown_count,2020-01-29 02:58:00
demo_session_02107,followup_shown_count,2020-03-02 08:57:00
demo_session_02107,followup_shown_count,2020-03-02 08:56:00
demo_session_02107,followup_shown_count,2020-03-02 08:55:00
demo_session_02108,followup_shown_count,2020-02-03 17:05:00
demo_session_02108,followup_shown_count,2020-02-03 17:04:00
demo_session_02108,followup_shown_count,2020-02-03 17:03:00
demo_session_02108,followup_shown_count,2020-02-03 17:02:00
demo_session_02108,followup_shown_count,2020-02-03 17:01:00
demo_session_02109,followup_shown_count,2020-02-25 03:31:00
demo_session_02109,followup_shown_count,2020-02-25 03:30:00
demo_session_02110,followup_shown_count,2020-01-15 16:38:00
demo_session_02112,followup_shown_count,2020-04-13 06:56:00
demo_session_02112,followup_shown_count,2020-04-13 06:55:00
demo_session_02113,followup_shown_count,2020-01-30 10:29:00
demo_session_02113,followup_shown_count,2020-01-30 10:28:00
demo_session_02113,followup_shown_count,2020-01-30 10:27:00
demo_session_02113,followup_shown_count,2020-01-30 10:26:00
demo_session_02113,followup_shown_count,2020-01-30 10:25:00
demo_session_02114,followup_shown_count,2020-01-13 06:07:00
demo_session_02114,followup_shown_count,2020-01-13 06:06:00
demo_session_02114,followup_shown_count,2020-01-13 06:05:00
demo_session_02114,followup_shown_count,2020-01-13 06:04:00
demo_session_02116,followup_shown_count,2020-02-20 08:08:00
demo_session_02117,followup_shown_count,2020-02-28 04:01:00
demo_session_02119,followup_shown_count,2020-04-08 15:58:00
demo_session_02122,followup_shown_count,2020-01-15 20:28:00
demo_session_02124,followup_shown_count,2020-01-04 10:00:00
demo_session_02126,followup_shown_count,2020-02-20 04:40:00
demo_session_02128,followup_shown_count,2020-04-08 07:17:00
demo_session_02128,followup_shown_count,2020-04-08 07:16:00
demo_session_02128,followup_shown_count,2020-04-08 07:15:00
demo_session_02128,followup_shown_count,2020-04-08 07:14:00
demo_session_02129,followup_shown_count,2020-02-09 01:49:00
demo_session_02129,followup_shown_count,2020-02-09 01:48:00
demo_session_02129,followup_shown_count,2020-02-09 01:47:00
demo_session_02130,followup_shown_count,2020-02-04 16:29:00
demo_session_02130,followup_shown_count,2020-02-04 16:28:00
demo_session_02130,followup_shown_count,2020-02-04 16:27:00
demo_session_02131,followup_shown_count,2020-03-21 10:01:00
demo_session_02131,followup_shown_count,2020-03-21 10:00:00
demo_session_02131,followup_shown_count,2020-03-21 09:59:00
demo_session_02132,followup_shown_count,2020-03-17 09:45:00
demo_session_02133,followup_shown_count,2020-03-23 19:35:00
demo_session_02133,followup_shown_count,2020-03-23 19:34:00
demo_session_02133,followup_shown_count,2020-03-23 19:33:00
demo_session_02134,followup_shown_count,2020-01-21 09:37:00
demo_session_02135,followup_shown_count,2020-01-06 08:43:00
demo_session_02135,followup_shown_count,2020-01-06 08:42:00
demo_session_02135,followup_shown_count,2020-01-06 08:41:00
demo_session_02135,followup_shown_count,2020-01-06 08:40:00
demo_session_02135,followup_shown_count,2020-01-06 08:39:00
demo_session_02135,followup_shown_count,2020-01-06 08:38:00
demo_session_02136,followup_shown_count,2020-03-06 09:24:00
demo_session_02136,followup_shown_count,2020-03-06 09:23:00
demo_session_02136,followup_shown_count,2020-03-06 09:22:00
demo_session_02138,followup_shown_count,2020-01-31 23:49:00
demo_session_02138,followup_shown_count,2020-01-31 23:48:00
demo_session_02138,followup_shown_count,2020-01-31 23:47:00
demo_session_02139,followup_shown_count,2020-04-26 03:46:00
demo_session_02139,followup_shown_count,2020-04-26 03:45:00
demo_session_02139,followup_shown_count,2020-04-26 03:44:00
demo_session_02140,followup_shown_count,2020-01-20 02:15:00
demo_session_02143,followup_shown_count,2020-03-04 13:05:00
demo_session_02143,followup_shown_count,2020-03-04 13:04:00
demo_session_02143,followup_shown_count,2020-03-04 13:03:00
demo_session_02143,followup_shown_count,2020-03-04 13:02:00
demo_session_02144,followup_shown_count,2020-01-28 18:22:00
demo_session_02145,followup_shown_count,2020-03-05 12:53:00
demo_session_02145,followup_shown_count,2020-03-05 12:52:00
demo_session_02145,followup_shown_count,2020-03-05 12:51:00
demo_session_02147,followup_shown_count,2020-02-01 06:22:00
demo_session_02147,followup_shown_count,2020-02-01 06:21:00
demo_session_02148,followup_shown_count,2020-03-21 12:44:00
demo_session_02148,followup_shown_count,2020-03-21 12:43:00
demo_session_02148,followup_shown_count,2020-03-21 12:42:00
demo_session_02150,followup_shown_count,2020-01-09 05:14:00
demo_session_02150,followup_shown_count,2020-01-09 05:13:00
demo_session_02150,followup_shown_count,2020-01-09 05:12:00
demo_session_02151,followup_shown_count,2020-01-01 10:35:00
demo_session_02151,followup_shown_count,2020-01-01 10:34:00
demo_session_02151,followup_shown_count,2020-01-01 10:33:00
demo_session_02151,followup_shown_count,2020-01-01 10:32:00
demo_session_02151,followup_shown_count,2020-01-01 10:31:00
demo_session_02152,followup_shown_count,2020-04-18 09:16:00
demo_session_02152,followup_shown_count,2020-04-18 09:15:00
demo_session_02153,followup_shown_count,2020-01-28 05:08:00
demo_session_02154,followup_shown_count,2020-01-11 08:24:00
demo_session_02154,followup_shown_count,2020-01-11 08:23:00
demo_session_02154,followup_shown_count,2020-01-11 08:22:00
demo_session_02154,followup_shown_count,2020-01-11 08:21:00
demo_session_02156,followup_shown_count,2020-02-08 17:01:00
demo_session_02156,followup_shown_count,2020-02-08 17:00:00
demo_session_02156,followup_shown_count,2020-02-08 16:59:00
demo_session_02156,followup_shown_count,2020-02-08 16:58:00
demo_session_02157,followup_shown_count,2020-04-20 01:47:00
demo_session_02157,followup_shown_count,2020-04-20 01:46:00
demo_session_02158,followup_shown_count,2020-04-25 06:12:00
demo_session_02158,followup_shown_count,2020-04-25 06:11:00
demo_session_02158,followup_shown_count,2020-04-25 06:10:00
demo_session_02159,followup_shown_count,2020-01-02 03:25:00
demo_session_02159,followup_shown_count,2020-01-02 03:24:00
demo_session_02159,followup_shown_count,2020-01-02 03:23:00
demo_session_02161,followup_shown_count,2020-03-13 02:28:00
demo_session_02161,followup_shown_count,2020-03-13 02:27:00
demo_session_02161,followup_shown_count,2020-03-13 02:26:00
demo_session_02161,followup_shown_count,2020-03-13 02:25:00
demo_session_02161,followup_shown_count,2020-03-13 02:24:00
demo_session_02161,followup_shown_count,2020-03-13 02:23:00
demo_session_02162,followup_shown_count,2020-02-10 07:54:00
demo_session_02162,followup_shown_count,2020-02-10 07:53:00
demo_session_02162,followup_shown_count,2020-02-10 07:52:00
demo_session_02162,followup_shown_count,2020-02-10 07:51:00
demo_session_02163,followup_shown_count,2020-01-01 09:40:00
demo_session_02163,followup_shown_count,2020-01-01 09:39:00
demo_session_02163,followup_shown_count,2020-01-01 09:38:00
demo_session_02164,followup_shown_count,2020-02-25 11:57:00
demo_session_02164,followup_shown_count,2020-02-25 11:56:00
demo_session_02165,followup_shown_count,2020-03-15 17:41:00
demo_session_02165,followup_shown_count,2020-03-15 17:40:00
demo_session_02165,followup_shown_count,2020-03-15 17:39:00
demo_session_02167,followup_shown_count,2020-02-19 09:22:00
demo_session_02167,followup_shown_count,2020-02-19 09:21:00
demo_session_02168,followup_shown_count,2020-04-04 17:28:00
demo_session_02169,followup_shown_count,2020-02-22 03:12:00
demo_session_02169,followup_shown_count,2020-02-22 03:11:00
demo_session_02169,followup_shown_count,2020-02-22 03:10:00
demo_session_02169,followup_shown_count,2020-02-22 03:09:00
demo_session_02170,followup_shown_count,2020-03-21 13:47:00
demo_session_02170,followup_shown_count,2020-03-21 13:46:00
demo_session_02170,followup_shown_count,2020-03-21 13:45:00
demo_session_02171,followup_shown_count,2020-04-26 02:24:00
demo_session_02171,followup_shown_count,2020-04-26 02:23:00
demo_session_02171,followup_shown_count,2020-04-26 02:22:00
demo_session_02171,followup_shown_count,2020-04-26 02:21:00
demo_session_02172,followup_shown_count,2020-04-07 11:54:00
demo_session_02172,followup_shown_count,2020-04-07 11:53:00
demo_session_02172,followup_shown_count,2020-04-07 11:52:00
demo_session_02174,followup_shown_count,2020-04-09 07:06:00
demo_session_02176,followup_shown_count,2020-04-05 12:30:00
demo_session_02176,followup_shown_count,2020-04-05 12:29:00
demo_session_02176,followup_shown_count,2020-04-05 12:28:00
demo_session_02176,followup_shown_count,2020-04-05 12:27:00
demo_session_02177,followup_shown_count,2020-04-29 16:18:00
demo_session_02177,followup_shown_count,2020-04-29 16:17:00
demo_session_02177,followup_shown_count,2020-04-29 16:16:00
demo_session_02177,followup_shown_count,2020-04-29 16:15:00
demo_session_02178,followup_shown_count,2020-04-26 18:40:00
demo_session_02180,followup_shown_count,2020-02-21 07:05:00
demo_session_02181,followup_shown_count,2020-03-23 07:23:00
demo_session_02182,followup_shown_count,2020-01-09 20:05:00
demo_session_02182,followup_shown_count,2020-01-09 20:04:00
demo_session_02184,followup_shown_count,2020-02-03 01:35:00
demo_session_02185,followup_shown_count,2020-04-11 23:11:00
demo_session_02185,followup_shown_count,2020-04-11 23:10:00
demo_session_02185,followup_shown_count,2020-04-11 23:09:00
demo_session_02185,followup_shown_count,2020-04-11 23:08:00
demo_session_02185,followup_shown_count,2020-04-11 23:07:00
demo_session_02186,followup_shown_count,2020-03-14 15:46:00
demo_session_02186,followup_shown_count,2020-03-14 15:45:00
demo_session_02186,followup_shown_count,2020-03-14 15:44:00
demo_session_02186,followup_shown_count,2020-03-14 15:43:00
demo_session_02187,followup_shown_count,2020-02-17 20:43:00
demo_session_02187,followup_shown_count,2020-02-17 20:42:00
demo_session_02187,followup_shown_count,2020-02-17 20:41:00
demo_session_02187,followup_shown_count,2020-02-17 20:40:00
demo_session_02188,followup_shown_count,2020-01-07 00:04:00
demo_session_02188,followup_shown_count,2020-01-07 00:03:00
demo_session_02188,followup_shown_count,2020-01-07 00:02:00
demo_session_02188,followup_shown_count,2020-01-07 00:01:00
demo_session_02188,followup_shown_count,2020-01-07 00:00:00
demo_session_02188,followup_shown_count,2020-01-06 23:59:00
demo_session_02189,followup_shown_count,2020-03-24 12:21:00
demo_session_02190,followup_shown_count,2020-03-05 08:28:00
demo_session_02190,followup_shown_count,2020-03-05 08:27:00
demo_session_02190,followup_shown_count,2020-03-05 08:26:00
demo_session_02192,followup_shown_count,2020-01-03 03:15:00
demo_session_02192,followup_shown_count,2020-01-03 03:14:00
demo_session_02192,followup_shown_count,2020-01-03 03:13:00
demo_session_02192,followup_shown_count,2020-01-03 03:12:00
demo_session_02192,followup_shown_count,2020-01-03 03:11:00
demo_session_02192,followup_shown_count,2020-01-03 03:10:00
demo_session_02192,followup_shown_count,2020-01-03 03:09:00
demo_session_02194,followup_shown_count,2020-03-31 17:40:00
demo_session_02194,followup_shown_count,2020-03-31 17:39:00
demo_session_02195,followup_shown_count,2020-04-19 21:56:00
demo_session_02195,followup_shown_count,2020-04-19 21:55:00
demo_session_02195,followup_shown_count,2020-04-19 21:54:00
demo_session_02195,followup_shown_count,2020-04-19 21:53:00
demo_session_02195,followup_shown_count,2020-04-19 21:52:00
demo_session_02196,followup_shown_count,2020-02-12 03:02:00
demo_session_02196,followup_shown_count,2020-02-12 03:01:00
demo_session_02197,followup_shown_count,2020-01-31 05:32:00
demo_session_02198,followup_shown_count,2020-03-25 17:31:00
demo_session_02199,followup_shown_count,2020-01-27 21:53:00
demo_session_02199,followup_shown_count,2020-01-27 21:52:00
demo_session_02199,followup_shown_count,2020-01-27 21:51:00
demo_session_02199,followup_shown_count,2020-01-27 21:50:00
demo_session_02202,followup_shown_count,2020-04-21 01:19:00
demo_session_02203,followup_shown_count,2020-01-23 19:57:00
demo_session_02203,followup_shown_count,2020-01-23 19:56:00
demo_session_02203,followup_shown_count,2020-01-23 19:55:00
demo_session_02203,followup_shown_count,2020-01-23 19:54:00
demo_session_02203,followup_shown_count,2020-01-23 19:53:00
demo_session_02203,followup_shown_count,2020-01-23 19:52:00
demo_session_02204,followup_shown_count,2020-01-11 01:54:00
demo_session_02204,followup_shown_count,2020-01-11 01:53:00
demo_session_02205,followup_shown_count,2020-04-09 14:22:00
demo_session_02205,followup_shown_count,2020-04-09 14:21:00
demo_session_02205,followup_shown_count,2020-04-09 14:20:00
demo_session_02206,followup_shown_count,2020-02-04 16:02:00
demo_session_02206,followup_shown_count,2020-02-04 16:01:00
demo_session_02206,followup_shown_count,2020-02-04 16:00:00
demo_session_02207,followup_shown_count,2020-02-10 18:14:00
demo_session_02207,followup_shown_count,2020-02-10 18:13:00
demo_session_02207,followup_shown_count,2020-02-10 18:12:00
demo_session_02208,followup_shown_count,2020-02-02 04:08:00
demo_session_02210,followup_shown_count,2020-04-17 20:41:00
demo_session_02210,followup_shown_count,2020-04-17 20:40:00
demo_session_02211,followup_shown_count,2020-03-22 21:03:00
demo_session_02215,followup_shown_count,2020-03-23 19:05:00
demo_session_02215,followup_shown_count,2020-03-23 19:04:00
demo_session_02217,followup_shown_count,2020-01-12 07:17:00
demo_session_02217,followup_shown_count,2020-01-12 07:16:00
demo_session_02217,followup_shown_count,2020-01-12 07:15:00
demo_session_02218,followup_shown_count,2020-02-20 08:49:00
demo_session_02218,followup_shown_count,2020-02-20 08:48:00
demo_session_02218,followup_shown_count,2020-02-20 08:47:00
demo_session_02219,followup_shown_count,2020-02-10 13:35:00
demo_session_02220,followup_shown_count,2020-01-03 03:28:00
demo_session_02221,followup_shown_count,2020-03-31 00:09:00
demo_session_02221,followup_shown_count,2020-03-31 00:08:00
demo_session_02221,followup_shown_count,2020-03-31 00:07:00
demo_session_02222,followup_shown_count,2020-04-13 09:32:00
demo_session_02223,followup_shown_count,2020-04-18 22:18:00
demo_session_02223,followup_shown_count,2020-04-18 22:17:00
demo_session_02224,followup_shown_count,2020-01-30 07:25:00
demo_session_02225,followup_shown_count,2020-03-17 01:24:00
demo_session_02226,followup_shown_count,2020-03-04 20:17:00
demo_session_02226,followup_shown_count,2020-03-04 20:16:00
demo_session_02227,followup_shown_count,2020-03-12 12:54:00
demo_session_02227,followup_shown_count,2020-03-12 12:53:00
demo_session_02228,followup_shown_count,2020-04-05 18:12:00
demo_session_02228,followup_shown_count,2020-04-05 18:11:00
demo_session_02229,followup_shown_count,2020-02-15 12:08:00
demo_session_02229,followup_shown_count,2020-02-15 12:07:00
demo_session_02229,followup_shown_count,2020-02-15 12:06:00
demo_session_02231,followup_shown_count,2020-02-27 08:46:00
demo_session_02231,followup_shown_count,2020-02-27 08:45:00
demo_session_02231,followup_shown_count,2020-02-27 08:44:00
demo_session_02232,followup_shown_count,2020-03-20 21:05:00
demo_session_02232,followup_shown_count,2020-03-20 21:04:00
demo_session_02232,followup_shown_count,2020-03-20 21:03:00
demo_session_02233,followup_shown_count,2020-02-21 20:47:00
demo_session_02233,followup_shown_count,2020-02-21 20:46:00
demo_session_02234,followup_shown_count,2020-02-06 09:55:00
demo_session_02235,followup_shown_count,2020-01-07 14:53:00
demo_session_02235,followup_shown_count,2020-01-07 14:52:00
demo_session_02235,followup_shown_count,2020-01-07 14:51:00
demo_session_02236,followup_shown_count,2020-03-09 18:18:00
demo_session_02237,followup_shown_count,2020-01-03 14:55:00
demo_session_02237,followup_shown_count,2020-01-03 14:54:00
demo_session_02237,followup_shown_count,2020-01-03 14:53:00
demo_session_02237,followup_shown_count,2020-01-03 14:52:00
demo_session_02238,followup_shown_count,2020-02-26 11:37:00
demo_session_02238,followup_shown_count,2020-02-26 11:36:00
demo_session_02238,followup_shown_count,2020-02-26 11:35:00
demo_session_02238,followup_shown_count,2020-02-26 11:34:00
demo_session_02239,followup_shown_count,2020-03-15 02:06:00
demo_session_02239,followup_shown_count,2020-03-15 02:05:00
demo_session_02239,followup_shown_count,2020-03-15 02:04:00
demo_session_02239,followup_shown_count,2020-03-15 02:03:00
demo_session_02239,followup_shown_count,2020-03-15 02:02:00
demo_session_02239,followup_shown_count,2020-03-15 02:01:00
demo_session_02240,followup_shown_count,2020-02-25 08:00:00
demo_session_02242,followup_shown_count,2020-02-03 06:59:00
demo_session_02242,followup_shown_count,2020-02-03 06:58:00
demo_session_02242,followup_shown_count,2020-02-03 06:57:00
demo_session_02244,followup_shown_count,2020-04-11 09:18:00
demo_session_02245,followup_shown_count,2020-04-17 03:06:00
demo_session_02245,followup_shown_count,2020-04-17 03:05:00
demo_session_02246,followup_shown_count,2020-01-20 05:43:00
demo_session_02247,followup_shown_count,2020-01-25 18:58:00
demo_session_02248,followup_shown_count,2020-02-12 20:35:00
demo_session_02248,followup_shown_count,2020-02-12 20:34:00
demo_session_02249,followup_shown_count,2020-03-25 01:25:00
demo_session_02251,followup_shown_count,2020-04-04 14:28:00
demo_session_02251,followup_shown_count,2020-04-04 14:27:00
demo_session_02252,followup_shown_count,2020-01-01 19:54:00
demo_session_02252,followup_shown_count,2020-01-01 19:53:00
demo_session_02252,followup_shown_count,2020-01-01 19:52:00
demo_session_02253,followup_shown_count,2020-04-10 19:50:00
demo_session_02253,followup_shown_count,2020-04-10 19:49:00
demo_session_02253,followup_shown_count,2020-04-10 19:48:00
demo_session_02253,followup_shown_count,2020-04-10 19:47:00
demo_session_02253,followup_shown_count,2020-04-10 19:46:00
demo_session_02253,followup_shown_count,2020-04-10 19:45:00
demo_session_02254,followup_shown_count,2020-01-05 21:49:00
demo_session_02254,followup_shown_count,2020-01-05 21:48:00
demo_session_02254,followup_shown_count,2020-01-05 21:47:00
demo_session_02255,followup_shown_count,2020-04-10 17:49:00
demo_session_02257,followup_shown_count,2020-04-05 07:13:00
demo_session_02257,followup_shown_count,2020-04-05 07:12:00
demo_session_02258,followup_shown_count,2020-04-28 02:16:00
demo_session_02258,followup_shown_count,2020-04-28 02:15:00
demo_session_02259,followup_shown_count,2020-02-24 22:26:00
demo_session_02259,followup_shown_count,2020-02-24 22:25:00
demo_session_02259,followup_shown_count,2020-02-24 22:24:00
demo_session_02260,followup_shown_count,2020-03-18 00:01:00
demo_session_02260,followup_shown_count,2020-03-18 00:00:00
demo_session_02260,followup_shown_count,2020-03-17 23:59:00
demo_session_02260,followup_shown_count,2020-03-17 23:58:00
demo_session_02260,followup_shown_count,2020-03-17 23:57:00
demo_session_02261,followup_shown_count,2020-03-15 20:50:00
demo_session_02261,followup_shown_count,2020-03-15 20:49:00
demo_session_02261,followup_shown_count,2020-03-15 20:48:00
demo_session_02262,followup_shown_count,2020-01-02 09:51:00
demo_session_02262,followup_shown_count,2020-01-02 09:50:00
demo_session_02263,followup_shown_count,2020-04-12 22:11:00
demo_session_02263,followup_shown_count,2020-04-12 22:10:00
demo_session_02263,followup_shown_count,2020-04-12 22:09:00
demo_session_02263,followup_shown_count,2020-04-12 22:08:00
demo_session_02264,followup_shown_count,2020-03-25 14:29:00
demo_session_02264,followup_shown_count,2020-03-25 14:28:00
demo_session_02264,followup_shown_count,2020-03-25 14:27:00
demo_session_02265,followup_shown_count,2020-02-20 10:25:00
demo_session_02265,followup_shown_count,2020-02-20 10:24:00
demo_session_02266,followup_shown_count,2020-01-26 18:21:00
demo_session_02266,followup_shown_count,2020-01-26 18:20:00
demo_session_02266,followup_shown_count,2020-01-26 18:19:00
demo_session_02266,followup_shown_count,2020-01-26 18:18:00
demo_session_02266,followup_shown_count,2020-01-26 18:17:00
demo_session_02268,followup_shown_count,2020-04-27 18:46:00
demo_session_02268,followup_shown_count,2020-04-27 18:45:00
demo_session_02269,followup_shown_count,2020-01-20 03:26:00
demo_session_02269,followup_shown_count,2020-01-20 03:25:00
demo_session_02271,followup_shown_count,2020-03-08 18:17:00
demo_session_02271,followup_shown_count,2020-03-08 18:16:00
demo_session_02271,followup_shown_count,2020-03-08 18:15:00
demo_session_02272,followup_shown_count,2020-04-04 15:41:00
demo_session_02272,followup_shown_count,2020-04-04 15:40:00
demo_session_02272,followup_shown_count,2020-04-04 15:39:00
demo_session_02272,followup_shown_count,2020-04-04 15:38:00
demo_session_02273,followup_shown_count,2020-01-17 22:11:00
demo_session_02273,followup_shown_count,2020-01-17 22:10:00
demo_session_02274,followup_shown_count,2020-01-13 13:04:00
demo_session_02274,followup_shown_count,2020-01-13 13:03:00
demo_session_02275,followup_shown_count,2020-03-20 05:37:00
demo_session_02275,followup_shown_count,2020-03-20 05:36:00
demo_session_02276,followup_shown_count,2020-02-04 00:29:00
demo_session_02277,followup_shown_count,2020-02-15 05:15:00
demo_session_02278,followup_shown_count,2020-03-15 16:00:00
demo_session_02278,followup_shown_count,2020-03-15 15:59:00
demo_session_02279,followup_shown_count,2020-01-28 08:10:00
demo_session_02280,followup_shown_count,2020-02-10 23:41:00
demo_session_02281,followup_shown_count,2020-02-13 06:55:00
demo_session_02281,followup_shown_count,2020-02-13 06:54:00
demo_session_02282,followup_shown_count,2020-02-12 07:47:00
demo_session_02282,followup_shown_count,2020-02-12 07:46:00
demo_session_02284,followup_shown_count,2020-01-19 04:58:00
demo_session_02284,followup_shown_count,2020-01-19 04:57:00
demo_session_02284,followup_shown_count,2020-01-19 04:56:00
demo_session_02285,followup_shown_count,2020-04-18 23:07:00
demo_session_02285,followup_shown_count,2020-04-18 23:06:00
demo_session_02286,followup_shown_count,2020-03-26 22:30:00
demo_session_02286,followup_shown_count,2020-03-26 22:29:00
demo_session_02286,followup_shown_count,2020-03-26 22:28:00
demo_session_02287,followup_shown_count,2020-01-02 08:28:00
demo_session_02287,followup_shown_count,2020-01-02 08:27:00
demo_session_02288,followup_shown_count,2020-03-08 19:45:00
demo_session_02288,followup_shown_count,2020-03-08 19:44:00
demo_session_02288,followup_shown_count,2020-03-08 19:43:00
demo_session_02288,followup_shown_count,2020-03-08 19:42:00
demo_session_02288,followup_shown_count,2020-03-08 19:41:00
demo_session_02289,followup_shown_count,2020-01-21 03:23:00
demo_session_02289,followup_shown_count,2020-01-21 03:22:00
demo_session_02289,followup_shown_count,2020-01-21 03:21:00
demo_session_02289,followup_shown_count,2020-01-21 03:20:00
demo_session_02290,followup_shown_count,2020-01-19 07:50:00
demo_session_02292,followup_shown_count,2020-01-30 21:46:00
demo_session_02293,followup_shown_count,2020-03-09 05:56:00
demo_session_02293,followup_shown_count,2020-03-09 05:55:00
demo_session_02293,followup_shown_count,2020-03-09 05:54:00
demo_session_02294,followup_shown_count,2020-02-04 02:40:00
demo_session_02295,followup_shown_count,2020-02-08 07:13:00
demo_session_02295,followup_shown_count,2020-02-08 07:12:00
demo_session_02295,followup_shown_count,2020-02-08 07:11:00
demo_session_02296,followup_shown_count,2020-03-21 11:48:00
demo_session_02297,followup_shown_count,2020-03-19 05:03:00
demo_session_02300,followup_shown_count,2020-03-11 10:32:00
demo_session_02300,followup_shown_count,2020-03-11 10:31:00
demo_session_02300,followup_shown_count,2020-03-11 10:30:00
demo_session_02300,followup_shown_count,2020-03-11 10:29:00
demo_session_02300,followup_shown_count,2020-03-11 10:28:00
demo_session_02300,followup_shown_count,2020-03-11 10:27:00
demo_session_02302,followup_shown_count,2020-01-14 12:49:00
demo_session_02302,followup_shown_count,2020-01-14 12:48:00
demo_session_02302,followup_shown_count,2020-01-14 12:47:00
demo_session_02302,followup_shown_count,2020-01-14 12:46:00
demo_session_02303,followup_shown_count,2020-02-28 06:43:00
demo_session_02304,followup_shown_count,2020-03-24 11:46:00
demo_session_02305,followup_shown_count,2020-01-03 11:47:00
demo_session_02305,followup_shown_count,2020-01-03 11:46:00
demo_session_02305,followup_shown_count,2020-01-03 11:45:00
demo_session_02305,followup_shown_count,2020-01-03 11:44:00
demo_session_02305,followup_shown_count,2020-01-03 11:43:00
demo_session_02305,followup_shown_count,2020-01-03 11:42:00
demo_session_02308,followup_shown_count,2020-01-13 00:46:00
demo_session_02309,followup_shown_count,2020-04-06 04:43:00
demo_session_02309,followup_shown_count,2020-04-06 04:42:00
demo_session_02309,followup_shown_count,2020-04-06 04:41:00
demo_session_02309,followup_shown_count,2020-04-06 04:40:00
demo_session_02310,followup_shown_count,2020-01-29 14:18:00
demo_session_02311,followup_shown_count,2020-03-01 14:38:00
demo_session_02311,followup_shown_count,2020-03-01 14:37:00
demo_session_02312,followup_shown_count,2020-04-01 14:19:00
demo_session_02312,followup_shown_count,2020-04-01 14:18:00
demo_session_02313,followup_shown_count,2020-04-29 00:56:00
demo_session_02314,followup_shown_count,2020-03-13 09:56:00
demo_session_02315,followup_shown_count,2020-01-27 10:12:00
demo_session_02315,followup_shown_count,2020-01-27 10:11:00
demo_session_02315,followup_shown_count,2020-01-27 10:10:00
demo_session_02316,followup_shown_count,2020-01-10 19:32:00
demo_session_02317,followup_shown_count,2020-03-30 06:37:00
demo_session_02317,followup_shown_count,2020-03-30 06:36:00
demo_session_02317,followup_shown_count,2020-03-30 06:35:00
demo_session_02318,followup_shown_count,2020-03-10 09:57:00
demo_session_02319,followup_shown_count,2020-04-02 08:09:00
demo_session_02319,followup_shown_count,2020-04-02 08:08:00
demo_session_02320,followup_shown_count,2020-04-28 11:10:00
demo_session_02320,followup_shown_count,2020-04-28 11:09:00
demo_session_02320,followup_shown_count,2020-04-28 11:08:00
demo_session_02321,followup_shown_count,2020-04-09 16:50:00
demo_session_02321,followup_shown_count,2020-04-09 16:49:00
demo_session_02321,followup_shown_count,2020-04-09 16:48:00
demo_session_02321,followup_shown_count,2020-04-09 16:47:00
demo_session_02321,followup_shown_count,2020-04-09 16:46:00
demo_session_02321,followup_shown_count,2020-04-09 16:45:00
demo_session_02322,followup_shown_count,2020-03-01 04:38:00
demo_session_02323,followup_shown_count,2020-03-23 05:03:00
demo_session_02324,followup_shown_count,2020-03-16 00:08:00
demo_session_02324,followup_shown_count,2020-03-16 00:07:00
demo_session_02324,followup_shown_count,2020-03-16 00:06:00
demo_session_02326,followup_shown_count,2020-02-07 01:38:00
demo_session_02326,followup_shown_count,2020-02-07 01:37:00
demo_session_02326,followup_shown_count,2020-02-07 01:36:00
demo_session_02327,followup_shown_count,2020-01-11 23:01:00
demo_session_02327,followup_shown_count,2020-01-11 23:00:00
demo_session_02327,followup_shown_count,2020-01-11 22:59:00
demo_session_02328,followup_shown_count,2020-02-14 05:03:00
demo_session_02329,followup_shown_count,2020-01-22 15:24:00
demo_session_02330,followup_shown_count,2020-04-17 14:59:00
demo_session_02330,followup_shown_count,2020-04-17 14:58:00
demo_session_02331,followup_shown_count,2020-04-12 23:56:00
demo_session_02331,followup_shown_count,2020-04-12 23:55:00
demo_session_02333,followup_shown_count,2020-02-18 05:43:00
demo_session_02334,followup_shown_count,2020-01-01 21:52:00
demo_session_02334,followup_shown_count,2020-01-01 21:51:00
demo_session_02334,followup_shown_count,2020-01-01 21:50:00
demo_session_02335,followup_shown_count,2020-03-06 12:56:00
demo_session_02336,followup_shown_count,2020-01-03 23:22:00
demo_session_02337,followup_shown_count,2020-01-04 01:03:00
demo_session_02338,followup_shown_count,2020-01-19 13:43:00
demo_session_02338,followup_shown_count,2020-01-19 13:42:00
demo_session_02338,followup_shown_count,2020-01-19 13:41:00
demo_session_02338,followup_shown_count,2020-01-19 13:40:00
demo_session_02338,followup_shown_count,2020-01-19 13:39:00
demo_session_02338,followup_shown_count,2020-01-19 13:38:00
demo_session_02338,followup_shown_count,2020-01-19 13:37:00
demo_session_02339,followup_shown_count,2020-02-28 23:17:00
demo_session_02339,followup_shown_count,2020-02-28 23:16:00
demo_session_02340,followup_shown_count,2020-03-30 21:32:00
demo_session_02340,followup_shown_count,2020-03-30 21:31:00
demo_session_02340,followup_shown_count,2020-03-30 21:30:00
demo_session_02341,followup_shown_count,2020-02-19 02:40:00
demo_session_02343,followup_shown_count,2020-03-05 03:31:00
demo_session_02343,followup_shown_count,2020-03-05 03:30:00
demo_session_02343,followup_shown_count,2020-03-05 03:29:00
demo_session_02344,followup_shown_count,2020-04-17 05:36:00
demo_session_02345,followup_shown_count,2020-02-15 00:46:00
demo_session_02345,followup_shown_count,2020-02-15 00:45:00
demo_session_02346,followup_shown_count,2020-02-06 00:55:00
demo_session_02346,followup_shown_count,2020-02-06 00:54:00
demo_session_02347,followup_shown_count,2020-01-10 01:15:00
demo_session_02347,followup_shown_count,2020-01-10 01:14:00
demo_session_02348,followup_shown_count,2020-01-27 06:45:00
demo_session_02349,followup_shown_count,2020-01-06 06:35:00
demo_session_02349,followup_shown_count,2020-01-06 06:34:00
demo_session_02350,followup_shown_count,2020-01-21 20:12:00
demo_session_02350,followup_shown_count,2020-01-21 20:11:00
demo_session_02350,followup_shown_count,2020-01-21 20:10:00
demo_session_02351,followup_shown_count,2020-04-23 23:23:00
demo_session_02352,followup_shown_count,2020-03-06 08:01:00
demo_session_02353,followup_shown_count,2020-03-13 10:58:00
demo_session_02353,followup_shown_count,2020-03-13 10:57:00
demo_session_02354,followup_shown_count,2020-02-16 04:06:00
demo_session_02355,followup_shown_count,2020-03-18 04:57:00
demo_session_02355,followup_shown_count,2020-03-18 04:56:00
demo_session_02355,followup_shown_count,2020-03-18 04:55:00
demo_session_02356,followup_shown_count,2020-03-08 11:12:00
demo_session_02356,followup_shown_count,2020-03-08 11:11:00
demo_session_02356,followup_shown_count,2020-03-08 11:10:00
demo_session_02359,followup_shown_count,2020-03-07 02:27:00
demo_session_02359,followup_shown_count,2020-03-07 02:26:00
demo_session_02359,followup_shown_count,2020-03-07 02:25:00
demo_session_02360,followup_shown_count,2020-04-03 19:02:00
demo_session_02360,followup_shown_count,2020-04-03 19:01:00
demo_session_02361,followup_shown_count,2020-03-14 20:46:00
demo_session_02361,followup_shown_count,2020-03-14 20:45:00
demo_session_02361,followup_shown_count,2020-03-14 20:44:00
demo_session_02361,followup_shown_count,2020-03-14 20:43:00
demo_session_02362,followup_shown_count,2020-04-29 08:54:00
demo_session_02362,followup_shown_count,2020-04-29 08:53:00
demo_session_02363,followup_shown_count,2020-03-03 18:20:00
demo_session_02363,followup_shown_count,2020-03-03 18:19:00
demo_session_02364,followup_shown_count,2020-04-12 03:02:00
demo_session_02365,followup_shown_count,2020-01-22 02:47:00
demo_session_02365,followup_shown_count,2020-01-22 02:46:00
demo_session_02366,followup_shown_count,2020-01-21 04:36:00
demo_session_02366,followup_shown_count,2020-01-21 04:35:00
demo_session_02366,followup_shown_count,2020-01-21 04:34:00
demo_session_02366,followup_shown_count,2020-01-21 04:33:00
demo_session_02367,followup_shown_count,2020-02-07 09:08:00
demo_session_02368,followup_shown_count,2020-04-08 19:36:00
demo_session_02368,followup_shown_count,2020-04-08 19:35:00
demo_session_02369,followup_shown_count,2020-04-16 02:52:00
demo_session_02369,followup_shown_count,2020-04-16 02:51:00
demo_session_02369,followup_shown_count,2020-04-16 02:50:00
demo_session_02369,followup_shown_count,2020-04-16 02:49:00
demo_session_02370,followup_shown_count,2020-02-18 03:15:00
demo_session_02370,followup_shown_count,2020-02-18 03:14:00
demo_session_02370,followup_shown_count,2020-02-18 03:13:00
demo_session_02370,followup_shown_count,2020-02-18 03:12:00
demo_session_02370,followup_shown_count,2020-02-18 03:11:00
demo_session_02370,followup_shown_count,2020-02-18 03:10:00
demo_session_02370,followup_shown_count,2020-02-18 03:09:00
demo_session_02371,followup_shown_count,2020-02-23 06:18:00
demo_session_02371,followup_shown_count,2020-02-23 06:17:00
demo_session_02371,followup_shown_count,2020-02-23 06:16:00
demo_session_02372,followup_shown_count,2020-02-28 16:53:00
demo_session_02372,followup_shown_count,2020-02-28 16:52:00
demo_session_02372,followup_shown_count,2020-02-28 16:51:00
demo_session_02372,followup_shown_count,2020-02-28 16:50:00
demo_session_02373,followup_shown_count,2020-01-25 11:56:00
demo_session_02374,followup_shown_count,2020-03-05 10:42:00
demo_session_02374,followup_shown_count,2020-03-05 10:41:00
demo_session_02374,followup_shown_count,2020-03-05 10:40:00
demo_session_02376,followup_shown_count,2020-03-31 03:02:00
demo_session_02376,followup_shown_count,2020-03-31 03:01:00
demo_session_02378,followup_shown_count,2020-02-12 10:21:00
demo_session_02379,followup_shown_count,2020-03-17 17:49:00
demo_session_02379,followup_shown_count,2020-03-17 17:48:00
demo_session_02379,followup_shown_count,2020-03-17 17:47:00
demo_session_02379,followup_shown_count,2020-03-17 17:46:00
demo_session_02379,followup_shown_count,2020-03-17 17:45:00
demo_session_02381,followup_shown_count,2020-03-25 00:20:00
demo_session_02381,followup_shown_count,2020-03-25 00:19:00
demo_session_02381,followup_shown_count,2020-03-25 00:18:00
demo_session_02381,followup_shown_count,2020-03-25 00:17:00
demo_session_02381,followup_shown_count,2020-03-25 00:16:00
demo_session_02382,followup_shown_count,2020-03-30 16:14:00
demo_session_02382,followup_shown_count,2020-03-30 16:13:00
demo_session_02383,followup_shown_count,2020-02-06 10:50:00
demo_session_02384,followup_shown_count,2020-02-26 08:56:00
demo_session_02384,followup_shown_count,2020-02-26 08:55:00
demo_session_02384,followup_shown_count,2020-02-26 08:54:00
demo_session_02385,followup_shown_count,2020-01-21 00:36:00
demo_session_02386,followup_shown_count,2020-03-27 01:00:00
demo_session_02386,followup_shown_count,2020-03-27 00:59:00
demo_session_02386,followup_shown_count,2020-03-27 00:58:00
demo_session_02387,followup_shown_count,2020-02-23 19:03:00
demo_session_02387,followup_shown_count,2020-02-23 19:02:00
demo_session_02390,followup_shown_count,2020-04-22 12:54:00
demo_session_02391,followup_shown_count,2020-04-16 09:39:00
demo_session_02391,followup_shown_count,2020-04-16 09:38:00
demo_session_02392,followup_shown_count,2020-01-17 04:36:00
demo_session_02392,followup_shown_count,2020-01-17 04:35:00
demo_session_02393,followup_shown_count,2020-04-07 20:09:00
demo_session_02395,followup_shown_count,2020-01-14 03:25:00
demo_session_02395,followup_shown_count,2020-01-14 03:24:00
demo_session_02396,followup_shown_count,2020-02-16 12:55:00
demo_session_02396,followup_shown_count,2020-02-16 12:54:00
demo_session_02396,followup_shown_count,2020-02-16 12:53:00
demo_session_02396,followup_shown_count,2020-02-16 12:52:00
demo_session_02396,followup_shown_count,2020-02-16 12:51:00
demo_session_02396,followup_shown_count,2020-02-16 12:50:00
demo_session_02397,followup_shown_count,2020-01-27 17:34:00
demo_session_02397,followup_shown_count,2020-01-27 17:33:00
demo_session_02398,followup_shown_count,2020-01-31 23:30:00
demo_session_02398,followup_shown_count,2020-01-31 23:29:00
demo_session_02398,followup_shown_count,2020-01-31 23:28:00
demo_session_02398,followup_shown_count,2020-01-31 23:27:00
demo_session_02398,followup_shown_count,2020-01-31 23:26:00
demo_session_02399,followup_shown_count,2020-03-15 00:54:00
demo_session_00001,followup_click_count,2020-02-06 13:14:00
demo_session_00002,followup_click_count,2020-04-06 21:18:00
demo_session_00004,followup_click_count,2020-03-30 17:57:00
demo_session_00004,followup_click_count,2020-03-30 17:56:00
demo_session_00005,followup_click_count,2020-04-10 14:37:00
demo_session_00008,followup_click_count,2020-02-23 13:46:00
demo_session_00009,followup_click_count,2020-01-16 20:38:00
demo_session_00014,followup_click_count,2020-04-12 17:37:00
demo_session_00016,followup_click_count,2020-01-09 10:21:00
demo_session_00016,followup_click_count,2020-01-09 10:20:00
demo_session_00018,followup_click_count,2020-01-08 11:16:00
demo_session_00018,followup_click_count,2020-01-08 11:15:00
demo_session_00020,followup_click_count,2020-03-18 09:15:00
demo_session_00020,followup_click_count,2020-03-18 09:14:00
demo_session_00021,followup_click_count,2020-03-15 04:33:00
demo_session_00023,followup_click_count,2020-02-18 01:45:00
demo_session_00026,followup_click_count,2020-01-16 20:05:00
demo_session_00026,followup_click_count,2020-01-16 20:04:00
demo_session_00027,followup_click_count,2020-01-25 21:16:00
demo_session_00028,followup_click_count,2020-04-27 05:28:00
demo_session_00031,followup_click_count,2020-01-11 11:38:00
demo_session_00031,followup_click_count,2020-01-11 11:37:00
demo_session_00032,followup_click_count,2020-02-28 09:20:00
demo_session_00033,followup_click_count,2020-03-10 22:27:00
demo_session_00034,followup_click_count,2020-01-14 15:05:00
demo_session_00036,followup_click_count,2020-04-24 20:45:00
demo_session_00036,followup_click_count,2020-04-24 20:44:00
demo_session_00037,followup_click_count,2020-01-27 17:31:00
demo_session_00037,followup_click_count,2020-01-27 17:30:00
demo_session_00037,followup_click_count,2020-01-27 17:29:00
demo_session_00038,followup_click_count,2020-01-27 14:25:00
demo_session_00041,followup_click_count,2020-01-05 12:20:00
demo_session_00041,followup_click_count,2020-01-05 12:19:00
demo_session_00043,followup_click_count,2020-02-12 09:36:00
demo_session_00043,followup_click_count,2020-02-12 09:35:00
demo_session_00043,followup_click_count,2020-02-12 09:34:00
demo_session_00044,followup_click_count,2020-02-18 20:39:00
demo_session_00047,followup_click_count,2020-04-09 03:35:00
demo_session_00048,followup_click_count,2020-04-05 18:04:00
demo_session_00049,followup_click_count,2020-04-23 04:22:00
demo_session_00054,followup_click_count,2020-03-20 17:40:00
demo_session_00055,followup_click_count,2020-01-08 06:36:00
demo_session_00055,followup_click_count,2020-01-08 06:35:00
demo_session_00058,followup_click_count,2020-03-07 18:41:00
demo_session_00061,followup_click_count,2020-03-10 22:43:00
demo_session_00061,followup_click_count,2020-03-10 22:42:00
demo_session_00063,followup_click_count,2020-02-11 02:53:00
demo_session_00065,followup_click_count,2020-01-30 20:34:00
demo_session_00066,followup_click_count,2020-04-15 11:38:00
demo_session_00066,followup_click_count,2020-04-15 11:37:00
demo_session_00066,followup_click_count,2020-04-15 11:36:00
demo_session_00066,followup_click_count,2020-04-15 11:35:00
demo_session_00070,followup_click_count,2020-01-10 22:38:00
demo_session_00071,followup_click_count,2020-02-19 11:37:00
demo_session_00072,followup_click_count,2020-02-15 08:02:00
demo_session_00075,followup_click_count,2020-02-24 12:37:00
demo_session_00077,followup_click_count,2020-04-08 04:54:00
demo_session_00077,followup_click_count,2020-04-08 04:53:00
demo_session_00078,followup_click_count,2020-03-05 21:52:00
demo_session_00078,followup_click_count,2020-03-05 21:51:00
demo_session_00079,followup_click_count,2020-01-16 15:04:00
demo_session_00081,followup_click_count,2020-01-19 02:35:00
demo_session_00084,followup_click_count,2020-01-15 14:59:00
demo_session_00085,followup_click_count,2020-01-23 22:44:00
demo_session_00089,followup_click_count,2020-04-06 23:25:00
demo_session_00090,followup_click_count,2020-04-18 08:12:00
demo_session_00090,followup_click_count,2020-04-18 08:11:00
demo_session_00091,followup_click_count,2020-02-11 19:24:00
demo_session_00092,followup_click_count,2020-03-31 21:49:00
demo_session_00097,followup_click_count,2020-03-13 20:44:00
demo_session_00098,followup_click_count,2020-02-01 05:05:00
demo_session_00099,followup_click_count,2020-01-13 10:23:00
demo_session_00100,followup_click_count,2020-03-25 15:14:00
demo_session_00101,followup_click_count,2020-02-11 21:02:00
demo_session_00102,followup_click_count,2020-02-23 15:23:00
demo_session_00102,followup_click_count,2020-02-23 15:22:00
demo_session_00104,followup_click_count,2020-01-10 14:09:00
demo_session_00108,followup_click_count,2020-03-20 21:42:00
demo_session_00108,followup_click_count,2020-03-20 21:41:00
demo_session_00108,followup_click_count,2020-03-20 21:40:00
demo_session_00109,followup_click_count,2020-03-28 05:47:00
demo_session_00109,followup_click_count,2020-03-28 05:46:00
demo_session_00111,followup_click_count,2020-04-20 11:57:00
demo_session_00113,followup_click_count,2020-02-07 03:09:00
demo_session_00113,followup_click_count,2020-02-07 03:08:00
demo_session_00114,followup_click_count,2020-02-02 06:03:00
demo_session_00114,followup_click_count,2020-02-02 06:02:00
demo_session_00115,followup_click_count,2020-01-11 12:59:00
demo_session_00116,followup_click_count,2020-01-31 18:45:00
demo_session_00117,followup_click_count,2020-02-10 08:17:00
demo_session_00118,followup_click_count,2020-01-26 13:32:00
demo_session_00120,followup_click_count,2020-01-31 07:12:00
demo_session_00121,followup_click_count,2020-02-29 23:24:00
demo_session_00122,followup_click_count,2020-03-08 01:08:00
demo_session_00125,followup_click_count,2020-01-09 10:08:00
demo_session_00126,followup_click_count,2020-03-23 21:41:00
demo_session_00126,followup_click_count,2020-03-23 21:40:00
demo_session_00126,followup_click_count,2020-03-23 21:39:00
demo_session_00129,followup_click_count,2020-03-29 09:14:00
demo_session_00138,followup_click_count,2020-02-22 12:58:00
demo_session_00139,followup_click_count,2020-02-10 01:30:00
demo_session_00146,followup_click_count,2020-03-29 05:24:00
demo_session_00148,followup_click_count,2020-03-10 09:06:00
demo_session_00148,followup_click_count,2020-03-10 09:05:00
demo_session_00149,followup_click_count,2020-02-20 03:37:00
demo_session_00149,followup_click_count,2020-02-20 03:36:00
demo_session_00150,followup_click_count,2020-03-19 00:10:00
demo_session_00153,followup_click_count,2020-02-16 19:14:00
demo_session_00154,followup_click_count,2020-01-14 03:31:00
demo_session_00154,followup_click_count,2020-01-14 03:30:00
demo_session_00158,followup_click_count,2020-04-20 11:30:00
demo_session_00158,followup_click_count,2020-04-20 11:29:00
demo_session_00160,followup_click_count,2020-01-06 02:36:00
demo_session_00162,followup_click_count,2020-02-22 07:17:00
demo_session_00162,followup_click_count,2020-02-22 07:16:00
demo_session_00166,followup_click_count,2020-03-25 05:07:00
demo_session_00168,followup_click_count,2020-04-21 16:09:00
demo_session_00169,followup_click_count,2020-03-21 15:07:00
demo_session_00170,followup_click_count,2020-04-20 11:21:00
demo_session_00170,followup_click_count,2020-04-20 11:20:00
demo_session_00170,followup_click_count,2020-04-20 11:19:00
demo_session_00170,followup_click_count,2020-04-20 11:18:00
demo_session_00172,followup_click_count,2020-03-21 01:56:00
demo_session_00173,followup_click_count,2020-02-11 09:19:00
demo_session_00175,followup_click_count,2020-01-22 15:23:00
demo_session_00177,followup_click_count,2020-01-12 01:11:00
demo_session_00178,followup_click_count,2020-02-24 12:44:00
demo_session_00179,followup_click_count,2020-04-02 19:30:00
demo_session_00180,followup_click_count,2020-02-25 14:55:00
demo_session_00183,followup_click_count,2020-01-21 23:44:00
demo_session_00183,followup_click_count,2020-01-21 23:43:00
demo_session_00184,followup_click_count,2020-04-14 06:16:00
demo_session_00187,followup_click_count,2020-02-05 03:08:00
demo_session_00188,followup_click_count,2020-04-09 21:25:00
demo_session_00189,followup_click_count,2020-04-20 09:03:00
demo_session_00189,followup_click_count,2020-04-20 09:02:00
demo_session_00193,followup_click_count,2020-02-20 16:29:00
demo_session_00193,followup_click_count,2020-02-20 16:28:00
demo_session_00195,followup_click_count,2020-01-25 03:15:00
demo_session_00198,followup_click_count,2020-03-24 22:33:00
demo_session_00202,followup_click_count,2020-04-11 19:37:00
demo_session_00205,followup_click_count,2020-01-16 09:42:00
demo_session_00209,followup_click_count,2020-02-12 05:03:00
demo_session_00210,followup_click_count,2020-04-09 13:15:00
demo_session_00210,followup_click_count,2020-04-09 13:14:00
demo_session_00213,followup_click_count,2020-04-15 08:10:00
demo_session_00213,followup_click_count,2020-04-15 08:09:00
demo_session_00214,followup_click_count,2020-01-16 18:40:00
demo_session_00217,followup_click_count,2020-04-02 13:02:00
demo_session_00220,followup_click_count,2020-02-14 19:52:00
demo_session_00220,followup_click_count,2020-02-14 19:51:00
demo_session_00224,followup_click_count,2020-02-10 07:08:00
demo_session_00227,followup_click_count,2020-04-20 08:35:00
demo_session_00231,followup_click_count,2020-01-13 14:28:00
demo_session_00234,followup_click_count,2020-03-03 12:31:00
demo_session_00236,followup_click_count,2020-02-08 01:41:00
demo_session_00237,followup_click_count,2020-04-19 08:55:00
demo_session_00240,followup_click_count,2020-02-16 18:14:00
demo_session_00241,followup_click_count,2020-03-31 03:20:00
demo_session_00241,followup_click_count,2020-03-31 03:19:00
demo_session_00245,followup_click_count,2020-03-10 21:23:00
demo_session_00253,followup_click_count,2020-01-03 12:53:00
demo_session_00253,followup_click_count,2020-01-03 12:52:00
demo_session_00254,followup_click_count,2020-02-18 04:55:00
demo_session_00262,followup_click_count,2020-01-09 10:45:00
demo_session_00264,followup_click_count,2020-03-09 04:56:00
demo_session_00265,followup_click_count,2020-04-21 05:17:00
demo_session_00266,followup_click_count,2020-03-31 11:18:00
demo_session_00266,followup_click_count,2020-03-31 11:17:00
demo_session_00266,followup_click_count,2020-03-31 11:16:00
demo_session_00268,followup_click_count,2020-02-21 07:51:00
demo_session_00272,followup_click_count,2020-03-05 00:16:00
demo_session_00273,followup_click_count,2020-03-16 04:50:00
demo_session_00273,followup_click_count,2020-03-16 04:49:00
demo_session_00277,followup_click_count,2020-02-19 06:28:00
demo_session_00278,followup_click_count,2020-03-11 19:19:00
demo_session_00278,followup_click_count,2020-03-11 19:18:00
demo_session_00282,followup_click_count,2020-04-18 05:15:00
demo_session_00282,followup_click_count,2020-04-18 05:14:00
demo_session_00287,followup_click_count,2020-04-15 02:40:00
demo_session_00288,followup_click_count,2020-01-10 23:40:00
demo_session_00289,followup_click_count,2020-04-24 08:24:00
demo_session_00290,followup_click_count,2020-04-20 14:44:00
demo_session_00291,followup_click_count,2020-03-10 12:45:00
demo_session_00293,followup_click_count,2020-04-12 16:53:00
demo_session_00294,followup_click_count,2020-04-17 23:27:00
demo_session_00299,followup_click_count,2020-01-14 08:59:00
demo_session_00300,followup_click_count,2020-02-21 05:19:00
demo_session_00303,followup_click_count,2020-02-28 08:24:00
demo_session_00306,followup_click_count,2020-03-19 00:27:00
demo_session_00309,followup_click_count,2020-04-08 09:09:00
demo_session_00310,followup_click_count,2020-03-26 08:26:00
demo_session_00313,followup_click_count,2020-03-07 13:24:00
demo_session_00313,followup_click_count,2020-03-07 13:23:00
demo_session_00315,followup_click_count,2020-04-05 00:06:00
demo_session_00315,followup_click_count,2020-04-05 00:05:00
demo_session_00316,followup_click_count,2020-01-16 06:07:00
demo_session_00317,followup_click_count,2020-03-08 06:23:00
demo_session_00319,followup_click_count,2020-03-16 02:00:00
demo_session_00319,followup_click_count,2020-03-16 01:59:00
demo_session_00321,followup_click_count,2020-02-27 02:52:00
demo_session_00322,followup_click_count,2020-04-03 13:24:00
demo_session_00322,followup_click_count,2020-04-03 13:23:00
demo_session_00323,followup_click_count,2020-04-25 03:37:00
demo_session_00328,followup_click_count,2020-01-21 00:37:00
demo_session_00328,followup_click_count,2020-01-21 00:36:00
demo_session_00329,followup_click_count,2020-02-09 13:10:00
demo_session_00333,followup_click_count,2020-04-13 13:09:00
demo_session_00337,followup_click_count,2020-04-29 16:55:00
demo_session_00340,followup_click_count,2020-01-10 15:51:00
demo_session_00340,followup_click_count,2020-01-10 15:50:00
demo_session_00340,followup_click_count,2020-01-10 15:49:00
demo_session_00341,followup_click_count,2020-03-28 16:47:00
demo_session_00345,followup_click_count,2020-03-31 04:25:00
demo_session_00347,followup_click_count,2020-02-11 14:35:00
demo_session_00349,followup_click_count,2020-04-13 18:05:00
demo_session_00350,followup_click_count,2020-02-04 03:11:00
demo_session_00350,followup_click_count,2020-02-04 03:10:00
demo_session_00352,followup_click_count,2020-04-12 03:33:00
demo_session_00353,followup_click_count,2020-04-22 03:00:00
demo_session_00353,followup_click_count,2020-04-22 02:59:00
demo_session_00355,followup_click_count,2020-02-28 01:33:00
demo_session_00355,followup_click_count,2020-02-28 01:32:00
demo_session_00356,followup_click_count,2020-03-27 10:07:00
demo_session_00359,followup_click_count,2020-03-13 02:51:00
demo_session_00359,followup_click_count,2020-03-13 02:50:00
demo_session_00360,followup_click_count,2020-03-17 06:02:00
demo_session_00361,followup_click_count,2020-03-24 01:02:00
demo_session_00362,followup_click_count,2020-04-16 17:37:00
demo_session_00362,followup_click_count,2020-04-16 17:36:00
demo_session_00362,followup_click_count,2020-04-16 17:35:00
demo_session_00365,followup_click_count,2020-03-25 05:18:00
demo_session_00365,followup_click_count,2020-03-25 05:17:00
demo_session_00369,followup_click_count,2020-01-10 19:58:00
demo_session_00370,followup_click_count,2020-02-01 09:43:00
demo_session_00372,followup_click_count,2020-01-01 06:33:00
demo_session_00375,followup_click_count,2020-04-03 08:38:00
demo_session_00376,followup_click_count,2020-01-27 09:03:00
demo_session_00379,followup_click_count,2020-03-31 16:23:00
demo_session_00383,followup_click_count,2020-04-25 10:49:00
demo_session_00383,followup_click_count,2020-04-25 10:48:00
demo_session_00384,followup_click_count,2020-02-07 05:23:00
demo_session_00388,followup_click_count,2020-02-28 11:24:00
demo_session_00388,followup_click_count,2020-02-28 11:23:00
demo_session_00391,followup_click_count,2020-03-31 09:04:00
demo_session_00393,followup_click_count,2020-03-19 04:01:00
demo_session_00393,followup_click_count,2020-03-19 04:00:00
demo_session_00395,followup_click_count,2020-03-28 06:25:00
demo_session_00396,followup_click_count,2020-01-20 04:49:00
demo_session_00396,followup_click_count,2020-01-20 04:48:00
demo_session_00396,followup_click_count,2020-01-20 04:47:00
demo_session_00398,followup_click_count,2020-01-01 10:08:00
demo_session_00399,followup_click_count,2020-04-15 13:09:00
demo_session_00400,followup_click_count,2020-04-28 16:23:00
demo_session_00403,followup_click_count,2020-01-17 02:13:00
demo_session_00403,followup_click_count,2020-01-17 02:12:00
demo_session_00403,followup_click_count,2020-01-17 02:11:00
demo_session_00405,followup_click_count,2020-04-02 02:18:00
demo_session_00405,followup_click_count,2020-04-02 02:17:00
demo_session_00408,followup_click_count,2020-01-21 14:24:00
demo_session_00408,followup_click_count,2020-01-21 14:23:00
demo_session_00409,followup_click_count,2020-03-12 05:00:00
demo_session_00410,followup_click_count,2020-03-19 19:31:00
demo_session_00410,followup_click_count,2020-03-19 19:30:00
demo_session_00411,followup_click_count,2020-02-16 05:07:00
demo_session_00412,followup_click_count,2020-02-22 23:47:00
demo_session_00413,followup_click_count,2020-03-26 06:51:00
demo_session_00413,followup_click_count,2020-03-26 06:50:00
demo_session_00413,followup_click_count,2020-03-26 06:49:00
demo_session_00415,followup_click_count,2020-01-05 06:25:00
demo_session_00416,followup_click_count,2020-02-19 23:41:00
demo_session_00416,followup_click_count,2020-02-19 23:40:00
demo_session_00416,followup_click_count,2020-02-19 23:39:00
demo_session_00417,followup_click_count,2020-02-28 22:34:00
demo_session_00419,followup_click_count,2020-02-21 06:12:00
demo_session_00420,followup_click_count,2020-01-13 06:51:00
demo_session_00422,followup_click_count,2020-04-01 23:21:00
demo_session_00424,followup_click_count,2020-03-19 05:09:00
demo_session_00424,followup_click_count,2020-03-19 05:08:00
demo_session_00425,followup_click_count,2020-01-29 01:04:00
demo_session_00426,followup_click_count,2020-02-17 10:16:00
demo_session_00427,followup_click_count,2020-02-08 09:06:00
demo_session_00430,followup_click_count,2020-03-16 22:47:00
demo_session_00431,followup_click_count,2020-01-26 04:25:00
demo_session_00435,followup_click_count,2020-02-09 19:01:00
demo_session_00436,followup_click_count,2020-03-01 16:52:00
demo_session_00437,followup_click_count,2020-02-20 13:58:00
demo_session_00438,followup_click_count,2020-04-06 02:06:00
demo_session_00439,followup_click_count,2020-03-07 21:51:00
demo_session_00441,followup_click_count,2020-02-15 05:23:00
demo_session_00441,followup_click_count,2020-02-15 05:22:00
demo_session_00442,followup_click_count,2020-04-11 07:21:00
demo_session_00442,followup_click_count,2020-04-11 07:20:00
demo_session_00445,followup_click_count,2020-03-19 17:49:00
demo_session_00447,followup_click_count,2020-03-31 19:40:00
demo_session_00449,followup_click_count,2020-03-03 18:14:00
demo_session_00449,followup_click_count,2020-03-03 18:13:00
demo_session_00450,followup_click_count,2020-01-16 17:56:00
demo_session_00451,followup_click_count,2020-02-14 02:09:00
demo_session_00453,followup_click_count,2020-01-25 03:13:00
demo_session_00454,followup_click_count,2020-03-06 16:03:00
demo_session_00455,followup_click_count,2020-02-22 10:12:00
demo_session_00458,followup_click_count,2020-02-13 10:13:00
demo_session_00459,followup_click_count,2020-01-15 12:32:00
demo_session_00461,followup_click_count,2020-01-26 20:20:00
demo_session_00462,followup_click_count,2020-04-26 19:46:00
demo_session_00463,followup_click_count,2020-03-20 19:53:00
demo_session_00465,followup_click_count,2020-03-09 23:50:00
demo_session_00465,followup_click_count,2020-03-09 23:49:00
demo_session_00466,followup_click_count,2020-04-21 21:20:00
demo_session_00466,followup_click_count,2020-04-21 21:19:00
demo_session_00466,followup_click_count,2020-04-21 21:18:00
demo_session_00469,followup_click_count,2020-01-04 11:35:00
demo_session_00469,followup_click_count,2020-01-04 11:34:00
demo_session_00471,followup_click_count,2020-04-15 10:06:00
demo_session_00474,followup_click_count,2020-03-27 13:53:00
demo_session_00475,followup_click_count,2020-04-03 01:28:00
demo_session_00477,followup_click_count,2020-02-15 10:32:00
demo_session_00481,followup_click_count,2020-01-02 17:23:00
demo_session_00483,followup_click_count,2020-04-04 11:42:00
demo_session_00483,followup_click_count,2020-04-04 11:41:00
demo_session_00485,followup_click_count,2020-01-20 09:15:00
demo_session_00485,followup_click_count,2020-01-20 09:14:00
demo_session_00487,followup_click_count,2020-01-28 03:14:00
demo_session_00495,followup_click_count,2020-02-21 01:57:00
demo_session_00495,followup_click_count,2020-02-21 01:56:00
demo_session_00495,followup_click_count,2020-02-21 01:55:00
demo_session_00498,followup_click_count,2020-02-28 21:07:00
demo_session_00498,followup_click_count,2020-02-28 21:06:00
demo_session_00500,followup_click_count,2020-04-15 05:57:00
demo_session_00500,followup_click_count,2020-04-15 05:56:00
demo_session_00501,followup_click_count,2020-04-04 22:35:00
demo_session_00503,followup_click_count,2020-03-05 05:58:00
demo_session_00506,followup_click_count,2020-01-21 04:27:00
demo_session_00506,followup_click_count,2020-01-21 04:26:00
demo_session_00507,followup_click_count,2020-01-19 22:34:00
demo_session_00509,followup_click_count,2020-01-31 10:21:00
demo_session_00510,followup_click_count,2020-03-15 15:52:00
demo_session_00510,followup_click_count,2020-03-15 15:51:00
demo_session_00511,followup_click_count,2020-02-19 15:37:00
demo_session_00511,followup_click_count,2020-02-19 15:36:00
demo_session_00512,followup_click_count,2020-04-01 19:05:00
demo_session_00515,followup_click_count,2020-03-02 17:28:00
demo_session_00515,followup_click_count,2020-03-02 17:27:00
demo_session_00515,followup_click_count,2020-03-02 17:26:00
demo_session_00516,followup_click_count,2020-01-30 06:18:00
demo_session_00516,followup_click_count,2020-01-30 06:17:00
demo_session_00516,followup_click_count,2020-01-30 06:16:00
demo_session_00517,followup_click_count,2020-02-19 10:37:00
demo_session_00522,followup_click_count,2020-04-04 01:34:00
demo_session_00522,followup_click_count,2020-04-04 01:33:00
demo_session_00523,followup_click_count,2020-04-29 08:48:00
demo_session_00525,followup_click_count,2020-04-11 03:59:00
demo_session_00525,followup_click_count,2020-04-11 03:58:00
demo_session_00526,followup_click_count,2020-01-05 17:26:00
demo_session_00527,followup_click_count,2020-02-10 04:41:00
demo_session_00528,followup_click_count,2020-01-02 09:47:00
demo_session_00537,followup_click_count,2020-01-08 03:40:00
demo_session_00537,followup_click_count,2020-01-08 03:39:00
demo_session_00537,followup_click_count,2020-01-08 03:38:00
demo_session_00538,followup_click_count,2020-04-07 19:18:00
demo_session_00540,followup_click_count,2020-01-03 15:47:00
demo_session_00546,followup_click_count,2020-03-17 15:19:00
demo_session_00546,followup_click_count,2020-03-17 15:18:00
demo_session_00549,followup_click_count,2020-03-07 21:31:00
demo_session_00549,followup_click_count,2020-03-07 21:30:00
demo_session_00550,followup_click_count,2020-04-25 05:48:00
demo_session_00550,followup_click_count,2020-04-25 05:47:00
demo_session_00551,followup_click_count,2020-02-26 10:16:00
demo_session_00553,followup_click_count,2020-03-29 22:38:00
demo_session_00554,followup_click_count,2020-02-02 08:24:00
demo_session_00554,followup_click_count,2020-02-02 08:23:00
demo_session_00554,followup_click_count,2020-02-02 08:22:00
demo_session_00556,followup_click_count,2020-02-28 20:57:00
demo_session_00558,followup_click_count,2020-03-12 10:26:00
demo_session_00558,followup_click_count,2020-03-12 10:25:00
demo_session_00560,followup_click_count,2020-02-19 13:54:00
demo_session_00560,followup_click_count,2020-02-19 13:53:00
demo_session_00564,followup_click_count,2020-04-07 22:39:00
demo_session_00564,followup_click_count,2020-04-07 22:38:00
demo_session_00565,followup_click_count,2020-03-08 12:59:00
demo_session_00566,followup_click_count,2020-01-22 05:22:00
demo_session_00566,followup_click_count,2020-01-22 05:21:00
demo_session_00570,followup_click_count,2020-04-23 13:11:00
demo_session_00570,followup_click_count,2020-04-23 13:10:00
demo_session_00571,followup_click_count,2020-03-05 01:57:00
demo_session_00572,followup_click_count,2020-04-28 17:16:00
demo_session_00577,followup_click_count,2020-02-16 19:55:00
demo_session_00577,followup_click_count,2020-02-16 19:54:00
demo_session_00579,followup_click_count,2020-02-12 05:44:00
demo_session_00580,followup_click_count,2020-03-24 15:04:00
demo_session_00582,followup_click_count,2020-03-20 04:47:00
demo_session_00582,followup_click_count,2020-03-20 04:46:00
demo_session_00584,followup_click_count,2020-04-05 16:05:00
demo_session_00587,followup_click_count,2020-03-13 20:40:00
demo_session_00587,followup_click_count,2020-03-13 20:39:00
demo_session_00587,followup_click_count,2020-03-13 20:38:00
demo_session_00587,followup_click_count,2020-03-13 20:37:00
demo_session_00589,followup_click_count,2020-02-04 06:21:00
demo_session_00591,followup_click_count,2020-04-18 14:35:00
demo_session_00591,followup_click_count,2020-04-18 14:34:00
demo_session_00592,followup_click_count,2020-01-12 00:34:00
demo_session_00592,followup_click_count,2020-01-12 00:33:00
demo_session_00593,followup_click_count,2020-03-04 03:54:00
demo_session_00597,followup_click_count,2020-04-12 03:24:00
demo_session_00598,followup_click_count,2020-03-19 15:30:00
demo_session_00601,followup_click_count,2020-04-14 11:24:00
demo_session_00604,followup_click_count,2020-03-04 20:31:00
demo_session_00608,followup_click_count,2020-04-29 03:36:00
demo_session_00609,followup_click_count,2020-03-05 12:19:00
demo_session_00612,followup_click_count,2020-02-20 00:55:00
demo_session_00614,followup_click_count,2020-04-06 18:59:00
demo_session_00621,followup_click_count,2020-03-16 01:03:00
demo_session_00621,followup_click_count,2020-03-16 01:02:00
demo_session_00621,followup_click_count,2020-03-16 01:01:00
demo_session_00622,followup_click_count,2020-03-04 21:09:00
demo_session_00623,followup_click_count,2020-04-08 02:11:00
demo_session_00623,followup_click_count,2020-04-08 02:10:00
demo_session_00624,followup_click_count,2020-01-19 20:44:00
demo_session_00624,followup_click_count,2020-01-19 20:43:00
demo_session_00624,followup_click_count,2020-01-19 20:42:00
demo_session_00624,followup_click_count,2020-01-19 20:41:00
demo_session_00625,followup_click_count,2020-03-24 06:04:00
demo_session_00625,followup_click_count,2020-03-24 06:03:00
demo_session_00632,followup_click_count,2020-04-29 23:27:00
demo_session_00634,followup_click_count,2020-02-21 11:08:00
demo_session_00635,followup_click_count,2020-04-02 02:08:00
demo_session_00637,followup_click_count,2020-03-21 13:51:00
demo_session_00637,followup_click_count,2020-03-21 13:50:00
demo_session_00641,followup_click_count,2020-03-01 12:15:00
demo_session_00643,followup_click_count,2020-02-04 15:26:00
demo_session_00646,followup_click_count,2020-01-19 17:59:00
demo_session_00647,followup_click_count,2020-01-26 20:37:00
demo_session_00649,followup_click_count,2020-01-08 06:18:00
demo_session_00651,followup_click_count,2020-02-29 23:04:00
demo_session_00652,followup_click_count,2020-02-16 01:53:00
demo_session_00653,followup_click_count,2020-02-19 15:09:00
demo_session_00656,followup_click_count,2020-04-27 18:52:00
demo_session_00657,followup_click_count,2020-03-27 13:15:00
demo_session_00659,followup_click_count,2020-03-18 07:42:00
demo_session_00659,followup_click_count,2020-03-18 07:41:00
demo_session_00660,followup_click_count,2020-04-23 06:18:00
demo_session_00665,followup_click_count,2020-01-10 22:30:00
demo_session_00666,followup_click_count,2020-03-01 23:33:00
demo_session_00668,followup_click_count,2020-01-12 07:45:00
demo_session_00671,followup_click_count,2020-02-29 21:03:00
demo_session_00672,followup_click_count,2020-03-22 21:01:00
demo_session_00674,followup_click_count,2020-03-20 11:25:00
demo_session_00674,followup_click_count,2020-03-20 11:24:00
demo_session_00677,followup_click_count,2020-01-26 13:17:00
demo_session_00678,followup_click_count,2020-02-10 18:53:00
demo_session_00679,followup_click_count,2020-02-28 08:50:00
demo_session_00683,followup_click_count,2020-01-19 03:39:00
demo_session_00685,followup_click_count,2020-02-26 12:42:00
demo_session_00687,followup_click_count,2020-01-25 04:06:00
demo_session_00692,followup_click_count,2020-02-15 04:33:00
demo_session_00699,followup_click_count,2020-04-17 05:23:00
demo_session_00702,followup_click_count,2020-02-10 19:02:00
demo_session_00704,followup_click_count,2020-03-14 20:50:00
demo_session_00704,followup_click_count,2020-03-14 20:49:00
demo_session_00704,followup_click_count,2020-03-14 20:48:00
demo_session_00715,followup_click_count,2020-04-24 10:00:00
demo_session_00717,followup_click_count,2020-02-18 00:48:00
demo_session_00720,followup_click_count,2020-04-09 02:03:00
demo_session_00720,followup_click_count,2020-04-09 02:02:00
demo_session_00721,followup_click_count,2020-01-22 20:28:00
demo_session_00733,followup_click_count,2020-01-20 20:46:00
demo_session_00734,followup_click_count,2020-04-25 02:03:00
demo_session_00734,followup_click_count,2020-04-25 02:02:00
demo_session_00739,followup_click_count,2020-04-01 15:19:00
demo_session_00740,followup_click_count,2020-02-18 00:37:00
demo_session_00740,followup_click_count,2020-02-18 00:36:00
demo_session_00742,followup_click_count,2020-04-17 11:23:00
demo_session_00742,followup_click_count,2020-04-17 11:22:00
demo_session_00745,followup_click_count,2020-04-29 16:22:00
demo_session_00745,followup_click_count,2020-04-29 16:21:00
demo_session_00753,followup_click_count,2020-03-04 10:39:00
demo_session_00754,followup_click_count,2020-02-15 12:14:00
demo_session_00755,followup_click_count,2020-04-13 19:43:00
demo_session_00759,followup_click_count,2020-04-17 16:56:00
demo_session_00759,followup_click_count,2020-04-17 16:55:00
demo_session_00760,followup_click_count,2020-01-01 20:03:00
demo_session_00760,followup_click_count,2020-01-01 20:02:00
demo_session_00763,followup_click_count,2020-03-26 13:30:00
demo_session_00766,followup_click_count,2020-01-05 05:27:00
demo_session_00767,followup_click_count,2020-01-05 08:51:00
demo_session_00768,followup_click_count,2020-01-16 12:52:00
demo_session_00772,followup_click_count,2020-04-06 15:09:00
demo_session_00776,followup_click_count,2020-03-05 20:12:00
demo_session_00777,followup_click_count,2020-04-04 01:33:00
demo_session_00778,followup_click_count,2020-01-26 04:11:00
demo_session_00778,followup_click_count,2020-01-26 04:10:00
demo_session_00778,followup_click_count,2020-01-26 04:09:00
demo_session_00778,followup_click_count,2020-01-26 04:08:00
demo_session_00778,followup_click_count,2020-01-26 04:07:00
demo_session_00779,followup_click_count,2020-01-01 12:13:00
demo_session_00780,followup_click_count,2020-01-27 12:08:00
demo_session_00781,followup_click_count,2020-04-06 10:25:00
demo_session_00782,followup_click_count,2020-03-11 23:14:00
demo_session_00786,followup_click_count,2020-01-07 22:26:00
demo_session_00788,followup_click_count,2020-01-23 16:35:00
demo_session_00789,followup_click_count,2020-02-27 12:33:00
demo_session_00790,followup_click_count,2020-01-02 23:26:00
demo_session_00792,followup_click_count,2020-02-27 09:56:00
demo_session_00792,followup_click_count,2020-02-27 09:55:00
demo_session_00793,followup_click_count,2020-03-29 10:03:00
demo_session_00794,followup_click_count,2020-04-14 17:39:00
demo_session_00795,followup_click_count,2020-01-05 03:55:00
demo_session_00796,followup_click_count,2020-02-22 01:32:00
demo_session_00797,followup_click_count,2020-03-21 18:59:00
demo_session_00797,followup_click_count,2020-03-21 18:58:00
demo_session_00799,followup_click_count,2020-04-08 03:05:00
demo_session_00799,followup_click_count,2020-04-08 03:04:00
demo_session_00799,followup_click_count,2020-04-08 03:03:00
demo_session_00799,followup_click_count,2020-04-08 03:02:00
demo_session_00800,followup_click_count,2020-01-27 00:47:00
demo_session_00800,followup_click_count,2020-01-27 00:46:00
demo_session_00801,followup_click_count,2020-02-02 12:36:00
demo_session_00802,followup_click_count,2020-04-05 22:16:00
demo_session_00802,followup_click_count,2020-04-05 22:15:00
demo_session_00804,followup_click_count,2020-01-30 22:56:00
demo_session_00806,followup_click_count,2020-04-21 11:19:00
demo_session_00808,followup_click_count,2020-02-09 13:41:00
demo_session_00809,followup_click_count,2020-04-18 04:19:00
demo_session_00810,followup_click_count,2020-03-21 17:53:00
demo_session_00812,followup_click_count,2020-02-04 10:33:00
demo_session_00812,followup_click_count,2020-02-04 10:32:00
demo_session_00815,followup_click_count,2020-03-25 04:45:00
demo_session_00818,followup_click_count,2020-02-14 04:25:00
demo_session_00819,followup_click_count,2020-03-26 08:35:00
demo_session_00819,followup_click_count,2020-03-26 08:34:00
demo_session_00821,followup_click_count,2020-01-04 02:52:00
demo_session_00822,followup_click_count,2020-04-18 16:06:00
demo_session_00824,followup_click_count,2020-03-18 20:28:00
demo_session_00825,followup_click_count,2020-02-04 05:56:00
demo_session_00826,followup_click_count,2020-02-02 02:55:00
demo_session_00827,followup_click_count,2020-04-16 16:51:00
demo_session_00829,followup_click_count,2020-04-19 20:17:00
demo_session_00829,followup_click_count,2020-04-19 20:16:00
demo_session_00831,followup_click_count,2020-02-02 12:26:00
demo_session_00831,followup_click_count,2020-02-02 12:25:00
demo_session_00833,followup_click_count,2020-02-26 23:00:00
demo_session_00843,followup_click_count,2020-02-20 13:43:00
demo_session_00844,followup_click_count,2020-01-31 10:16:00
demo_session_00845,followup_click_count,2020-02-06 18:24:00
demo_session_00845,followup_click_count,2020-02-06 18:23:00
demo_session_00845,followup_click_count,2020-02-06 18:22:00
demo_session_00846,followup_click_count,2020-01-26 12:23:00
demo_session_00847,followup_click_count,2020-03-03 09:20:00
demo_session_00850,followup_click_count,2020-02-12 09:52:00
demo_session_00850,followup_click_count,2020-02-12 09:51:00
demo_session_00850,followup_click_count,2020-02-12 09:50:00
demo_session_00851,followup_click_count,2020-03-23 23:30:00
demo_session_00853,followup_click_count,2020-02-12 04:26:00
demo_session_00853,followup_click_count,2020-02-12 04:25:00
demo_session_00853,followup_click_count,2020-02-12 04:24:00
demo_session_00854,followup_click_count,2020-04-08 19:41:00
demo_session_00857,followup_click_count,2020-03-05 02:06:00
demo_session_00860,followup_click_count,2020-03-26 11:21:00
demo_session_00861,followup_click_count,2020-01-14 15:59:00
demo_session_00865,followup_click_count,2020-02-17 08:34:00
demo_session_00867,followup_click_count,2020-02-12 05:10:00
demo_session_00867,followup_click_count,2020-02-12 05:09:00
demo_session_00869,followup_click_count,2020-03-24 18:19:00
demo_session_00870,followup_click_count,2020-02-15 07:10:00
demo_session_00871,followup_click_count,2020-03-07 20:30:00
demo_session_00872,followup_click_count,2020-03-28 05:04:00
demo_session_00877,followup_click_count,2020-03-25 12:38:00
demo_session_00881,followup_click_count,2020-04-01 06:43:00
demo_session_00882,followup_click_count,2020-02-25 23:44:00
demo_session_00882,followup_click_count,2020-02-25 23:43:00
demo_session_00884,followup_click_count,2020-03-01 05:04:00
demo_session_00886,followup_click_count,2020-01-25 19:15:00
demo_session_00887,followup_click_count,2020-01-22 14:47:00
demo_session_00887,followup_click_count,2020-01-22 14:46:00
demo_session_00888,followup_click_count,2020-03-08 18:35:00
demo_session_00891,followup_click_count,2020-02-09 20:12:00
demo_session_00896,followup_click_count,2020-04-03 11:57:00
demo_session_00898,followup_click_count,2020-01-08 19:14:00
demo_session_00899,followup_click_count,2020-02-02 10:11:00
demo_session_00899,followup_click_count,2020-02-02 10:10:00
demo_session_00899,followup_click_count,2020-02-02 10:09:00
demo_session_00900,followup_click_count,2020-01-22 04:49:00
demo_session_00905,followup_click_count,2020-02-21 05:33:00
demo_session_00907,followup_click_count,2020-04-04 01:30:00
demo_session_00910,followup_click_count,2020-02-25 22:21:00
demo_session_00911,followup_click_count,2020-01-22 15:36:00
demo_session_00911,followup_click_count,2020-01-22 15:35:00
demo_session_00914,followup_click_count,2020-01-26 14:52:00
demo_session_00914,followup_click_count,2020-01-26 14:51:00
demo_session_00914,followup_click_count,2020-01-26 14:50:00
demo_session_00916,followup_click_count,2020-01-21 06:43:00
demo_session_00918,followup_click_count,2020-01-27 12:04:00
demo_session_00919,followup_click_count,2020-04-20 18:41:00
demo_session_00920,followup_click_count,2020-04-23 18:21:00
demo_session_00921,followup_click_count,2020-03-20 15:36:00
demo_session_00922,followup_click_count,2020-04-03 15:48:00
demo_session_00924,followup_click_count,2020-02-05 12:05:00
demo_session_00925,followup_click_count,2020-02-19 01:29:00
demo_session_00926,followup_click_count,2020-01-04 08:07:00
demo_session_00931,followup_click_count,2020-02-25 21:47:00
demo_session_00935,followup_click_count,2020-01-13 01:40:00
demo_session_00935,followup_click_count,2020-01-13 01:39:00
demo_session_00939,followup_click_count,2020-01-01 12:37:00
demo_session_00941,followup_click_count,2020-02-02 02:14:00
demo_session_00941,followup_click_count,2020-02-02 02:13:00
demo_session_00942,followup_click_count,2020-03-13 22:28:00
demo_session_00943,followup_click_count,2020-03-14 20:58:00
demo_session_00944,followup_click_count,2020-02-27 14:34:00
demo_session_00944,followup_click_count,2020-02-27 14:33:00
demo_session_00944,followup_click_count,2020-02-27 14:32:00
demo_session_00945,followup_click_count,2020-02-29 17:10:00
demo_session_00946,followup_click_count,2020-03-23 13:24:00
demo_session_00946,followup_click_count,2020-03-23 13:23:00
demo_session_00951,followup_click_count,2020-01-23 15:57:00
demo_session_00951,followup_click_count,2020-01-23 15:56:00
demo_session_00954,followup_click_count,2020-02-08 15:57:00
demo_session_00958,followup_click_count,2020-03-07 10:21:00
demo_session_00958,followup_click_count,2020-03-07 10:20:00
demo_session_00958,followup_click_count,2020-03-07 10:19:00
demo_session_00959,followup_click_count,2020-02-28 13:03:00
demo_session_00959,followup_click_count,2020-02-28 13:02:00
demo_session_00960,followup_click_count,2020-04-20 08:55:00
demo_session_00960,followup_click_count,2020-04-20 08:54:00
demo_session_00962,followup_click_count,2020-02-26 08:57:00
demo_session_00965,followup_click_count,2020-02-05 05:38:00
demo_session_00968,followup_click_count,2020-04-22 15:38:00
demo_session_00969,followup_click_count,2020-04-22 20:42:00
demo_session_00975,followup_click_count,2020-01-02 20:41:00
demo_session_00975,followup_click_count,2020-01-02 20:40:00
demo_session_00976,followup_click_count,2020-02-17 16:14:00
demo_session_00980,followup_click_count,2020-01-05 15:31:00
demo_session_00981,followup_click_count,2020-01-14 11:26:00
demo_session_00982,followup_click_count,2020-04-25 19:29:00
demo_session_00988,followup_click_count,2020-01-27 08:31:00
demo_session_00988,followup_click_count,2020-01-27 08:30:00
demo_session_00991,followup_click_count,2020-02-21 17:27:00
demo_session_00993,followup_click_count,2020-02-21 09:20:00
demo_session_00996,followup_click_count,2020-01-25 01:36:00
demo_session_00998,followup_click_count,2020-04-10 20:29:00
demo_session_00998,followup_click_count,2020-04-10 20:28:00
demo_session_01002,followup_click_count,2020-04-06 11:45:00
demo_session_01003,followup_click_count,2020-02-17 20:01:00
demo_session_01006,followup_click_count,2020-02-09 20:10:00
demo_session_01007,followup_click_count,2020-02-17 08:18:00
demo_session_01009,followup_click_count,2020-02-22 11:43:00
demo_session_01013,followup_click_count,2020-01-23 23:57:00
demo_session_01015,followup_click_count,2020-02-29 20:17:00
demo_session_01015,followup_click_count,2020-02-29 20:16:00
demo_session_01017,followup_click_count,2020-02-17 01:51:00
demo_session_01018,followup_click_count,2020-02-24 19:59:00
demo_session_01018,followup_click_count,2020-02-24 19:58:00
demo_session_01020,followup_click_count,2020-03-18 12:11:00
demo_session_01021,followup_click_count,2020-01-06 10:38:00
demo_session_01025,followup_click_count,2020-04-08 22:37:00
demo_session_01026,followup_click_count,2020-02-25 21:27:00
demo_session_01033,followup_click_count,2020-03-04 22:14:00
demo_session_01033,followup_click_count,2020-03-04 22:13:00
demo_session_01036,followup_click_count,2020-03-21 23:28:00
demo_session_01039,followup_click_count,2020-02-01 06:56:00
demo_session_01042,followup_click_count,2020-04-18 15:06:00
demo_session_01042,followup_click_count,2020-04-18 15:05:00
demo_session_01043,followup_click_count,2020-04-01 07:21:00
demo_session_01044,followup_click_count,2020-04-28 18:28:00
demo_session_01046,followup_click_count,2020-03-08 12:06:00
demo_session_01047,followup_click_count,2020-03-10 06:59:00
demo_session_01048,followup_click_count,2020-01-28 14:26:00
demo_session_01049,followup_click_count,2020-04-21 19:51:00
demo_session_01049,followup_click_count,2020-04-21 19:50:00
demo_session_01050,followup_click_count,2020-04-13 16:58:00
demo_session_01051,followup_click_count,2020-04-28 03:51:00
demo_session_01056,followup_click_count,2020-04-08 05:06:00
demo_session_01057,followup_click_count,2020-03-24 21:30:00
demo_session_01057,followup_click_count,2020-03-24 21:29:00
demo_session_01058,followup_click_count,2020-03-28 21:42:00
demo_session_01060,followup_click_count,2020-04-11 03:11:00
demo_session_01061,followup_click_count,2020-04-20 09:53:00
demo_session_01062,followup_click_count,2020-02-13 13:38:00
demo_session_01062,followup_click_count,2020-02-13 13:37:00
demo_session_01063,followup_click_count,2020-03-28 09:35:00
demo_session_01065,followup_click_count,2020-03-23 18:59:00
demo_session_01074,followup_click_count,2020-04-16 08:41:00
demo_session_01076,followup_click_count,2020-03-29 13:06:00
demo_session_01076,followup_click_count,2020-03-29 13:05:00
demo_session_01079,followup_click_count,2020-02-28 11:51:00
demo_session_01079,followup_click_count,2020-02-28 11:50:00
demo_session_01080,followup_click_count,2020-04-17 03:48:00
demo_session_01081,followup_click_count,2020-04-26 01:51:00
demo_session_01081,followup_click_count,2020-04-26 01:50:00
demo_session_01083,followup_click_count,2020-02-09 11:48:00
demo_session_01084,followup_click_count,2020-02-14 19:14:00
demo_session_01086,followup_click_count,2020-04-21 10:44:00
demo_session_01091,followup_click_count,2020-02-19 17:13:00
demo_session_01093,followup_click_count,2020-03-05 11:11:00
demo_session_01093,followup_click_count,2020-03-05 11:10:00
demo_session_01095,followup_click_count,2020-04-05 23:23:00
demo_session_01095,followup_click_count,2020-04-05 23:22:00
demo_session_01095,followup_click_count,2020-04-05 23:21:00
demo_session_01097,followup_click_count,2020-01-15 15:46:00
demo_session_01098,followup_click_count,2020-01-30 11:13:00
demo_session_01098,followup_click_count,2020-01-30 11:12:00
demo_session_01099,followup_click_count,2020-04-19 06:40:00
demo_session_01100,followup_click_count,2020-01-16 15:12:00
demo_session_01104,followup_click_count,2020-01-05 13:15:00
demo_session_01112,followup_click_count,2020-03-17 10:32:00
demo_session_01112,followup_click_count,2020-03-17 10:31:00
demo_session_01113,followup_click_count,2020-01-13 07:59:00
demo_session_01118,followup_click_count,2020-04-18 17:37:00
demo_session_01118,followup_click_count,2020-04-18 17:36:00
demo_session_01118,followup_click_count,2020-04-18 17:35:00
demo_session_01119,followup_click_count,2020-04-08 11:25:00
demo_session_01119,followup_click_count,2020-04-08 11:24:00
demo_session_01122,followup_click_count,2020-02-16 19:17:00
demo_session_01122,followup_click_count,2020-02-16 19:16:00
demo_session_01123,followup_click_count,2020-03-15 08:05:00
demo_session_01124,followup_click_count,2020-01-13 18:56:00
demo_session_01124,followup_click_count,2020-01-13 18:55:00
demo_session_01125,followup_click_count,2020-04-15 17:15:00
demo_session_01125,followup_click_count,2020-04-15 17:14:00
demo_session_01126,followup_click_count,2020-04-16 05:02:00
demo_session_01126,followup_click_count,2020-04-16 05:01:00
demo_session_01126,followup_click_count,2020-04-16 05:00:00
demo_session_01129,followup_click_count,2020-03-24 08:12:00
demo_session_01131,followup_click_count,2020-04-17 21:59:00
demo_session_01132,followup_click_count,2020-03-30 05:40:00
demo_session_01134,followup_click_count,2020-02-09 00:17:00
demo_session_01134,followup_click_count,2020-02-09 00:16:00
demo_session_01134,followup_click_count,2020-02-09 00:15:00
demo_session_01136,followup_click_count,2020-01-18 21:07:00
demo_session_01136,followup_click_count,2020-01-18 21:06:00
demo_session_01139,followup_click_count,2020-03-01 11:05:00
demo_session_01139,followup_click_count,2020-03-01 11:04:00
demo_session_01141,followup_click_count,2020-01-31 22:41:00
demo_session_01141,followup_click_count,2020-01-31 22:40:00
demo_session_01141,followup_click_count,2020-01-31 22:39:00
demo_session_01143,followup_click_count,2020-01-31 02:44:00
demo_session_01144,followup_click_count,2020-03-02 20:40:00
demo_session_01144,followup_click_count,2020-03-02 20:39:00
demo_session_01144,followup_click_count,2020-03-02 20:38:00
demo_session_01145,followup_click_count,2020-02-24 05:04:00
demo_session_01148,followup_click_count,2020-02-28 04:09:00
demo_session_01152,followup_click_count,2020-03-28 09:37:00
demo_session_01153,followup_click_count,2020-04-11 21:44:00
demo_session_01155,followup_click_count,2020-04-15 21:36:00
demo_session_01157,followup_click_count,2020-04-14 18:20:00
demo_session_01160,followup_click_count,2020-02-19 00:43:00
demo_session_01160,followup_click_count,2020-02-19 00:42:00
demo_session_01162,followup_click_count,2020-03-25 18:14:00
demo_session_01165,followup_click_count,2020-02-25 12:06:00
demo_session_01166,followup_click_count,2020-04-15 03:50:00
demo_session_01166,followup_click_count,2020-04-15 03:49:00
demo_session_01167,followup_click_count,2020-02-26 22:12:00
demo_session_01167,followup_click_count,2020-02-26 22:11:00
demo_session_01168,followup_click_count,2020-04-07 04:44:00
demo_session_01169,followup_click_count,2020-01-31 11:49:00
demo_session_01173,followup_click_count,2020-02-23 20:57:00
demo_session_01174,followup_click_count,2020-01-01 03:48:00
demo_session_01174,followup_click_count,2020-01-01 03:47:00
demo_session_01175,followup_click_count,2020-04-26 22:59:00
demo_session_01177,followup_click_count,2020-01-21 15:17:00
demo_session_01178,followup_click_count,2020-04-07 08:16:00
demo_session_01180,followup_click_count,2020-04-01 14:35:00
demo_session_01183,followup_click_count,2020-01-26 20:46:00
demo_session_01185,followup_click_count,2020-04-29 00:40:00
demo_session_01186,followup_click_count,2020-03-01 12:21:00
demo_session_01188,followup_click_count,2020-03-14 13:09:00
demo_session_01191,followup_click_count,2020-03-18 03:04:00
demo_session_01191,followup_click_count,2020-03-18 03:03:00
demo_session_01192,followup_click_count,2020-01-03 23:04:00
demo_session_01192,followup_click_count,2020-01-03 23:03:00
demo_session_01195,followup_click_count,2020-01-26 01:23:00
demo_session_01195,followup_click_count,2020-01-26 01:22:00
demo_session_01196,followup_click_count,2020-02-26 11:52:00
demo_session_01198,followup_click_count,2020-03-07 11:53:00
demo_session_01199,followup_click_count,2020-02-04 08:41:00
demo_session_01203,followup_click_count,2020-04-07 23:42:00
demo_session_01203,followup_click_count,2020-04-07 23:41:00
demo_session_01204,followup_click_count,2020-01-03 13:16:00
demo_session_01205,followup_click_count,2020-02-01 12:12:00
demo_session_01206,followup_click_count,2020-01-22 16:36:00
demo_session_01207,followup_click_count,2020-03-15 13:24:00
demo_session_01208,followup_click_count,2020-02-11 01:40:00
demo_session_01209,followup_click_count,2020-03-26 00:24:00
demo_session_01209,followup_click_count,2020-03-26 00:23:00
demo_session_01210,followup_click_count,2020-04-23 01:22:00
demo_session_01210,followup_click_count,2020-04-23 01:21:00
demo_session_01210,followup_click_count,2020-04-23 01:20:00
demo_session_01214,followup_click_count,2020-02-28 16:49:00
demo_session_01215,followup_click_count,2020-02-13 01:22:00
demo_session_01220,followup_click_count,2020-02-24 18:53:00
demo_session_01220,followup_click_count,2020-02-24 18:52:00
demo_session_01223,followup_click_count,2020-02-28 14:22:00
demo_session_01223,followup_click_count,2020-02-28 14:21:00
demo_session_01225,followup_click_count,2020-03-31 06:26:00
demo_session_01227,followup_click_count,2020-02-17 07:33:00
demo_session_01227,followup_click_count,2020-02-17 07:32:00
demo_session_01229,followup_click_count,2020-04-23 10:50:00
demo_session_01231,followup_click_count,2020-01-27 03:48:00
demo_session_01231,followup_click_count,2020-01-27 03:47:00
demo_session_01232,followup_click_count,2020-02-11 12:54:00
demo_session_01234,followup_click_count,2020-02-23 06:12:00
demo_session_01237,followup_click_count,2020-03-06 04:35:00
demo_session_01239,followup_click_count,2020-04-23 15:10:00
demo_session_01240,followup_click_count,2020-02-05 08:48:00
demo_session_01242,followup_click_count,2020-01-20 08:18:00
demo_session_01242,followup_click_count,2020-01-20 08:17:00
demo_session_01243,followup_click_count,2020-02-15 07:33:00
demo_session_01244,followup_click_count,2020-04-26 22:15:00
demo_session_01245,followup_click_count,2020-03-12 11:32:00
demo_session_01245,followup_click_count,2020-03-12 11:31:00
demo_session_01247,followup_click_count,2020-03-12 13:31:00
demo_session_01247,followup_click_count,2020-03-12 13:30:00
demo_session_01249,followup_click_count,2020-04-04 11:48:00
demo_session_01250,followup_click_count,2020-02-11 03:15:00
demo_session_01251,followup_click_count,2020-04-05 08:11:00
demo_session_01253,followup_click_count,2020-01-02 07:17:00
demo_session_01253,followup_click_count,2020-01-02 07:16:00
demo_session_01253,followup_click_count,2020-01-02 07:15:00
demo_session_01257,followup_click_count,2020-03-27 03:26:00
demo_session_01263,followup_click_count,2020-04-18 20:18:00
demo_session_01265,followup_click_count,2020-03-29 14:03:00
demo_session_01268,followup_click_count,2020-04-07 21:57:00
demo_session_01269,followup_click_count,2020-02-06 15:01:00
demo_session_01271,followup_click_count,2020-03-26 06:05:00
demo_session_01272,followup_click_count,2020-01-15 07:24:00
demo_session_01272,followup_click_count,2020-01-15 07:23:00
demo_session_01273,followup_click_count,2020-04-20 02:49:00
demo_session_01273,followup_click_count,2020-04-20 02:48:00
demo_session_01274,followup_click_count,2020-02-16 03:31:00
demo_session_01274,followup_click_count,2020-02-16 03:30:00
demo_session_01275,followup_click_count,2020-02-28 20:44:00
demo_session_01277,followup_click_count,2020-04-15 12:04:00
demo_session_01278,followup_click_count,2020-04-02 09:51:00
demo_session_01278,followup_click_count,2020-04-02 09:50:00
demo_session_01279,followup_click_count,2020-02-15 20:28:00
demo_session_01280,followup_click_count,2020-03-30 23:56:00
demo_session_01288,followup_click_count,2020-01-11 01:05:00
demo_session_01292,followup_click_count,2020-02-07 17:09:00
demo_session_01292,followup_click_count,2020-02-07 17:08:00
demo_session_01294,followup_click_count,2020-04-14 03:11:00
demo_session_01295,followup_click_count,2020-01-11 16:27:00
demo_session_01298,followup_click_count,2020-01-11 02:38:00
demo_session_01301,followup_click_count,2020-02-10 22:31:00
demo_session_01303,followup_click_count,2020-04-22 14:22:00
demo_session_01307,followup_click_count,2020-03-24 04:43:00
demo_session_01308,followup_click_count,2020-04-22 22:43:00
demo_session_01308,followup_click_count,2020-04-22 22:42:00
demo_session_01312,followup_click_count,2020-02-24 07:00:00
demo_session_01313,followup_click_count,2020-04-17 20:09:00
demo_session_01315,followup_click_count,2020-03-17 02:47:00
demo_session_01316,followup_click_count,2020-01-12 12:13:00
demo_session_01318,followup_click_count,2020-03-26 18:32:00
demo_session_01319,followup_click_count,2020-02-12 21:28:00
demo_session_01319,followup_click_count,2020-02-12 21:27:00
demo_session_01324,followup_click_count,2020-04-12 18:42:00
demo_session_01330,followup_click_count,2020-02-25 15:45:00
demo_session_01332,followup_click_count,2020-02-07 01:08:00
demo_session_01333,followup_click_count,2020-01-16 23:00:00
demo_session_01333,followup_click_count,2020-01-16 22:59:00
demo_session_01334,followup_click_count,2020-01-23 09:47:00
demo_session_01336,followup_click_count,2020-01-27 23:30:00
demo_session_01336,followup_click_count,2020-01-27 23:29:00
demo_session_01339,followup_click_count,2020-02-19 05:54:00
demo_session_01339,followup_click_count,2020-02-19 05:53:00
demo_session_01342,followup_click_count,2020-01-02 12:37:00
demo_session_01344,followup_click_count,2020-03-23 21:23:00
demo_session_01348,followup_click_count,2020-01-27 03:12:00
demo_session_01348,followup_click_count,2020-01-27 03:11:00
demo_session_01349,followup_click_count,2020-04-21 06:29:00
demo_session_01350,followup_click_count,2020-03-10 21:31:00
demo_session_01353,followup_click_count,2020-02-29 09:09:00
demo_session_01354,followup_click_count,2020-03-28 08:44:00
demo_session_01355,followup_click_count,2020-02-19 14:46:00
demo_session_01355,followup_click_count,2020-02-19 14:45:00
demo_session_01355,followup_click_count,2020-02-19 14:44:00
demo_session_01356,followup_click_count,2020-04-25 06:02:00
demo_session_01356,followup_click_count,2020-04-25 06:01:00
demo_session_01357,followup_click_count,2020-04-09 12:39:00
demo_session_01359,followup_click_count,2020-04-10 20:13:00
demo_session_01361,followup_click_count,2020-03-11 16:01:00
demo_session_01361,followup_click_count,2020-03-11 16:00:00
demo_session_01364,followup_click_count,2020-02-21 12:45:00
demo_session_01367,followup_click_count,2020-01-27 04:53:00
demo_session_01368,followup_click_count,2020-02-21 04:45:00
demo_session_01369,followup_click_count,2020-01-06 23:55:00
demo_session_01369,followup_click_count,2020-01-06 23:54:00
demo_session_01369,followup_click_count,2020-01-06 23:53:00
demo_session_01370,followup_click_count,2020-01-08 00:33:00
demo_session_01372,followup_click_count,2020-02-03 08:58:00
demo_session_01373,followup_click_count,2020-03-21 07:19:00
demo_session_01374,followup_click_count,2020-04-01 04:32:00
demo_session_01375,followup_click_count,2020-03-20 19:56:00
demo_session_01376,followup_click_count,2020-02-20 12:15:00
demo_session_01376,followup_click_count,2020-02-20 12:14:00
demo_session_01376,followup_click_count,2020-02-20 12:13:00
demo_session_01376,followup_click_count,2020-02-20 12:12:00
demo_session_01378,followup_click_count,2020-04-03 22:38:00
demo_session_01378,followup_click_count,2020-04-03 22:37:00
demo_session_01381,followup_click_count,2020-01-30 01:02:00
demo_session_01384,followup_click_count,2020-01-09 11:44:00
demo_session_01389,followup_click_count,2020-04-02 04:01:00
demo_session_01390,followup_click_count,2020-03-31 00:23:00
demo_session_01392,followup_click_count,2020-04-26 05:24:00
demo_session_01393,followup_click_count,2020-01-11 01:39:00
demo_session_01393,followup_click_count,2020-01-11 01:38:00
demo_session_01394,followup_click_count,2020-03-03 19:19:00
demo_session_01394,followup_click_count,2020-03-03 19:18:00
demo_session_01395,followup_click_count,2020-04-07 16:22:00
demo_session_01395,followup_click_count,2020-04-07 16:21:00
demo_session_01399,followup_click_count,2020-02-06 03:46:00
demo_session_01399,followup_click_count,2020-02-06 03:45:00
demo_session_01400,followup_click_count,2020-04-27 13:36:00
demo_session_01401,followup_click_count,2020-03-28 02:15:00
demo_session_01403,followup_click_count,2020-04-28 17:19:00
demo_session_01405,followup_click_count,2020-02-15 12:42:00
demo_session_01406,followup_click_count,2020-02-23 07:27:00
demo_session_01409,followup_click_count,2020-02-01 07:10:00
demo_session_01410,followup_click_count,2020-03-21 11:43:00
demo_session_01410,followup_click_count,2020-03-21 11:42:00
demo_session_01411,followup_click_count,2020-01-25 14:27:00
demo_session_01412,followup_click_count,2020-01-18 02:16:00
demo_session_01417,followup_click_count,2020-03-27 20:33:00
demo_session_01418,followup_click_count,2020-03-05 22:50:00
demo_session_01418,followup_click_count,2020-03-05 22:49:00
demo_session_01422,followup_click_count,2020-04-06 05:45:00
demo_session_01425,followup_click_count,2020-04-11 14:11:00
demo_session_01427,followup_click_count,2020-02-05 21:00:00
demo_session_01431,followup_click_count,2020-02-23 04:00:00
demo_session_01435,followup_click_count,2020-02-14 19:41:00
demo_session_01435,followup_click_count,2020-02-14 19:40:00
demo_session_01435,followup_click_count,2020-02-14 19:39:00
demo_session_01435,followup_click_count,2020-02-14 19:38:00
demo_session_01438,followup_click_count,2020-03-06 17:36:00
demo_session_01438,followup_click_count,2020-03-06 17:35:00
demo_session_01438,followup_click_count,2020-03-06 17:34:00
demo_session_01439,followup_click_count,2020-03-18 07:42:00
demo_session_01447,followup_click_count,2020-04-23 09:15:00
demo_session_01450,followup_click_count,2020-01-12 01:44:00
demo_session_01452,followup_click_count,2020-01-23 00:35:00
demo_session_01454,followup_click_count,2020-02-09 03:56:00
demo_session_01455,followup_click_count,2020-01-16 10:24:00
demo_session_01459,followup_click_count,2020-01-26 00:44:00
demo_session_01459,followup_click_count,2020-01-26 00:43:00
demo_session_01460,followup_click_count,2020-01-05 12:56:00
demo_session_01462,followup_click_count,2020-04-17 05:12:00
demo_session_01462,followup_click_count,2020-04-17 05:11:00
demo_session_01465,followup_click_count,2020-03-25 16:39:00
demo_session_01467,followup_click_count,2020-03-31 09:52:00
demo_session_01467,followup_click_count,2020-03-31 09:51:00
demo_session_01468,followup_click_count,2020-03-31 11:40:00
demo_session_01468,followup_click_count,2020-03-31 11:39:00
demo_session_01469,followup_click_count,2020-03-29 22:11:00
demo_session_01472,followup_click_count,2020-02-17 05:29:00
demo_session_01473,followup_click_count,2020-03-13 20:14:00
demo_session_01473,followup_click_count,2020-03-13 20:13:00
demo_session_01474,followup_click_count,2020-01-13 20:52:00
demo_session_01478,followup_click_count,2020-03-13 15:22:00
demo_session_01480,followup_click_count,2020-02-06 08:24:00
demo_session_01486,followup_click_count,2020-01-06 06:56:00
demo_session_01487,followup_click_count,2020-03-19 07:07:00
demo_session_01489,followup_click_count,2020-01-18 18:53:00
demo_session_01490,followup_click_count,2020-02-02 23:21:00
demo_session_01494,followup_click_count,2020-01-13 16:01:00
demo_session_01495,followup_click_count,2020-04-10 17:58:00
demo_session_01497,followup_click_count,2020-01-11 14:36:00
demo_session_01498,followup_click_count,2020-02-02 20:34:00
demo_session_01500,followup_click_count,2020-02-24 20:13:00
demo_session_01506,followup_click_count,2020-02-16 07:01:00
demo_session_01507,followup_click_count,2020-02-28 05:20:00
demo_session_01507,followup_click_count,2020-02-28 05:19:00
demo_session_01507,followup_click_count,2020-02-28 05:18:00
demo_session_01508,followup_click_count,2020-02-04 04:32:00
demo_session_01510,followup_click_count,2020-01-11 05:24:00
demo_session_01511,followup_click_count,2020-04-05 17:23:00
demo_session_01512,followup_click_count,2020-01-16 19:01:00
demo_session_01514,followup_click_count,2020-04-01 11:07:00
demo_session_01514,followup_click_count,2020-04-01 11:06:00
demo_session_01522,followup_click_count,2020-01-04 03:51:00
demo_session_01523,followup_click_count,2020-03-07 02:22:00
demo_session_01523,followup_click_count,2020-03-07 02:21:00
demo_session_01524,followup_click_count,2020-04-25 01:50:00
demo_session_01529,followup_click_count,2020-02-19 22:51:00
demo_session_01534,followup_click_count,2020-04-21 19:01:00
demo_session_01537,followup_click_count,2020-04-11 12:51:00
demo_session_01538,followup_click_count,2020-03-02 06:25:00
demo_session_01539,followup_click_count,2020-03-31 23:33:00
demo_session_01541,followup_click_count,2020-03-18 04:39:00
demo_session_01541,followup_click_count,2020-03-18 04:38:00
demo_session_01544,followup_click_count,2020-03-12 23:16:00
demo_session_01545,followup_click_count,2020-01-22 00:53:00
demo_session_01545,followup_click_count,2020-01-22 00:52:00
demo_session_01546,followup_click_count,2020-01-14 06:46:00
demo_session_01547,followup_click_count,2020-04-22 02:10:00
demo_session_01548,followup_click_count,2020-01-13 16:57:00
demo_session_01550,followup_click_count,2020-04-28 05:08:00
demo_session_01552,followup_click_count,2020-04-10 16:41:00
demo_session_01554,followup_click_count,2020-02-27 06:24:00
demo_session_01554,followup_click_count,2020-02-27 06:23:00
demo_session_01556,followup_click_count,2020-04-17 15:59:00
demo_session_01556,followup_click_count,2020-04-17 15:58:00
demo_session_01557,followup_click_count,2020-03-09 07:36:00
demo_session_01562,followup_click_count,2020-03-13 02:43:00
demo_session_01563,followup_click_count,2020-02-21 04:15:00
demo_session_01566,followup_click_count,2020-03-16 14:05:00
demo_session_01570,followup_click_count,2020-04-25 19:26:00
demo_session_01573,followup_click_count,2020-04-19 23:00:00
demo_session_01576,followup_click_count,2020-04-06 00:03:00
demo_session_01577,followup_click_count,2020-04-23 18:49:00
demo_session_01578,followup_click_count,2020-03-09 03:40:00
demo_session_01581,followup_click_count,2020-01-28 07:05:00
demo_session_01581,followup_click_count,2020-01-28 07:04:00
demo_session_01583,followup_click_count,2020-01-11 12:35:00
demo_session_01586,followup_click_count,2020-02-16 07:14:00
demo_session_01590,followup_click_count,2020-04-06 00:35:00
demo_session_01590,followup_click_count,2020-04-06 00:34:00
demo_session_01591,followup_click_count,2020-02-23 19:46:00
demo_session_01592,followup_click_count,2020-01-19 20:07:00
demo_session_01593,followup_click_count,2020-03-23 03:02:00
demo_session_01594,followup_click_count,2020-02-17 03:12:00
demo_session_01595,followup_click_count,2020-03-17 17:42:00
demo_session_01596,followup_click_count,2020-03-31 13:42:00
demo_session_01600,followup_click_count,2020-02-15 17:27:00
demo_session_01601,followup_click_count,2020-04-28 09:25:00
demo_session_01602,followup_click_count,2020-03-02 18:33:00
demo_session_01602,followup_click_count,2020-03-02 18:32:00
demo_session_01602,followup_click_count,2020-03-02 18:31:00
demo_session_01604,followup_click_count,2020-02-09 17:20:00
demo_session_01605,followup_click_count,2020-04-18 22:04:00
demo_session_01605,followup_click_count,2020-04-18 22:03:00
demo_session_01606,followup_click_count,2020-04-22 19:05:00
demo_session_01607,followup_click_count,2020-04-24 04:57:00
demo_session_01608,followup_click_count,2020-02-16 13:58:00
demo_session_01609,followup_click_count,2020-04-13 03:51:00
demo_session_01610,followup_click_count,2020-03-21 15:40:00
demo_session_01612,followup_click_count,2020-04-20 01:37:00
demo_session_01612,followup_click_count,2020-04-20 01:36:00
demo_session_01614,followup_click_count,2020-03-04 21:47:00
demo_session_01618,followup_click_count,2020-02-16 03:15:00
demo_session_01625,followup_click_count,2020-04-08 02:03:00
demo_session_01627,followup_click_count,2020-02-17 06:14:00
demo_session_01627,followup_click_count,2020-02-17 06:13:00
demo_session_01627,followup_click_count,2020-02-17 06:12:00
demo_session_01628,followup_click_count,2020-04-11 15:11:00
demo_session_01629,followup_click_count,2020-04-23 23:29:00
demo_session_01633,followup_click_count,2020-04-06 12:18:00
demo_session_01635,followup_click_count,2020-01-14 11:22:00
demo_session_01636,followup_click_count,2020-01-25 12:04:00
demo_session_01636,followup_click_count,2020-01-25 12:03:00
demo_session_01636,followup_click_count,2020-01-25 12:02:00
demo_session_01638,followup_click_count,2020-04-02 03:03:00
demo_session_01641,followup_click_count,2020-04-11 06:24:00
demo_session_01641,followup_click_count,2020-04-11 06:23:00
demo_session_01643,followup_click_count,2020-01-04 13:22:00
demo_session_01646,followup_click_count,2020-02-13 20:51:00
demo_session_01646,followup_click_count,2020-02-13 20:50:00
demo_session_01649,followup_click_count,2020-03-29 12:44:00
demo_session_01649,followup_click_count,2020-03-29 12:43:00
demo_session_01651,followup_click_count,2020-04-17 22:18:00
demo_session_01653,followup_click_count,2020-03-20 23:29:00
demo_session_01656,followup_click_count,2020-04-04 15:49:00
demo_session_01656,followup_click_count,2020-04-04 15:48:00
demo_session_01656,followup_click_count,2020-04-04 15:47:00
demo_session_01656,followup_click_count,2020-04-04 15:46:00
demo_session_01657,followup_click_count,2020-02-04 18:31:00
demo_session_01658,followup_click_count,2020-03-23 09:45:00
demo_session_01666,followup_click_count,2020-04-16 19:06:00
demo_session_01667,followup_click_count,2020-02-14 01:42:00
demo_session_01668,followup_click_count,2020-02-10 05:37:00
demo_session_01668,followup_click_count,2020-02-10 05:36:00
demo_session_01668,followup_click_count,2020-02-10 05:35:00
demo_session_01672,followup_click_count,2020-02-28 07:05:00
demo_session_01672,followup_click_count,2020-02-28 07:04:00
demo_session_01681,followup_click_count,2020-02-09 14:23:00
demo_session_01682,followup_click_count,2020-01-29 06:31:00
demo_session_01683,followup_click_count,2020-03-05 14:50:00
demo_session_01684,followup_click_count,2020-04-29 21:47:00
demo_session_01686,followup_click_count,2020-03-10 11:16:00
demo_session_01686,followup_click_count,2020-03-10 11:15:00
demo_session_01689,followup_click_count,2020-04-05 16:55:00
demo_session_01690,followup_click_count,2020-01-07 20:07:00
demo_session_01692,followup_click_count,2020-04-15 18:16:00
demo_session_01694,followup_click_count,2020-02-18 10:05:00
demo_session_01694,followup_click_count,2020-02-18 10:04:00
demo_session_01694,followup_click_count,2020-02-18 10:03:00
demo_session_01695,followup_click_count,2020-03-03 20:35:00
demo_session_01696,followup_click_count,2020-01-16 03:08:00
demo_session_01696,followup_click_count,2020-01-16 03:07:00
demo_session_01698,followup_click_count,2020-03-16 17:41:00
demo_session_01699,followup_click_count,2020-03-02 09:15:00
demo_session_01699,followup_click_count,2020-03-02 09:14:00
demo_session_01700,followup_click_count,2020-03-14 10:11:00
demo_session_01704,followup_click_count,2020-02-27 16:39:00
demo_session_01704,followup_click_count,2020-02-27 16:38:00
demo_session_01704,followup_click_count,2020-02-27 16:37:00
demo_session_01709,followup_click_count,2020-03-10 13:38:00
demo_session_01710,followup_click_count,2020-01-03 23:04:00
demo_session_01711,followup_click_count,2020-04-11 12:37:00
demo_session_01715,followup_click_count,2020-02-02 22:26:00
demo_session_01718,followup_click_count,2020-04-15 01:54:00
demo_session_01718,followup_click_count,2020-04-15 01:53:00
demo_session_01718,followup_click_count,2020-04-15 01:52:00
demo_session_01721,followup_click_count,2020-02-04 22:39:00
demo_session_01721,followup_click_count,2020-02-04 22:38:00
demo_session_01723,followup_click_count,2020-02-10 15:00:00
demo_session_01725,followup_click_count,2020-01-29 04:13:00
demo_session_01725,followup_click_count,2020-01-29 04:12:00
demo_session_01732,followup_click_count,2020-03-27 01:25:00
demo_session_01732,followup_click_count,2020-03-27 01:24:00
demo_session_01732,followup_click_count,2020-03-27 01:23:00
demo_session_01734,followup_click_count,2020-01-02 19:55:00
demo_session_01739,followup_click_count,2020-04-18 01:56:00
demo_session_01739,followup_click_count,2020-04-18 01:55:00
demo_session_01739,followup_click_count,2020-04-18 01:54:00
demo_session_01740,followup_click_count,2020-04-27 04:25:00
demo_session_01740,followup_click_count,2020-04-27 04:24:00
demo_session_01742,followup_click_count,2020-01-26 14:02:00
demo_session_01744,followup_click_count,2020-02-12 16:42:00
demo_session_01745,followup_click_count,2020-03-07 21:14:00
demo_session_01746,followup_click_count,2020-01-24 18:41:00
demo_session_01746,followup_click_count,2020-01-24 18:40:00
demo_session_01746,followup_click_count,2020-01-24 18:39:00
demo_session_01748,followup_click_count,2020-02-27 13:29:00
demo_session_01749,followup_click_count,2020-03-29 15:17:00
demo_session_01749,followup_click_count,2020-03-29 15:16:00
demo_session_01750,followup_click_count,2020-04-17 23:19:00
demo_session_01754,followup_click_count,2020-01-02 23:34:00
demo_session_01754,followup_click_count,2020-01-02 23:33:00
demo_session_01755,followup_click_count,2020-03-09 16:12:00
demo_session_01756,followup_click_count,2020-04-02 02:59:00
demo_session_01757,followup_click_count,2020-01-13 11:58:00
demo_session_01758,followup_click_count,2020-03-21 04:18:00
demo_session_01758,followup_click_count,2020-03-21 04:17:00
demo_session_01758,followup_click_count,2020-03-21 04:16:00
demo_session_01758,followup_click_count,2020-03-21 04:15:00
demo_session_01762,followup_click_count,2020-01-18 07:43:00
demo_session_01763,followup_click_count,2020-01-09 04:08:00
demo_session_01766,followup_click_count,2020-02-04 15:33:00
demo_session_01769,followup_click_count,2020-02-12 17:50:00
demo_session_01771,followup_click_count,2020-01-20 02:22:00
demo_session_01771,followup_click_count,2020-01-20 02:21:00
demo_session_01772,followup_click_count,2020-01-22 23:04:00
demo_session_01777,followup_click_count,2020-03-07 23:24:00
demo_session_01778,followup_click_count,2020-01-20 13:40:00
demo_session_01780,followup_click_count,2020-03-07 07:48:00
demo_session_01780,followup_click_count,2020-03-07 07:47:00
demo_session_01781,followup_click_count,2020-04-24 23:07:00
demo_session_01783,followup_click_count,2020-01-08 05:07:00
demo_session_01783,followup_click_count,2020-01-08 05:06:00
demo_session_01786,followup_click_count,2020-01-21 23:38:00
demo_session_01788,followup_click_count,2020-03-22 14:13:00
demo_session_01789,followup_click_count,2020-02-21 05:59:00
demo_session_01792,followup_click_count,2020-04-21 19:55:00
demo_session_01792,followup_click_count,2020-04-21 19:54:00
demo_session_01792,followup_click_count,2020-04-21 19:53:00
demo_session_01793,followup_click_count,2020-02-19 04:24:00
demo_session_01793,followup_click_count,2020-02-19 04:23:00
demo_session_01794,followup_click_count,2020-03-05 01:18:00
demo_session_01795,followup_click_count,2020-04-07 22:37:00
demo_session_01796,followup_click_count,2020-02-28 23:53:00
demo_session_01799,followup_click_count,2020-04-19 23:44:00
demo_session_01800,followup_click_count,2020-01-09 08:55:00
demo_session_01803,followup_click_count,2020-03-02 13:23:00
demo_session_01808,followup_click_count,2020-01-26 04:16:00
demo_session_01808,followup_click_count,2020-01-26 04:15:00
demo_session_01810,followup_click_count,2020-01-08 15:53:00
demo_session_01810,followup_click_count,2020-01-08 15:52:00
demo_session_01813,followup_click_count,2020-01-14 23:50:00
demo_session_01813,followup_click_count,2020-01-14 23:49:00
demo_session_01813,followup_click_count,2020-01-14 23:48:00
demo_session_01813,followup_click_count,2020-01-14 23:47:00
demo_session_01814,followup_click_count,2020-02-09 10:50:00
demo_session_01816,followup_click_count,2020-04-23 09:01:00
demo_session_01816,followup_click_count,2020-04-23 09:00:00
demo_session_01823,followup_click_count,2020-03-20 15:02:00
demo_session_01824,followup_click_count,2020-03-25 08:43:00
demo_session_01826,followup_click_count,2020-02-15 04:29:00
demo_session_01828,followup_click_count,2020-03-05 08:47:00
demo_session_01829,followup_click_count,2020-02-09 15:25:00
demo_session_01829,followup_click_count,2020-02-09 15:24:00
demo_session_01830,followup_click_count,2020-01-08 01:44:00
demo_session_01830,followup_click_count,2020-01-08 01:43:00
demo_session_01830,followup_click_count,2020-01-08 01:42:00
demo_session_01834,followup_click_count,2020-02-10 14:43:00
demo_session_01834,followup_click_count,2020-02-10 14:42:00
demo_session_01835,followup_click_count,2020-03-06 12:10:00
demo_session_01836,followup_click_count,2020-01-22 06:23:00
demo_session_01837,followup_click_count,2020-01-16 13:25:00
demo_session_01841,followup_click_count,2020-03-01 01:11:00
demo_session_01841,followup_click_count,2020-03-01 01:10:00
demo_session_01844,followup_click_count,2020-02-06 00:32:00
demo_session_01847,followup_click_count,2020-03-26 02:28:00
demo_session_01848,followup_click_count,2020-03-13 15:19:00
demo_session_01852,followup_click_count,2020-03-21 04:46:00
demo_session_01855,followup_click_count,2020-01-01 00:44:00
demo_session_01855,followup_click_count,2020-01-01 00:43:00
demo_session_01861,followup_click_count,2020-03-09 10:00:00
demo_session_01865,followup_click_count,2020-01-23 05:17:00
demo_session_01866,followup_click_count,2020-02-05 14:34:00
demo_session_01871,followup_click_count,2020-02-19 18:24:00
demo_session_01871,followup_click_count,2020-02-19 18:23:00
demo_session_01871,followup_click_count,2020-02-19 18:22:00
demo_session_01872,followup_click_count,2020-01-25 02:06:00
demo_session_01873,followup_click_count,2020-02-05 07:23:00
demo_session_01875,followup_click_count,2020-04-10 10:30:00
demo_session_01883,followup_click_count,2020-01-23 00:03:00
demo_session_01890,followup_click_count,2020-03-03 02:55:00
demo_session_01890,followup_click_count,2020-03-03 02:54:00
demo_session_01891,followup_click_count,2020-01-09 10:02:00
demo_session_01893,followup_click_count,2020-04-25 15:12:00
demo_session_01897,followup_click_count,2020-01-08 00:49:00
demo_session_01897,followup_click_count,2020-01-08 00:48:00
demo_session_01898,followup_click_count,2020-04-07 12:34:00
demo_session_01899,followup_click_count,2020-04-01 18:51:00
demo_session_01900,followup_click_count,2020-02-09 17:21:00
demo_session_01906,followup_click_count,2020-02-23 07:01:00
demo_session_01907,followup_click_count,2020-01-09 05:35:00
demo_session_01910,followup_click_count,2020-01-26 11:01:00
demo_session_01911,followup_click_count,2020-02-28 16:30:00
demo_session_01912,followup_click_count,2020-04-13 12:52:00
demo_session_01913,followup_click_count,2020-02-20 15:03:00
demo_session_01915,followup_click_count,2020-03-07 21:47:00
demo_session_01917,followup_click_count,2020-03-28 10:26:00
demo_session_01922,followup_click_count,2020-03-30 17:29:00
demo_session_01923,followup_click_count,2020-02-02 16:26:00
demo_session_01924,followup_click_count,2020-04-12 06:08:00
demo_session_01927,followup_click_count,2020-01-07 02:56:00
demo_session_01931,followup_click_count,2020-01-21 17:35:00
demo_session_01933,followup_click_count,2020-03-26 22:53:00
demo_session_01934,followup_click_count,2020-03-12 15:12:00
demo_session_01935,followup_click_count,2020-01-06 01:30:00
demo_session_01937,followup_click_count,2020-01-08 04:25:00
demo_session_01939,followup_click_count,2020-02-04 03:53:00
demo_session_01941,followup_click_count,2020-02-22 14:35:00
demo_session_01944,followup_click_count,2020-04-29 10:39:00
demo_session_01944,followup_click_count,2020-04-29 10:38:00
demo_session_01944,followup_click_count,2020-04-29 10:37:00
demo_session_01947,followup_click_count,2020-04-26 19:18:00
demo_session_01947,followup_click_count,2020-04-26 19:17:00
demo_session_01954,followup_click_count,2020-02-07 03:12:00
demo_session_01955,followup_click_count,2020-03-28 16:13:00
demo_session_01958,followup_click_count,2020-03-19 12:01:00
demo_session_01960,followup_click_count,2020-01-16 16:35:00
demo_session_01961,followup_click_count,2020-02-27 04:41:00
demo_session_01963,followup_click_count,2020-02-10 23:55:00
demo_session_01973,followup_click_count,2020-03-31 02:03:00
demo_session_01973,followup_click_count,2020-03-31 02:02:00
demo_session_01975,followup_click_count,2020-01-16 02:14:00
demo_session_01977,followup_click_count,2020-03-15 00:43:00
demo_session_01978,followup_click_count,2020-01-17 21:48:00
demo_session_01980,followup_click_count,2020-01-04 20:31:00
demo_session_01980,followup_click_count,2020-01-04 20:30:00
demo_session_01981,followup_click_count,2020-01-03 18:11:00
demo_session_01981,followup_click_count,2020-01-03 18:10:00
demo_session_01986,followup_click_count,2020-03-19 21:04:00
demo_session_01986,followup_click_count,2020-03-19 21:03:00
demo_session_01988,followup_click_count,2020-01-15 08:49:00
demo_session_01988,followup_click_count,2020-01-15 08:48:00
demo_session_01988,followup_click_count,2020-01-15 08:47:00
demo_session_01990,followup_click_count,2020-02-07 02:09:00
demo_session_01991,followup_click_count,2020-03-23 19:23:00
demo_session_01993,followup_click_count,2020-03-31 12:56:00
demo_session_01993,followup_click_count,2020-03-31 12:55:00
demo_session_01994,followup_click_count,2020-02-03 20:26:00
demo_session_01995,followup_click_count,2020-01-26 09:37:00
demo_session_01995,followup_click_count,2020-01-26 09:36:00
demo_session_01996,followup_click_count,2020-01-09 21:39:00
demo_session_01996,followup_click_count,2020-01-09 21:38:00
demo_session_01999,followup_click_count,2020-03-14 16:16:00
demo_session_01999,followup_click_count,2020-03-14 16:15:00
demo_session_02003,followup_click_count,2020-04-13 12:35:00
demo_session_02003,followup_click_count,2020-04-13 12:34:00
demo_session_02004,followup_click_count,2020-02-04 17:23:00
demo_session_02004,followup_click_count,2020-02-04 17:22:00
demo_session_02005,followup_click_count,2020-01-07 16:33:00
demo_session_02006,followup_click_count,2020-04-10 17:18:00
demo_session_02008,followup_click_count,2020-03-23 15:48:00
demo_session_02014,followup_click_count,2020-04-12 04:41:00
demo_session_02015,followup_click_count,2020-01-03 00:48:00
demo_session_02020,followup_click_count,2020-01-11 15:05:00
demo_session_02023,followup_click_count,2020-01-27 00:55:00
demo_session_02025,followup_click_count,2020-02-10 23:58:00
demo_session_02025,followup_click_count,2020-02-10 23:57:00
demo_session_02025,followup_click_count,2020-02-10 23:56:00
demo_session_02029,followup_click_count,2020-04-16 13:03:00
demo_session_02030,followup_click_count,2020-04-04 04:02:00
demo_session_02031,followup_click_count,2020-04-02 05:51:00
demo_session_02034,followup_click_count,2020-02-10 22:12:00
demo_session_02035,followup_click_count,2020-03-27 09:42:00
demo_session_02035,followup_click_count,2020-03-27 09:41:00
demo_session_02035,followup_click_count,2020-03-27 09:40:00
demo_session_02037,followup_click_count,2020-02-09 15:23:00
demo_session_02037,followup_click_count,2020-02-09 15:22:00
demo_session_02037,followup_click_count,2020-02-09 15:21:00
demo_session_02041,followup_click_count,2020-03-04 13:44:00
demo_session_02043,followup_click_count,2020-02-12 19:11:00
demo_session_02043,followup_click_count,2020-02-12 19:10:00
demo_session_02043,followup_click_count,2020-02-12 19:09:00
demo_session_02044,followup_click_count,2020-03-26 10:07:00
demo_session_02044,followup_click_count,2020-03-26 10:06:00
demo_session_02049,followup_click_count,2020-03-26 13:22:00
demo_session_02051,followup_click_count,2020-02-05 22:42:00
demo_session_02053,followup_click_count,2020-02-25 11:14:00
demo_session_02055,followup_click_count,2020-04-27 10:23:00
demo_session_02055,followup_click_count,2020-04-27 10:22:00
demo_session_02056,followup_click_count,2020-02-20 17:40:00
demo_session_02056,followup_click_count,2020-02-20 17:39:00
demo_session_02057,followup_click_count,2020-01-26 20:50:00
demo_session_02057,followup_click_count,2020-01-26 20:49:00
demo_session_02060,followup_click_count,2020-03-05 10:26:00
demo_session_02060,followup_click_count,2020-03-05 10:25:00
demo_session_02061,followup_click_count,2020-01-26 04:14:00
demo_session_02063,followup_click_count,2020-02-12 04:18:00
demo_session_02063,followup_click_count,2020-02-12 04:17:00
demo_session_02063,followup_click_count,2020-02-12 04:16:00
demo_session_02063,followup_click_count,2020-02-12 04:15:00
demo_session_02064,followup_click_count,2020-01-29 20:23:00
demo_session_02067,followup_click_count,2020-04-27 15:02:00
demo_session_02068,followup_click_count,2020-04-19 08:27:00
demo_session_02068,followup_click_count,2020-04-19 08:26:00
demo_session_02070,followup_click_count,2020-01-21 13:53:00
demo_session_02070,followup_click_count,2020-01-21 13:52:00
demo_session_02071,followup_click_count,2020-03-26 19:03:00
demo_session_02072,followup_click_count,2020-01-02 15:17:00
demo_session_02073,followup_click_count,2020-03-27 11:06:00
demo_session_02073,followup_click_count,2020-03-27 11:05:00
demo_session_02076,followup_click_count,2020-02-25 15:37:00
demo_session_02078,followup_click_count,2020-01-24 18:51:00
demo_session_02078,followup_click_count,2020-01-24 18:50:00
demo_session_02078,followup_click_count,2020-01-24 18:49:00
demo_session_02079,followup_click_count,2020-03-05 17:53:00
demo_session_02079,followup_click_count,2020-03-05 17:52:00
demo_session_02083,followup_click_count,2020-04-24 00:51:00
demo_session_02084,followup_click_count,2020-03-08 20:16:00
demo_session_02084,followup_click_count,2020-03-08 20:15:00
demo_session_02089,followup_click_count,2020-03-29 05:27:00
demo_session_02090,followup_click_count,2020-03-11 07:22:00
demo_session_02091,followup_click_count,2020-01-29 01:17:00
demo_session_02094,followup_click_count,2020-03-01 14:37:00
demo_session_02095,followup_click_count,2020-02-02 02:38:00
demo_session_02096,followup_click_count,2020-03-28 17:09:00
demo_session_02097,followup_click_count,2020-03-10 09:25:00
demo_session_02097,followup_click_count,2020-03-10 09:24:00
demo_session_02098,followup_click_count,2020-01-18 16:40:00
demo_session_02105,followup_click_count,2020-01-29 03:01:00
demo_session_02107,followup_click_count,2020-03-02 08:57:00
demo_session_02107,followup_click_count,2020-03-02 08:56:00
demo_session_02108,followup_click_count,2020-02-03 17:05:00
demo_session_02108,followup_click_count,2020-02-03 17:04:00
demo_session_02109,followup_click_count,2020-02-25 03:31:00
demo_session_02112,followup_click_count,2020-04-13 06:56:00
demo_session_02113,followup_click_count,2020-01-30 10:29:00
demo_session_02119,followup_click_count,2020-04-08 15:58:00
demo_session_02122,followup_click_count,2020-01-15 20:28:00
demo_session_02128,followup_click_count,2020-04-08 07:17:00
demo_session_02130,followup_click_count,2020-02-04 16:29:00
demo_session_02131,followup_click_count,2020-03-21 10:01:00
demo_session_02131,followup_click_count,2020-03-21 10:00:00
demo_session_02132,followup_click_count,2020-03-17 09:45:00
demo_session_02143,followup_click_count,2020-03-04 13:05:00
demo_session_02144,followup_click_count,2020-01-28 18:22:00
demo_session_02145,followup_click_count,2020-03-05 12:53:00
demo_session_02148,followup_click_count,2020-03-21 12:44:00
demo_session_02148,followup_click_count,2020-03-21 12:43:00
demo_session_02150,followup_click_count,2020-01-09 05:14:00
demo_session_02150,followup_click_count,2020-01-09 05:13:00
demo_session_02151,followup_click_count,2020-01-01 10:35:00
demo_session_02154,followup_click_count,2020-01-11 08:24:00
demo_session_02154,followup_click_count,2020-01-11 08:23:00
demo_session_02154,followup_click_count,2020-01-11 08:22:00
demo_session_02156,followup_click_count,2020-02-08 17:01:00
demo_session_02158,followup_click_count,2020-04-25 06:12:00
demo_session_02158,followup_click_count,2020-04-25 06:11:00
demo_session_02159,followup_click_count,2020-01-02 03:25:00
demo_session_02161,followup_click_count,2020-03-13 02:28:00
demo_session_02162,followup_click_count,2020-02-10 07:54:00
demo_session_02163,followup_click_count,2020-01-01 09:40:00
demo_session_02165,followup_click_count,2020-03-15 17:41:00
demo_session_02167,followup_click_count,2020-02-19 09:22:00
demo_session_02168,followup_click_count,2020-04-04 17:28:00
demo_session_02169,followup_click_count,2020-02-22 03:12:00
demo_session_02169,followup_click_count,2020-02-22 03:11:00
demo_session_02170,followup_click_count,2020-03-21 13:47:00
demo_session_02171,followup_click_count,2020-04-26 02:24:00
demo_session_02172,followup_click_count,2020-04-07 11:54:00
demo_session_02174,followup_click_count,2020-04-09 07:06:00
demo_session_02180,followup_click_count,2020-02-21 07:05:00
demo_session_02182,followup_click_count,2020-01-09 20:05:00
demo_session_02185,followup_click_count,2020-04-11 23:11:00
demo_session_02185,followup_click_count,2020-04-11 23:10:00
demo_session_02185,followup_click_count,2020-04-11 23:09:00
demo_session_02187,followup_click_count,2020-02-17 20:43:00
demo_session_02188,followup_click_count,2020-01-07 00:04:00
demo_session_02188,followup_click_count,2020-01-07 00:03:00
demo_session_02188,followup_click_count,2020-01-07 00:02:00
demo_session_02189,followup_click_count,2020-03-24 12:21:00
demo_session_02190,followup_click_count,2020-03-05 08:28:00
demo_session_02192,followup_click_count,2020-01-03 03:15:00
demo_session_02194,followup_click_count,2020-03-31 17:40:00
demo_session_02194,followup_click_count,2020-03-31 17:39:00
demo_session_02195,followup_click_count,2020-04-19 21:56:00
demo_session_02196,followup_click_count,2020-02-12 03:02:00
demo_session_02196,followup_click_count,2020-02-12 03:01:00
demo_session_02197,followup_click_count,2020-01-31 05:32:00
demo_session_02198,followup_click_count,2020-03-25 17:31:00
demo_session_02203,followup_click_count,2020-01-23 19:57:00
demo_session_02206,followup_click_count,2020-02-04 16:02:00
demo_session_02207,followup_click_count,2020-02-10 18:14:00
demo_session_02217,followup_click_count,2020-01-12 07:17:00
demo_session_02219,followup_click_count,2020-02-10 13:35:00
demo_session_02221,followup_click_count,2020-03-31 00:09:00
demo_session_02222,followup_click_count,2020-04-13 09:32:00
demo_session_02223,followup_click_count,2020-04-18 22:18:00
demo_session_02225,followup_click_count,2020-03-17 01:24:00
demo_session_02228,followup_click_count,2020-04-05 18:12:00
demo_session_02228,followup_click_count,2020-04-05 18:11:00
demo_session_02229,followup_click_count,2020-02-15 12:08:00
demo_session_02229,followup_click_count,2020-02-15 12:07:00
demo_session_02231,followup_click_count,2020-02-27 08:46:00
demo_session_02234,followup_click_count,2020-02-06 09:55:00
demo_session_02235,followup_click_count,2020-01-07 14:53:00
demo_session_02238,followup_click_count,2020-02-26 11:37:00
demo_session_02238,followup_click_count,2020-02-26 11:36:00
demo_session_02239,followup_click_count,2020-03-15 02:06:00
demo_session_02239,followup_click_count,2020-03-15 02:05:00
demo_session_02240,followup_click_count,2020-02-25 08:00:00
demo_session_02242,followup_click_count,2020-02-03 06:59:00
demo_session_02252,followup_click_count,2020-01-01 19:54:00
demo_session_02252,followup_click_count,2020-01-01 19:53:00
demo_session_02253,followup_click_count,2020-04-10 19:50:00
demo_session_02254,followup_click_count,2020-01-05 21:49:00
demo_session_02255,followup_click_count,2020-04-10 17:49:00
demo_session_02258,followup_click_count,2020-04-28 02:16:00
demo_session_02259,followup_click_count,2020-02-24 22:26:00
demo_session_02259,followup_click_count,2020-02-24 22:25:00
demo_session_02260,followup_click_count,2020-03-18 00:01:00
demo_session_02260,followup_click_count,2020-03-18 00:00:00
demo_session_02261,followup_click_count,2020-03-15 20:50:00
demo_session_02262,followup_click_count,2020-01-02 09:51:00
demo_session_02263,followup_click_count,2020-04-12 22:11:00
demo_session_02263,followup_click_count,2020-04-12 22:10:00
demo_session_02263,followup_click_count,2020-04-12 22:09:00
demo_session_02264,followup_click_count,2020-03-25 14:29:00
demo_session_02264,followup_click_count,2020-03-25 14:28:00
demo_session_02266,followup_click_count,2020-01-26 18:21:00
demo_session_02266,followup_click_count,2020-01-26 18:20:00
demo_session_02268,followup_click_count,2020-04-27 18:46:00
demo_session_02271,followup_click_count,2020-03-08 18:17:00
demo_session_02272,followup_click_count,2020-04-04 15:41:00
demo_session_02272,followup_click_count,2020-04-04 15:40:00
demo_session_02274,followup_click_count,2020-01-13 13:04:00
demo_session_02274,followup_click_count,2020-01-13 13:03:00
demo_session_02275,followup_click_count,2020-03-20 05:37:00
demo_session_02275,followup_click_count,2020-03-20 05:36:00
demo_session_02278,followup_click_count,2020-03-15 16:00:00
demo_session_02278,followup_click_count,2020-03-15 15:59:00
demo_session_02280,followup_click_count,2020-02-10 23:41:00
demo_session_02286,followup_click_count,2020-03-26 22:30:00
demo_session_02286,followup_click_count,2020-03-26 22:29:00
demo_session_02288,followup_click_count,2020-03-08 19:45:00
demo_session_02289,followup_click_count,2020-01-21 03:23:00
demo_session_02289,followup_click_count,2020-01-21 03:22:00
demo_session_02290,followup_click_count,2020-01-19 07:50:00
demo_session_02293,followup_click_count,2020-03-09 05:56:00
demo_session_02293,followup_click_count,2020-03-09 05:55:00
demo_session_02295,followup_click_count,2020-02-08 07:13:00
demo_session_02295,followup_click_count,2020-02-08 07:12:00
demo_session_02296,followup_click_count,2020-03-21 11:48:00
demo_session_02297,followup_click_count,2020-03-19 05:03:00
demo_session_02300,followup_click_count,2020-03-11 10:32:00
demo_session_02300,followup_click_count,2020-03-11 10:31:00
demo_session_02302,followup_click_count,2020-01-14 12:49:00
demo_session_02302,followup_click_count,2020-01-14 12:48:00
demo_session_02302,followup_click_count,2020-01-14 12:47:00
demo_session_02304,followup_click_count,2020-03-24 11:46:00
demo_session_02305,followup_click_count,2020-01-03 11:47:00
demo_session_02305,followup_click_count,2020-01-03 11:46:00
demo_session_02305,followup_click_count,2020-01-03 11:45:00
demo_session_02309,followup_click_count,2020-04-06 04:43:00
demo_session_02309,followup_click_count,2020-04-06 04:42:00
demo_session_02309,followup_click_count,2020-04-06 04:41:00
demo_session_02310,followup_click_count,2020-01-29 14:18:00
demo_session_02311,followup_click_count,2020-03-01 14:38:00
demo_session_02313,followup_click_count,2020-04-29 00:56:00
demo_session_02315,followup_click_count,2020-01-27 10:12:00
demo_session_02315,followup_click_count,2020-01-27 10:11:00
demo_session_02315,followup_click_count,2020-01-27 10:10:00
demo_session_02317,followup_click_count,2020-03-30 06:37:00
demo_session_02319,followup_click_count,2020-04-02 08:09:00
demo_session_02320,followup_click_count,2020-04-28 11:10:00
demo_session_02321,followup_click_count,2020-04-09 16:50:00
demo_session_02321,followup_click_count,2020-04-09 16:49:00
demo_session_02321,followup_click_count,2020-04-09 16:48:00
demo_session_02322,followup_click_count,2020-03-01 04:38:00
demo_session_02324,followup_click_count,2020-03-16 00:08:00
demo_session_02324,followup_click_count,2020-03-16 00:07:00
demo_session_02326,followup_click_count,2020-02-07 01:38:00
demo_session_02327,followup_click_count,2020-01-11 23:01:00
demo_session_02331,followup_click_count,2020-04-12 23:56:00
demo_session_02334,followup_click_count,2020-01-01 21:52:00
demo_session_02335,followup_click_count,2020-03-06 12:56:00
demo_session_02337,followup_click_count,2020-01-04 01:03:00
demo_session_02338,followup_click_count,2020-01-19 13:43:00
demo_session_02338,followup_click_count,2020-01-19 13:42:00
demo_session_02338,followup_click_count,2020-01-19 13:41:00
demo_session_02338,followup_click_count,2020-01-19 13:40:00
demo_session_02339,followup_click_count,2020-02-28 23:17:00
demo_session_02340,followup_click_count,2020-03-30 21:32:00
demo_session_02343,followup_click_count,2020-03-05 03:31:00
demo_session_02343,followup_click_count,2020-03-05 03:30:00
demo_session_02344,followup_click_count,2020-04-17 05:36:00
demo_session_02345,followup_click_count,2020-02-15 00:46:00
demo_session_02347,followup_click_count,2020-01-10 01:15:00
demo_session_02349,followup_click_count,2020-01-06 06:35:00
demo_session_02350,followup_click_count,2020-01-21 20:12:00
demo_session_02350,followup_click_count,2020-01-21 20:11:00
demo_session_02359,followup_click_count,2020-03-07 02:27:00
demo_session_02360,followup_click_count,2020-04-03 19:02:00
demo_session_02361,followup_click_count,2020-03-14 20:46:00
demo_session_02361,followup_click_count,2020-03-14 20:45:00
demo_session_02364,followup_click_count,2020-04-12 03:02:00
demo_session_02366,followup_click_count,2020-01-21 04:36:00
demo_session_02368,followup_click_count,2020-04-08 19:36:00
demo_session_02368,followup_click_count,2020-04-08 19:35:00
demo_session_02369,followup_click_count,2020-04-16 02:52:00
demo_session_02370,followup_click_count,2020-02-18 03:15:00
demo_session_02370,followup_click_count,2020-02-18 03:14:00
demo_session_02370,followup_click_count,2020-02-18 03:13:00
demo_session_02370,followup_click_count,2020-02-18 03:12:00
demo_session_02370,followup_click_count,2020-02-18 03:11:00
demo_session_02374,followup_click_count,2020-03-05 10:42:00
demo_session_02374,followup_click_count,2020-03-05 10:41:00
demo_session_02376,followup_click_count,2020-03-31 03:02:00
demo_session_02379,followup_click_count,2020-03-17 17:49:00
demo_session_02379,followup_click_count,2020-03-17 17:48:00
demo_session_02379,followup_click_count,2020-03-17 17:47:00
demo_session_02379,followup_click_count,2020-03-17 17:46:00
demo_session_02381,followup_click_count,2020-03-25 00:20:00
demo_session_02381,followup_click_count,2020-03-25 00:19:00
demo_session_02383,followup_click_count,2020-02-06 10:50:00
demo_session_02386,followup_click_count,2020-03-27 01:00:00
demo_session_02386,followup_click_count,2020-03-27 00:59:00
demo_session_02387,followup_click_count,2020-02-23 19:03:00
demo_session_02391,followup_click_count,2020-04-16 09:39:00
demo_session_02395,followup_click_count,2020-01-14 03:25:00
demo_session_02396,followup_click_count,2020-02-16 12:55:00
demo_session_02398,followup_click_count,2020-01-31 23:30:00
demo_session_02398,followup_click_count,2020-01-31 23:29:00
demo_session_00020,quick_result_count,2020-03-19 09:16:00
demo_session_00021,quick_result_count,2020-03-16 04:34:00
