session_id,user_id,anonymous_id,survey_time,period,entry_source,score,age_level,is_returning,quick_result_count,consult_result_count,followup_shown_count,followup_click_count,order_flag,return_next_day,legacy_card_count,unused_empty,expert_score,pos_recommendation,pos_clarity,pos_warmth,pos_professional,neg_offtopic,neg_inaccurate,neg_thin,neg_recommendation,is_anonymous,participant_key,age_unknown
demo_session_00014,demo_user_1119,,2020-04-12 17:38:00,P4,search,5,3.0,0,2,2,5,1,0,0,,,,1,0,0,1,0,0,0,0,0,u:demo_user_1119,0
demo_session_00015,demo_user_1226,,2020-03-16 22:22:00,P3,self,5,3.0,1,1,1,2,0,0,0,,,,0,1,1,1,0,0,0,0,0,u:demo_user_1226,0
demo_session_00016,0,demo_anon_800,2020-01-09 10:22:00,P1,search,5,3.0,1,1,0,5,2,0,0,0.0,,,0,1,0,1,0,0,0,0,1,a:demo_anon_800,0
demo_session_00017,demo_user_199,,2020-01-30 01:25:00,P1,self,5,1.0,1,0,0,1,0,0,0,0.0,,,1,1,0,0,0,0,0,0,0,u:demo_user_199,0
demo_session_00018,0,demo_anon_1310,2020-01-08 11:17:00,P1,self,4,1.0,1,3,1,5,2,0,0,1.0,,,1,1,0,0,0,0,0,0,1,a:demo_anon_1310,0
demo_session_00019,demo_user_702,,2020-04-21 15:25:00,P4,feed,4,0.0,0,0,1,3,0,0,0,,,,1,1,0,1,0,0,0,0,0,u:demo_user_702,0
demo_session_00020,0,demo_anon_780,2020-03-18 09:16:00,P3,search,3,0.0,0,0,1,3,2,0,0,,,,0,0,0,0,0,0,1,0,1,a:demo_anon_780,0
demo_session_00021,demo_user_578,,2020-03-15 04:34:00,P3,feed,4,1.0,1,0,1,1,1,0,0,,,,0,0,0,1,0,0,0,0,0,u:demo_user_578,0
demo_session_00022,demo_user_284,,2020-03-03 09:40:00,P3,feed,3,2.0,1,0,0,0,0,0,0,,,,0,0,0,0,1,1,1,0,0,u:demo_user_284,0
demo_session_00023,0,demo_anon_1445,2020-02-18 01:46:00,P2,search,4,1.0,1,0,1,1,1,1,0,1.0,,,1,0,0,1,0,0,0,0,1,a:demo_anon_1445,0
demo_session_00024,demo_user_1219,,2020-01-21 13:08:00,P1,feed,2,0.0,1,0,0,0,0,1,0,1.0,,,0,0,0,0,0,0,0,0,0,u:demo_user_1219,0
demo_session_00025,demo_user_1004,,2020-03-28 18:36:00,P3,search,4,1.0,1,1,0,2,0,0,0,,,,0,0,0,0,0,0,0,0,0,u:demo_user_1004,0
demo_session_00026,demo_user_627,,2020-01-16 20:06:00,P1,self,4,0.0,0,1,0,4,2,0,0,1.0,,,0,1,0,1,0,0,0,0,0,u:demo_user_627,1
demo_session_00027,demo_user_1283,,2020-01-25 21:17:00,P1,self,4,2.0,1,2,0,2,1,0,0,0.0,,,1,1,0,0,0,0,0,0,0,u:demo_user_1283,0
demo_session_00028,0,demo_anon_850,2020-04-27 05:29:00,P4,self,4,1.0,1,3,0,3,1,0,0,,,,1,0,0,0,0,0,0,0,1,a:demo_anon_850,0
demo_session_00029,demo_user_691,,2020-01-11 23:19:00,P1,self,5,1.0,1,1,2,3,0,0,0,2.0,,,0,1,0,0,0,0,0,0,0,u:demo_user_691,0
demo_session_00030,demo_user_702,,2020-04-24 02:52:00,P4,self,4,0.0,0,1,0,2,0,0,0,,,,0,1,0,1,0,0,0,0,0,u:demo_user_702,0
demo_session_00031,demo_user_354,,2020-01-11 11:39:00,P1,search,5,3.0,0,1,1,5,2,1,0,0.0,,,1,0,0,1,0,0,0,0,0,u:demo_user_354,0
demo_session_00032,demo_user_143,,2020-02-28 09:21:00,P2,search,5,0.0,1,1,1,4,1,0,0,0.0,,0.0,0,0,0,0,0,0,0,0,0,u:demo_user_143,1
demo_session_00033,0,demo_anon_865,2020-03-10 22:28:00,P3,search,4,2.0,1,0,0,1,1,0,0,,,,0,0,0,1,0,0,0,0,1,a:demo_anon_865,0
demo_session_00034,0,demo_anon_1385,2020-01-14 15:06:00,P1,self,4,2.0,1,2,0,2,1,0,0,0.0,,,0,0,1,0,0,0,0,0,1,a:demo_anon_1385,0
demo_session_00035,demo_user_99,,2020-04-16 15:56:00,P4,search,5,0.0,0,0,0,0,0,0,0,,,,0,1,0,0,0,0,0,0,0,u:demo_user_99,1
demo_session_00036,demo_user_1338,,2020-04-24 20:46:00,P4,self,4,2.0,0,2,1,3,2,1,0,,,,1,1,1,1,0,0,0,0,0,u:demo_user_1338,0
demo_session_00037,demo_user_1291,,2020-01-27 17:32:00,P1,self,3,2.0,1,1,2,4,3,0,0,0.0,,,0,0,0,0,0,0,0,0,0,u:demo_user_1291,0
demo_session_00038,demo_user_431,,2020-01-27 14:26:00,P1,self,5,3.0,1,1,1,1,1,0,0,0.0,,,1,1,1,0,0,0,0,0,0,u:demo_user_431,0
demo_session_00039,0,demo_anon_985,2020-04-01 04:56:00,P4,self,5,0.0,1,2,0,1,0,0,0,,,,0,1,0,0,0,0,0,0,1,a:demo_anon_985,0
demo_session_00040,demo_user_257,,2020-02-14 14:16:00,P2,self,4,1.0,1,3,1,2,0,0,0,1.0,,,0,0,1,0,0,0,0,0,0,u:demo_user_257,0
demo_session_00041,demo_user_1182,,2020-01-05 12:21:00,P1,feed,5,0.0,0,1,0,3,2,0,0,0.0,,2.0,0,0,1,0,0,0,0,0,0,u:demo_user_1182,0
demo_session_00042,demo_user_1092,,2020-03-31 00:31:00,P4,search,4,1.0,0,1,0,2,0,0,0,,,,1,1,0,1,0,0,0,0,0,u:demo_user_1092,0
demo_session_00043,demo_user_553,,2020-02-12 09:37:00,P2,search,4,1.0,1,1,0,5,3,0,0,0.0,,,1,0,0,0,0,0,0,0,0,u:demo_user_553,0
demo_session_00044,0,demo_anon_105,2020-02-18 20:40:00,P2,self,5,0.0,0,2,1,5,1,0,0,1.0,,,0,1,0,0,0,0,0,0,1,a:demo_anon_105,0
demo_session_00045,demo_user_1514,,2020-03-19 10:42:00,P3,feed,3,3.0,1,0,2,0,0,0,0,,,,0,0,0,0,1,1,0,0,0,u:demo_user_1514,0
demo_session_00046,0,demo_anon_695,2020-03-10 06:00:00,P3,search,5,3.0,1,1,1,1,0,0,0,,,,0,0,1,0,0,0,0,0,1,a:demo_anon_695,0
demo_session_00047,demo_user_1393,,2020-04-09 03:36:00,P4,self,3,2.0,1,0,0,2,1,0,0,,,,0,0,0,0,0,1,0,0,0,u:demo_user_1393,0
demo_session_00048,demo_user_1057,,2020-04-05 18:05:00,P4,search,4,0.0,1,0,0,1,1,0,0,,,,0,1,0,0,0,0,0,0,0,u:demo_user_1057,0
demo_session_00049,demo_user_1214,,2020-04-23 04:23:00,P4,search,4,3.0,1,0,0,2,1,0,0,,,1.0,0,1,0,0,0,0,0,0,0,u:demo_user_1214,0
demo_session_00050,0,demo_anon_1185,2020-04-20 04:11:00,P4,search,4,0.0,0,2,0,1,0,0,0,,,,0,1,1,1,0,0,0,0,1,a:demo_anon_1185,0
demo_session_00051,demo_user_303,,2020-03-16 21:48:00,P3,self,4,3.0,0,0,0,0,0,0,0,,,-2.0,1,0,0,0,0,0,0,0,0,u:demo_user_303,0
demo_session_00052,demo_user_567,,2020-03-07 18:50:00,P3,search,2,0.0,0,2,0,0,0,0,0,,,,0,0,0,0,0,0,0,1,0,u:demo_user_567,0
demo_session_00053,demo_user_728,,2020-02-25 12:30:00,P2,self,2,2.0,1,1,0,1,0,0,0,0.0,,,0,0,0,0,1,0,0,0,0,u:demo_user_728,0
demo_session_00054,demo_user_776,,2020-03-20 17:41:00,P3,self,2,2.0,1,2,1,2,1,0,0,,,,0,0,0,0,0,0,0,0,0,u:demo_user_776,0
demo_session_00055,demo_user_68,,2020-01-08 06:37:00,P1,self,4,0.0,1,1,2,3,2,0,0,0.0,,,0,0,1,0,0,0,0,0,0,u:demo_user_68,0
demo_session_00056,demo_user_852,,2020-02-18 06:52:00,P2,feed,3,0.0,0,0,1,0,0,0,0,1.0,,,0,0,0,0,0,1,0,1,0,u:demo_user_852,0
demo_session_00057,0,demo_anon_240,2020-02-03 01:51:00,P2,self,5,0.0,0,2,3,2,0,0,0,1.0,,,0,0,0,0,0,0,0,0,1,a:demo_anon_240,0
demo_session_00058,demo_user_1159,,2020-03-07 18:42:00,P3,self,5,1.0,1,2,1,2,1,0,0,,,,0,1,1,0,0,0,0,0,0,u:demo_user_1159,0
demo_session_00059,0,demo_anon_1065,2020-04-20 18:33:00,P4,self,5,2.0,0,4,0,4,0,0,0,,,,0,0,0,0,0,0,0,0,1,a:demo_anon_1065,0
demo_session_00060,demo_user_1439,,2020-02-27 17:10:00,P2,feed,5,3.0,1,0,0,0,0,0,0,1.0,,,0,1,1,0,0,0,0,0,0,u:demo_user_1439,0
demo_session_00061,demo_user_1161,,2020-03-10 22:44:00,P3,search,4,0.0,0,0,1,3,2,0,0,,,,1,1,0,0,0,0,0,0,0,u:demo_user_1161,0
demo_session_00062,demo_user_571,,2020-02-18 07:55:00,P2,feed,3,0.0,1,2,0,1,0,0,0,0.0,,,0,0,0,0,0,0,0,1,0,u:demo_user_571,0
demo_session_00063,demo_user_1509,,2020-02-11 02:54:00,P2,self,5,3.0,0,0,0,1,1,0,0,1.0,,,0,1,0,0,0,0,0,0,0,u:demo_user_1509,0
demo_session_00064,0,demo_anon_640,2020-03-22 17:20:00,P3,self,4,1.0,1,1,0,2,0,1,0,,,,0,1,1,0,0,0,0,0,1,a:demo_anon_640,0
demo_session_00065,demo_user_508,,2020-01-30 20:35:00,P1,search,4,0.0,1,0,0,2,1,0,0,2.0,,,1,1,1,0,0,0,0,0,0,u:demo_user_508,0
demo_session_00066,demo_user_1412,,2020-04-15 11:39:00,P4,self,5,2.0,1,4,2,8,4,0,0,,,,0,1,0,0,0,0,0,0,0,u:demo_user_1412,0
demo_session_00067,demo_user_577,,2020-01-14 15:19:00,P1,feed,5,3.0,1,1,0,1,0,0,0,1.0,,,1,0,0,0,0,0,0,0,0,u:demo_user_577,0
demo_session_00068,demo_user_119,,2020-01-27 16:00:00,P1,feed,5,3.0,1,0,1,3,0,0,0,0.0,,,0,0,0,1,0,0,0,0,0,u:demo_user_119,0
demo_session_00069,demo_user_732,,2020-03-31 04:37:00,P4,search,5,3.0,0,3,0,1,0,1,0,,,,0,0,0,0,0,0,0,0,0,u:demo_user_732,0
demo_session_00070,demo_user_1241,,2020-01-10 22:39:00,P1,feed,5,3.0,1,2,0,2,1,0,0,1.0,,,0,1,0,0,0,0,0,0,0,u:demo_user_1241,0
demo_session_00071,0,demo_anon_295,2020-02-19 11:38:00,P2,search,4,1.0,1,1,0,1,1,0,0,0.0,,,0,1,0,1,0,0,0,0,1,a:demo_anon_295,0
demo_session_00072,demo_user_722,,2020-02-15 08:03:00,P2,self,4,1.0,1,5,1,3,1,0,0,0.0,,,0,1,0,0,0,0,0,0,0,u:demo_user_722,0
demo_session_00073,demo_user_202,,2020-04-22 09:15:00,P4,search,5,3.0,1,0,0,0,0,0,0,,,,0,1,0,0,0,0,0,0,0,u:demo_user_202,0
demo_session_00074,0,demo_anon_1070,2020-01-20 01:23:00,P1,self,4,0.0,1,3,2,4,0,0,0,1.0,,,0,1,0,0,0,0,0,0,1,a:demo_anon_1070,0
demo_session_00075,demo_user_742,,2020-02-24 12:38:00,P2,feed,4,1.0,1,0,0,1,1,0,0,0.0,,,0,1,0,1,0,0,0,0,0,u:demo_user_742,0
demo_session_00076,0,demo_anon_515,2020-02-25 03:45:00,P2,self,5,1.0,1,2,0,3,0,1,0,0.0,,,0,1,0,0,0,0,0,0,1,a:demo_anon_515,0
demo_session_00077,demo_user_353,,2020-04-08 04:55:00,P4,self,4,2.0,1,1,4,4,2,0,0,,,,0,0,0,0,0,0,0,0,0,u:demo_user_353,0
demo_session_00078,0,demo_anon_880,2020-03-05 21:53:00,P3,search,4,0.0,1,1,0,3,2,0,0,,,,1,1,1,1,0,0,0,0,1,a:demo_anon_880,1
demo_session_00079,demo_user_1044,,2020-01-16 15:05:00,P1,self,5,3.0,0,0,0,1,1,0,0,0.0,,,1,1,0,0,0,0,0,0,0,u:demo_user_1044,0
demo_session_00080,demo_user_1466,,2020-04-14 10:53:00,P4,self,5,2.0,1,0,1,3,0,0,0,,,,0,1,1,0,0,0,0,0,0,u:demo_user_1466,0
demo_session_00081,demo_user_681,,2020-01-19 02:36:00,P1,search,5,3.0,0,3,4,5,1,0,0,1.0,,1.0,1,1,1,0,0,0,0,0,0,u:demo_user_681,0
demo_session_00082,0,demo_anon_250,2020-03-24 09:32:00,P3,self,1,3.0,1,1,0,1,0,0,0,,,,0,0,0,0,0,1,0,0,1,a:demo_anon_250,0
demo_session_00083,demo_user_1298,,2020-02-02 18:51:00,P2,search,5,0.0,1,1,1,0,0,0,0,0.0,,,0,1,0,1,0,0,0,0,0,u:demo_user_1298,1
demo_session_00084,demo_user_982,,2020-01-15 15:00:00,P1,self,5,3.0,1,3,0,3,1,0,0,1.0,,,1,1,0,0,0,0,0,0,0,u:demo_user_982,0
demo_session_00085,demo_user_1092,,2020-01-23 22:45:00,P1,self,4,1.0,0,1,2,1,1,1,0,0.0,,,0,1,0,1,0,0,0,0,0,u:demo_user_1092,0
demo_session_00086,demo_user_151,,2020-04-23 07:06:00,P4,self,4,1.0,1,0,0,1,0,0,0,,,2.0,1,1,0,1,0,0,0,0,0,u:demo_user_151,0
demo_session_00087,demo_user_487,,2020-04-27 05:00:00,P4,search,5,0.0,1,1,0,1,0,0,0,,,,1,1,0,1,0,0,0,0,0,u:demo_user_487,0
demo_session_00088,demo_user_1197,,2020-03-13 00:43:00,P3,feed,4,2.0,0,1,1,0,0,0,0,,,,1,0,0,0,0,0,0,0,0,u:demo_user_1197,0
demo_session_00089,demo_user_1298,,2020-04-06 23:26:00,P4,self,4,0.0,1,4,0,5,1,0,0,,,,0,0,1,0,0,0,0,0,0,u:demo_user_1298,1
demo_session_00090,demo_user_678,,2020-04-18 08:13:00,P4,feed,4,0.0,0,3,0,5,2,0,0,,,,0,1,1,0,0,0,0,0,0,u:demo_user_678,0
demo_session_00091,0,demo_anon_1255,2020-02-11 19:25:00,P2,search,4,1.0,1,1,2,1,1,0,0,0.0,,,1,0,1,0,0,0,0,0,1,a:demo_anon_1255,0
demo_session_00092,demo_user_1313,,2020-03-31 21:50:00,P4,search,5,0.0,1,1,1,4,1,0,0,,,,1,0,0,1,0,0,0,0,0,u:demo_user_1313,0
demo_session_00093,demo_user_604,,2020-03-03 09:05:00,P3,search,4,2.0,1,0,0,1,0,0,0,,,,0,0,1,1,0,0,0,0,0,u:demo_user_604,0
demo_session_00094,demo_user_1401,,2020-01-21 18:36:00,P1,search,5,2.0,0,2,0,2,0,0,0,0.0,,,0,1,0,0,0,0,0,0,0,u:demo_user_1401,0
demo_session_00095,demo_user_449,,2020-03-04 23:45:00,P3,feed,1,1.0,1,2,0,0,0,0,0,,,,0,0,0,0,0,1,1,1,0,u:demo_user_449,0
demo_session_00096,demo_user_373,,2020-01-06 12:08:00,P1,search,4,2.0,1,0,1,0,0,1,0,2.0,,,0,1,1,0,0,0,0,0,0,u:demo_user_373,0
demo_session_00097,demo_user_1064,,2020-03-13 20:45:00,P3,search,4,1.0,1,2,0,2,1,0,0,,,,0,1,0,1,0,0,0,0,0,u:demo_user_1064,0
demo_session_00098,demo_user_993,,2020-02-01 05:06:00,P2,self,5,0.0,0,4,0,1,1,0,0,1.0,,,1,1,1,0,0,0,0,0,0,u:demo_user_993,0
demo_session_00099,demo_user_218,,2020-01-13 10:24:00,P1,self,2,2.0,1,2,0,1,1,0,0,0.0,,,0,0,0,0,1,0,1,0,0,u:demo_user_218,0
demo_session_00100,demo_user_1299,,2020-03-25 15:15:00,P3,search,5,3.0,0,2,1,1,1,0,0,,,-1.0,0,1,0,0,0,0,0,0,0,u:demo_user_1299,0
demo_session_00101,demo_user_311,,2020-02-11 21:03:00,P2,self,4,0.0,1,2,0,3,1,1,0,3.0,,,0,1,0,1,0,0,0,0,0,u:demo_user_311,0
demo_session_00102,0,demo_anon_1255,2020-02-23 15:24:00,P2,self,5,1.0,1,1,1,3,2,0,0,0.0,,,1,0,0,1,0,0,0,0,1,a:demo_anon_1255,0
demo_session_00103,demo_user_11,,2020-01-11 07:28:00,P1,self,4,0.0,1,3,1,2,0,0,0,0.0,,,1,1,0,0,0,0,0,0,0,u:demo_user_11,1
demo_session_00104,demo_user_1243,,2020-01-10 14:10:00,P1,self,4,0.0,1,1,1,2,1,0,0,0.0,,,0,1,0,1,0,0,0,0,0,u:demo_user_1243,1
demo_session_00105,demo_user_1227,,2020-04-20 06:54:00,P4,search,5,0.0,0,1,0,0,0,0,0,,,,0,1,1,0,0,0,0,0,0,u:demo_user_1227,0
demo_session_00106,demo_user_1217,,2020-03-12 23:37:00,P3,search,5,1.0,1,1,2,1,0,0,0,,,,0,0,1,0,0,0,0,0,0,u:demo_user_1217,0
demo_session_00107,demo_user_1037,,2020-02-18 09:56:00,P2,search,4,2.0,1,1,1,0,0,1,0,0.0,,,0,1,1,0,0,0,0,0,0,u:demo_user_1037,0
demo_session_00108,0,demo_anon_735,2020-03-20 21:43:00,P3,self,4,0.0,0,2,2,5,3,0,0,,,,0,0,0,1,0,0,0,0,1,a:demo_anon_735,0
demo_session_00109,0,demo_anon_1100,2020-03-28 05:48:00,P3,search,5,0.0,1,0,3,4,2,0,0,,,,0,1,0,0,0,0,0,0,1,a:demo_anon_1100,1
demo_session_00110,demo_user_432,,2020-01-14 15:39:00,P1,self,4,1.0,0,3,1,1,0,0,0,0.0,,,0,1,0,1,0,0,0,0,0,u:demo_user_432,0
demo_session_00111,demo_user_1217,,2020-04-20 11:58:00,P4,search,3,1.0,1,0,0,1,1,0,0,,,,0,0,0,0,0,0,0,0,0,u:demo_user_1217,0
demo_session_00112,demo_user_866,,2020-03-19 16:05:00,P3,search,3,2.0,1,0,1,0,0,0,0,,,,0,0,0,0,0,0,0,1,0,u:demo_user_866,0
demo_session_00113,0,demo_anon_715,2020-02-07 03:10:00,P2,search,4,0.0,1,0,1,3,2,0,0,0.0,,,0,1,0,1,0,0,0,0,1,a:demo_anon_715,1
demo_session_00114,demo_user_788,,2020-02-02 06:04:00,P2,search,5,0.0,1,1,0,3,2,0,0,2.0,,,0,1,0,0,0,0,0,0,0,u:demo_user_788,0
demo_session_00115,demo_user_887,,2020-01-11 13:00:00,P1,feed,5,0.0,1,2,1,2,1,0,0,0.0,,,1,1,1,1,0,0,0,0,0,u:demo_user_887,0
demo_session_00116,demo_user_58,,2020-01-31 18:46:00,P2,search,3,1.0,1,0,0,1,1,0,0,0.0,,,0,0,0,0,0,0,0,1,0,u:demo_user_58,0
demo_session_00117,demo_user_218,,2020-02-10 08:18:00,P2,search,4,2.0,1,3,0,1,1,0,0,0.0,,,0,0,0,0,0,0,0,0,0,u:demo_user_218,0
demo_session_00118,demo_user_382,,2020-01-26 13:33:00,P1,search,3,3.0,1,0,0,2,1,0,0,0.0,,,0,0,0,0,1,0,1,0,0,u:demo_user_382,0
demo_session_00119,demo_user_178,,2020-03-21 12:26:00,P3,self,4,3.0,1,0,1,0,0,0,0,,,,0,1,1,0,0,0,0,0,0,u:demo_user_178,0
demo_session_00120,0,demo_anon_685,2020-01-31 07:13:00,P2,feed,5,1.0,1,2,3,4,1,0,0,0.0,,,0,1,0,1,0,0,0,0,1,a:demo_anon_685,0
demo_session_00121,demo_user_1042,,2020-02-29 23:25:00,P2,self,4,1.0,1,1,1,2,1,0,0,1.0,,,1,1,0,0,0,0,0,0,0,u:demo_user_1042,0
demo_session_00122,0,demo_anon_1020,2020-03-08 01:09:00,P3,self,5,2.0,0,1,1,2,1,0,0,,,,0,1,1,1,0,0,0,0,1,a:demo_anon_1020,0
demo_session_00123,demo_user_734,,2020-01-09 23:51:00,P1,feed,5,2.0,1,2,1,0,0,0,0,0.0,,,0,1,0,0,0,0,0,0,0,u:demo_user_734,0
demo_session_00124,demo_user_1333,,2020-01-21 05:54:00,P1,search,1,3.0,1,0,0,0,0,1,0,0.0,,,0,0,0,0,0,0,0,0,0,u:demo_user_1333,0
demo_session_00125,demo_user_881,,2020-01-09 10:09:00,P1,self,4,3.0,1,2,1,3,1,0,0,0.0,,,0,1,1,0,0,0,0,0,0,u:demo_user_881,0
demo_session_00126,demo_user_123,,2020-03-23 21:42:00,P3,self,4,1.0,0,1,2,3,3,0,0,,,,0,0,0,1,0,0,0,0,0,u:demo_user_123,0
demo_session_00127,demo_user_1193,,2020-03-24 22:44:00,P3,self,5,2.0,1,1,0,0,0,0,0,,,,1,1,0,0,0,0,0,0,0,u:demo_user_1193,0
demo_session_00128,demo_user_896,,2020-01-16 12:30:00,P1,search,3,0.0,1,0,0,1,0,0,0,0.0,,,0,0,0,0,1,1,0,1,0,u:demo_user_896,0
demo_session_00129,0,demo_anon_990,2020-03-29 09:15:00,P3,self,4,0.0,0,0,2,2,1,0,0,,,1.0,0,1,1,0,0,0,0,0,1,a:demo_anon_990,1
demo_session_00130,demo_user_881,,2020-04-07 08:36:00,P4,feed,4,3.0,1,1,1,1,0,0,0,,,,1,1,0,0,0,0,0,0,0,u:demo_user_881,0
demo_session_00131,demo_user_863,,2020-01-14 03:22:00,P1,feed,4,3.0,1,0,1,1,0,0,0,0.0,,,0,0,0,1,0,0,0,0,0,u:demo_user_863,0
demo_session_00132,demo_user_141,,2020-01-15 00:42:00,P1,search,4,3.0,0,1,1,1,0,0,0,0.0,,,0,0,0,0,0,0,0,0,0,u:demo_user_141,0
demo_session_00133,demo_user_872,,2020-04-05 08:47:00,P4,search,4,2.0,1,0,0,1,0,0,0,,,,0,1,0,0,0,0,0,0,0,u:demo_user_872,0
demo_session_00134,0,demo_anon_1240,2020-02-07 00:52:00,P2,self,4,2.0,1,1,0,1,0,0,0,0.0,,,0,1,0,1,0,0,0,0,1,a:demo_anon_1240,0
demo_session_00135,demo_user_474,,2020-02-11 11:12:00,P2,self,5,1.0,0,2,0,3,0,0,0,1.0,,,1,1,0,0,0,0,0,0,0,u:demo_user_474,0
demo_session_00136,0,demo_anon_940,2020-03-11 14:37:00,P3,search,4,2.0,1,0,0,1,0,0,0,,,,0,1,1,0,0,0,0,0,1,a:demo_anon_940,0
demo_session_00137,demo_user_48,,2020-01-09 04:26:00,P1,self,3,3.0,0,0,1,0,0,0,0,0.0,,,0,0,0,0,1,0,1,0,0,u:demo_user_48,0
demo_session_00138,demo_user_542,,2020-02-22 12:59:00,P2,self,5,3.0,1,1,0,2,1,0,0,0.0,,,0,1,0,1,0,0,0,0,0,u:demo_user_542,0
demo_session_00139,demo_user_681,,2020-02-10 01:31:00,P2,self,4,3.0,0,4,1,5,1,0,0,2.0,,,1,1,1,1,0,0,0,0,0,u:demo_user_681,0
demo_session_00140,demo_user_1533,,2020-04-08 17:27:00,P4,self,4,2.0,0,1,0,0,0,0,0,,,,0,0,1,1,0,0,0,0,0,u:demo_user_1533,0
demo_session_00141,demo_user_334,,2020-03-28 15:46:00,P3,search,5,1.0,1,1,1,2,0,0,0,,,2.0,0,1,1,0,0,0,0,0,0,u:demo_user_334,0
demo_session_00142,demo_user_431,,2020-02-04 09:37:00,P2,search,5,3.0,1,0,0,0,0,0,0,0.0,,,1,1,1,0,0,0,0,0,0,u:demo_user_431,0
demo_session_00143,demo_user_637,,2020-03-19 16:38:00,P3,feed,4,0.0,1,1,0,0,0,1,0,,,,0,1,1,0,0,0,0,0,0,u:demo_user_637,0
demo_session_00144,demo_user_1548,,2020-02-18 08:01:00,P2,search,2,3.0,0,0,0,0,0,1,0,0.0,,1.0,0,0,0,0,0,1,1,0,0,u:demo_user_1548,0
demo_session_00145,demo_user_1331,,2020-02-27 18:38:00,P2,feed,5,0.0,1,1,0,4,0,0,0,0.0,,,0,0,0,0,0,0,0,0,0,u:demo_user_1331,1
demo_session_00146,demo_user_54,,2020-03-29 05:25:00,P3,search,4,3.0,0,2,0,6,1,0,0,,,,0,0,0,0,0,0,0,0,0,u:demo_user_54,0
demo_session_00147,demo_user_364,,2020-02-03 13:23:00,P2,feed,5,0.0,1,0,0,1,0,0,0,0.0,,,0,1,1,1,0,0,0,0,0,u:demo_user_364,0
demo_session_00148,demo_user_1281,,2020-03-10 09:07:00,P3,search,4,0.0,0,0,1,3,2,0,0,,,,0,0,0,1,0,0,0,0,0,u:demo_user_1281,0
demo_session_00149,0,demo_anon_90,2020-02-20 03:38:00,P2,self,4,1.0,0,1,0,6,2,0,0,1.0,,,0,1,1,0,0,0,0,0,1,a:demo_anon_90,0
demo_session_00150,demo_user_1334,,2020-03-19 00:11:00,P3,feed,4,1.0,1,1,0,3,1,1,0,,,,0,1,0,0,0,0,0,0,0,u:demo_user_1334,0
demo_session_00151,demo_user_438,,2020-02-15 19:02:00,P2,self,3,0.0,0,1,1,1,0,0,0,0.0,,,0,0,0,0,1,1,0,1,0,u:demo_user_438,0
demo_session_00152,demo_user_1431,,2020-04-22 05:45:00,P4,self,5,0.0,0,3,1,4,0,0,0,,,,0,1,0,1,0,0,0,0,0,u:demo_user_1431,0
demo_session_00153,demo_user_458,,2020-02-16 19:15:00,P2,self,4,2.0,1,1,1,2,1,1,0,0.0,,,0,1,0,0,0,0,0,0,0,u:demo_user_458,0
demo_session_00154,demo_user_677,,2020-01-14 03:32:00,P1,self,3,3.0,1,2,0,2,2,0,0,0.0,,,0,0,0,0,1,0,0,0,0,u:demo_user_677,0
demo_session_00155,demo_user_1032,,2020-02-28 18:18:00,P2,self,5,0.0,0,0,0,0,0,0,0,0.0,,,0,1,1,0,0,0,0,0,0,u:demo_user_1032,0
demo_session_00156,demo_user_196,,2020-01-29 15:25:00,P1,search,5,2.0,1,3,0,3,0,0,0,0.0,,,0,0,0,0,0,0,0,0,0,u:demo_user_196,0
demo_session_00157,demo_user_868,,2020-02-24 15:13:00,P2,feed,5,0.0,1,1,1,1,0,0,0,0.0,,,1,1,1,0,0,0,0,0,0,u:demo_user_868,0
demo_session_00158,demo_user_787,,2020-04-20 11:31:00,P4,self,5,1.0,1,1,1,4,2,0,0,,,,0,1,0,1,0,0,0,0,0,u:demo_user_787,0
demo_session_00159,demo_user_1222,,2020-01-13 07:06:00,P1,search,2,1.0,1,0,1,1,0,0,0,1.0,,,0,0,0,0,1,0,1,0,0,u:demo_user_1222,0
demo_session_00160,demo_user_1553,,2020-01-06 02:37:00,P1,self,5,1.0,1,1,2,6,1,0,0,0.0,,0.0,1,1,0,1,0,0,0,0,0,u:demo_user_1553,0
demo_session_00161,demo_user_1036,,2020-02-04 19:41:00,P2,feed,3,1.0,1,0,1,0,0,0,0,0.0,,,0,0,0,0,0,0,0,0,0,u:demo_user_1036,0
demo_session_00162,demo_user_638,,2020-02-22 07:18:00,P2,self,4,0.0,1,4,0,5,2,0,0,0.0,,,0,1,0,0,0,0,0,0,0,u:demo_user_638,1
demo_session_00163,demo_user_633,,2020-01-16 11:50:00,P1,self,5,0.0,0,1,0,0,0,0,0,0.0,,,1,0,0,0,0,0,0,0,0,u:demo_user_633,0
demo_session_00164,demo_user_652,,2020-03-24 12:05:00,P3,search,5,3.0,1,0,1,1,0,0,0,,,,0,1,0,0,0,0,0,0,0,u:demo_user_652,0
demo_session_00165,demo_user_1269,,2020-03-13 06:02:00,P3,search,4,0.0,0,0,0,1,0,1,0,,,,0,0,0,0,0,0,0,0,0,u:demo_user_1269,0
demo_session_00166,demo_user_501,,2020-03-25 05:08:00,P3,search,5,3.0,0,1,1,2,1,1,0,,,,0,1,0,0,0,0,0,0,0,u:demo_user_501,0
demo_session_00167,0,demo_anon_260,2020-02-20 17:42:00,P2,search,5,1.0,1,1,1,1,0,0,0,1.0,,,1,1,0,1,0,0,0,0,1,a:demo_anon_260,0
demo_session_00168,demo_user_521,,2020-04-21 16:10:00,P4,search,4,3.0,1,1,0,3,1,0,0,,,,1,0,1,1,0,0,0,0,0,u:demo_user_521,0
demo_session_00169,0,demo_anon_35,2020-03-21 15:08:00,P3,self,4,2.0,1,0,1,1,1,1,0,,,,0,1,0,1,0,0,0,0,1,a:demo_anon_35,0
demo_session_00170,0,demo_anon_165,2020-04-20 11:22:00,P4,self,4,0.0,0,2,1,10,4,0,0,,,0.0,0,1,1,1,0,0,0,0,1,a:demo_anon_165,1
demo_session_00171,0,demo_anon_140,2020-01-11 12:17:00,P1,self,4,1.0,1,0,1,1,0,0,0,0.0,,,0,1,1,0,0,0,0,0,1,a:demo_anon_140,0
demo_session_00172,demo_user_1203,,2020-03-21 01:57:00,P3,self,5,2.0,0,2,1,2,1,0,0,,,2.0,0,1,0,0,0,0,0,0,0,u:demo_user_1203,0
demo_session_00173,demo_user_1126,,2020-02-11 09:20:00,P2,self,5,0.0,1,0,0,2,1,0,0,1.0,,,0,1,0,0,0,0,0,0,0,u:demo_user_1126,0
demo_session_00174,demo_user_1086,,2020-01-24 03:21:00,P1,search,5,1.0,0,1,0,0,0,0,0,0.0,,,0,1,0,1,0,0,0,0,0,u:demo_user_1086,0
demo_session_00175,0,demo_anon_720,2020-01-22 15:24:00,P1,self,3,2.0,0,1,0,1,1,0,0,2.0,,,0,0,0,0,1,0,0,0,1,a:demo_anon_720,0
demo_session_00176,demo_user_1118,,2020-01-24 14:01:00,P1,search,5,2.0,1,1,0,1,0,0,0,0.0,,,1,1,1,0,0,0,0,0,0,u:demo_user_1118,0
demo_session_00177,demo_user_251,,2020-01-12 01:12:00,P1,search,4,3.0,1,2,0,4,1,0,0,0.0,,,0,0,1,1,0,0,0,0,0,u:demo_user_251,0
demo_session_00178,demo_user_1404,,2020-02-24 12:45:00,P2,search,1,0.0,0,0,0,1,1,0,0,1.0,,,0,0,0,0,0,0,0,1,0,u:demo_user_1404,0
demo_session_00179,demo_user_781,,2020-04-02 19:31:00,P4,search,5,0.0,1,3,1,4,1,0,0,,,,0,1,1,0,0,0,0,0,0,u:demo_user_781,1
demo_session_00180,demo_user_1463,,2020-02-25 14:56:00,P2,self,5,0.0,1,2,0,1,1,0,0,3.0,,,0,1,1,0,0,0,0,0,0,u:demo_user_1463,1
demo_session_00181,demo_user_237,,2020-01-16 17:05:00,P1,self,5,2.0,0,2,0,2,0,0,0,0.0,,,1,1,1,1,0,0,0,0,0,u:demo_user_237,0
demo_session_00182,0,demo_anon_775,2020-03-25 20:37:00,P3,search,5,2.0,1,1,0,1,0,0,0,,,,0,0,1,1,0,0,0,0,1,a:demo_anon_775,0
demo_session_00183,demo_user_1086,,2020-01-21 23:45:00,P1,search,3,1.0,0,1,2,3,2,0,0,0.0,,,0,0,0,0,0,0,0,0,0,u:demo_user_1086,0
demo_session_00184,demo_user_773,,2020-04-14 06:17:00,P4,self,3,1.0,1,0,1,3,1,0,0,,,,0,0,0,0,1,1,0,1,0,u:demo_user_773,0
demo_session_00185,demo_user_696,,2020-02-14 00:19:00,P2,self,5,0.0,0,2,1,3,0,0,0,2.0,,,0,1,0,0,0,0,0,0,0,u:demo_user_696,0
demo_session_00186,demo_user_259,,2020-01-01 03:47:00,P1,search,4,0.0,1,0,0,0,0,0,0,0.0,,,0,1,0,1,0,0,0,0,0,u:demo_user_259,0
demo_session_00187,demo_user_594,,2020-02-05 03:09:00,P2,search,4,0.0,0,3,0,3,1,0,0,0.0,,,1,1,1,0,0,0,0,0,0,u:demo_user_594,1
demo_session_00188,demo_user_372,,2020-04-09 21:26:00,P4,self,4,0.0,0,2,0,2,1,0,0,,,,0,0,1,0,0,0,0,0,0,u:demo_user_372,0
demo_session_00189,0,demo_anon_470,2020-04-20 09:04:00,P4,search,4,1.0,1,2,1,2,2,0,0,,,,0,1,0,1,0,0,0,0,1,a:demo_anon_470,0
demo_session_00190,demo_user_1066,,2020-02-20 15:03:00,P2,feed,3,2.0,1,0,0,1,0,1,0,0.0,,,0,0,0,0,0,0,0,0,0,u:demo_user_1066,0
demo_session_00191,demo_user_983,,2020-04-28 15:18:00,P4,self,5,3.0,1,1,0,2,0,0,0,,,,0,1,0,0,0,0,0,0,0,u:demo_user_983,0
demo_session_00192,demo_user_947,,2020-01-28 19:33:00,P1,feed,5,0.0,1,0,4,2,0,0,0,1.0,,,0,1,0,1,0,0,0,0,0,u:demo_user_947,0
demo_session_00193,demo_user_564,,2020-02-20 16:30:00,P2,self,5,2.0,0,5,0,5,2,0,0,1.0,,,0,1,0,1,0,0,0,0,0,u:demo_user_564,0
demo_session_00194,demo_user_1497,,2020-02-25 00:11:00,P2,search,4,0.0,0,1,0,2,0,0,0,0.0,,,1,1,0,0,0,0,0,0,0,u:demo_user_1497,0
demo_session_00195,demo_user_136,,2020-01-25 03:16:00,P1,search,4,1.0,1,1,0,2,1,0,0,0.0,,,0,0,0,0,0,0,0,0,0,u:demo_user_136,0
demo_session_00196,demo_user_534,,2020-02-15 23:22:00,P2,self,3,3.0,0,0,0,1,0,0,0,0.0,,,0,0,0,0,1,0,0,1,0,u:demo_user_534,0
demo_session_00197,demo_user_184,,2020-02-29 18:33:00,P2,feed,3,1.0,1,0,1,0,0,1,0,0.0,,,0,0,0,0,0,0,0,0,0,u:demo_user_184,0
demo_session_00198,demo_user_528,,2020-03-24 22:34:00,P3,search,4,0.0,0,5,0,4,1,0,0,,,,0,1,0,0,0,0,0,0,0,u:demo_user_528,1
demo_session_00199,0,demo_anon_1500,2020-02-29 11:31:00,P2,feed,5,2.0,0,3,1,2,0,0,0,0.0,,,0,1,1,1,0,0,0,0,1,a:demo_anon_1500,0
demo_session_00200,demo_user_571,,2020-01-13 09:54:00,P1,self,3,0.0,1,0,0,2,0,1,0,2.0,,,0,0,0,0,0,0,0,0,0,u:demo_user_571,0
demo_session_00201,demo_user_1417,,2020-02-25 22:11:00,P2,feed,5,3.0,1,1,0,1,0,0,0,1.0,,,0,1,0,0,0,0,0,0,0,u:demo_user_1417,0
demo_session_00202,demo_user_772,,2020-04-11 19:38:00,P4,feed,5,1.0,1,0,1,2,1,0,0,,,,0,0,0,0,0,0,0,0,0,u:demo_user_772,0
demo_session_00203,demo_user_1091,,2020-01-03 10:34:00,P1,search,5,2.0,1,1,0,2,0,0,0,2.0,,,0,1,0,0,0,0,0,0,0,u:demo_user_1091,0
demo_session_00204,demo_user_713,,2020-04-29 18:37:00,P4,self,4,3.0,1,0,0,0,0,0,0,,,,0,1,1,1,0,0,0,0,0,u:demo_user_713,0
demo_session_00205,demo_user_414,,2020-01-16 09:43:00,P1,search,5,0.0,0,3,1,2,1,0,0,0.0,,,0,0,0,0,0,0,0,0,0,u:demo_user_414,0
demo_session_00206,demo_user_1192,,2020-01-02 02:14:00,P1,search,4,3.0,1,0,0,0,0,0,0,0.0,,,0,0,1,1,0,0,0,0,0,u:demo_user_1192,0
demo_session_00207,demo_user_1511,,2020-01-17 22:06:00,P1,feed,5,3.0,1,0,2,2,0,0,0,0.0,,,0,1,0,0,0,0,0,0,0,u:demo_user_1511,0
demo_session_00208,demo_user_411,,2020-01-31 00:43:00,P2,search,2,1.0,0,1,0,0,0,0,0,0.0,,,0,0,0,0,1,1,1,1,0,u:demo_user_411,0
demo_session_00209,demo_user_1214,,2020-02-12 05:04:00,P2,self,4,3.0,1,3,0,2,1,0,0,0.0,,,1,1,0,0,0,0,0,0,0,u:demo_user_1214,0
demo_session_00210,demo_user_407,,2020-04-09 13:16:00,P4,self,3,0.0,1,1,1,3,2,0,0,,,,0,0,0,0,0,0,0,0,0,u:demo_user_407,1
demo_session_00211,demo_user_1118,,2020-03-10 16:40:00,P3,search,5,2.0,1,0,2,1,0,0,0,,,,0,0,1,0,0,0,0,0,0,u:demo_user_1118,0
demo_session_00212,0,demo_anon_1230,2020-03-17 15:23:00,P3,feed,4,1.0,0,1,0,2,0,0,0,,,,1,0,0,1,0,0,0,0,1,a:demo_anon_1230,0
demo_session_00213,demo_user_701,,2020-04-15 08:11:00,P4,self,5,0.0,1,2,2,3,2,0,0,,,,0,1,0,0,0,0,0,0,0,u:demo_user_701,0
demo_session_00214,demo_user_1149,,2020-01-16 18:41:00,P1,search,4,2.0,0,0,0,3,1,0,0,1.0,,,1,1,0,0,0,0,0,0,0,u:demo_user_1149,0
demo_session_00215,demo_user_424,,2020-01-27 19:15:00,P1,feed,4,2.0,1,0,1,0,0,0,0,1.0,,,0,0,0,0,0,0,0,0,0,u:demo_user_424,0
demo_session_00216,demo_user_123,,2020-04-26 04:16:00,P4,self,4,1.0,0,0,1,1,0,0,0,,,,0,1,1,1,0,0,0,0,0,u:demo_user_123,0
demo_session_00217,0,demo_anon_150,2020-04-02 13:03:00,P4,self,5,2.0,0,4,0,1,1,0,0,,,,1,0,0,1,0,0,0,0,1,a:demo_anon_150,0
demo_session_00218,demo_user_697,,2020-01-08 02:32:00,P1,search,5,1.0,1,0,0,0,0,0,0,0.0,,,0,0,1,0,0,0,0,0,0,u:demo_user_697,0
demo_session_00219,demo_user_1408,,2020-01-28 03:28:00,P1,search,3,0.0,1,0,2,1,0,1,0,0.0,,,0,0,0,0,1,0,0,0,0,u:demo_user_1408,1
demo_session_00220,demo_user_199,,2020-02-14 19:53:00,P2,self,5,1.0,1,2,0,3,2,0,0,0.0,,,0,0,0,1,0,0,0,0,0,u:demo_user_199,0
demo_session_00221,demo_user_711,,2020-01-04 21:56:00,P1,feed,3,3.0,0,0,0,0,0,0,0,0.0,,3.0,0,0,0,0,0,0,0,0,0,u:demo_user_711,0
demo_session_00222,demo_user_1098,,2020-03-10 22:53:00,P3,search,3,0.0,0,0,1,1,0,0,0,,,,0,0,0,0,0,0,1,0,0,u:demo_user_1098,0
demo_session_00223,0,demo_anon_315,2020-03-18 23:35:00,P3,feed,4,1.0,0,0,0,0,0,0,0,,,,0,1,0,0,0,0,0,0,1,a:demo_anon_315,0
demo_session_00224,0,demo_anon_1125,2020-02-10 07:09:00,P2,feed,5,0.0,0,1,0,2,1,0,0,0.0,,,0,0,1,0,0,0,0,0,1,a:demo_anon_1125,0
demo_session_00225,demo_user_477,,2020-01-26 18:08:00,P1,feed,2,3.0,0,0,1,3,0,0,0,1.0,,,0,0,0,0,0,0,0,0,0,u:demo_user_477,0
demo_session_00226,demo_user_1261,,2020-02-21 01:11:00,P2,search,5,1.0,1,0,0,2,0,1,0,0.0,,,0,1,0,0,0,0,0,0,0,u:demo_user_1261,0
demo_session_00227,demo_user_903,,2020-04-20 08:36:00,P4,self,5,1.0,0,3,0,3,1,0,0,,,,0,1,1,0,0,0,0,0,0,u:demo_user_903,0
demo_session_00228,demo_user_853,,2020-03-27 05:23:00,P3,search,2,1.0,1,0,0,0,0,0,0,,,,0,0,0,0,0,0,0,0,0,u:demo_user_853,0
demo_session_00229,0,demo_anon_275,2020-04-22 00:14:00,P4,self,4,0.0,1,1,0,1,0,0,0,,,,1,0,0,1,0,0,0,0,1,a:demo_anon_275,1
demo_session_00230,demo_user_722,,2020-03-07 08:30:00,P3,search,4,1.0,1,0,1,1,0,1,0,,,,0,1,0,0,0,0,0,0,0,u:demo_user_722,0
demo_session_00231,demo_user_1336,,2020-01-13 14:29:00,P1,self,5,1.0,1,1,1,3,1,0,0,0.0,,,0,1,1,1,0,0,0,0,0,u:demo_user_1336,0
demo_session_00232,0,demo_anon_30,2020-01-08 04:23:00,P1,search,3,0.0,0,0,0,0,0,0,0,0.0,,,0,0,0,0,1,0,0,0,1,a:demo_anon_30,0
demo_session_00233,demo_user_1183,,2020-01-24 08:47:00,P1,self,4,1.0,1,2,0,2,0,0,0,0.0,,,1,0,1,0,0,0,0,0,0,u:demo_user_1183,0
demo_session_00234,demo_user_768,,2020-03-03 12:32:00,P3,self,5,3.0,0,2,0,3,1,0,0,,,,1,1,0,0,0,0,0,0,0,u:demo_user_768,0
demo_session_00235,demo_user_1122,,2020-01-26 05:59:00,P1,self,4,0.0,0,0,0,1,0,0,0,0.0,,,0,0,1,0,0,0,0,0,0,u:demo_user_1122,1
demo_session_00236,demo_user_1034,,2020-02-08 01:42:00,P2,search,5,0.0,1,1,1,4,1,0,0,0.0,,,0,0,1,0,0,0,0,0,0,u:demo_user_1034,1
demo_session_00237,demo_user_674,,2020-04-19 08:56:00,P4,search,3,2.0,1,1,1,2,1,1,0,,,,0,0,0,0,0,0,1,0,0,u:demo_user_674,0
demo_session_00238,demo_user_481,,2020-01-06 05:08:00,P1,self,5,0.0,1,0,0,4,0,0,0,1.0,,,0,1,1,0,0,0,0,0,0,u:demo_user_481,0
demo_session_00239,demo_user_978,,2020-01-10 08:42:00,P1,feed,4,3.0,0,1,0,1,0,1,0,0.0,,,0,0,0,0,0,0,0,0,0,u:demo_user_978,0
demo_session_00240,demo_user_218,,2020-02-16 18:15:00,P2,feed,5,2.0,1,0,0,1,1,0,0,1.0,,,1,1,0,1,0,0,0,0,0,u:demo_user_218,0
demo_session_00241,demo_user_911,,2020-03-31 03:21:00,P4,self,5,1.0,1,1,1,2,2,0,0,,,,0,0,0,0,0,0,0,0,0,u:demo_user_911,0
demo_session_00242,demo_user_147,,2020-04-08 20:22:00,P4,search,5,2.0,0,2,0,0,0,0,0,,,,0,1,0,1,0,0,0,0,0,u:demo_user_147,0
demo_session_00243,demo_user_1013,,2020-02-04 12:35:00,P2,search,5,0.0,1,2,1,2,0,0,0,0.0,,,0,0,0,0,0,0,0,0,0,u:demo_user_1013,0
demo_session_00244,0,demo_anon_980,2020-02-04 21:15:00,P2,self,4,3.0,1,2,0,1,0,0,0,0.0,,,0,1,1,0,0,0,0,0,1,a:demo_anon_980,0
demo_session_00245,demo_user_131,,2020-03-10 21:24:00,P3,search,5,3.0,1,0,0,2,1,0,0,,,,0,0,0,1,0,0,0,0,0,u:demo_user_131,0
demo_session_00246,demo_user_1181,,2020-04-13 22:03:00,P4,self,3,3.0,1,2,0,1,0,0,0,,,,0,0,0,0,0,0,0,0,0,u:demo_user_1181,0
demo_session_00247,demo_user_648,,2020-01-22 06:34:00,P1,feed,5,0.0,0,1,0,1,0,0,0,0.0,,,1,0,1,0,0,0,0,0,0,u:demo_user_648,0
demo_session_00248,demo_user_1227,,2020-04-17 01:53:00,P4,feed,4,0.0,0,0,1,0,0,0,0,,,,0,1,0,0,0,0,0,0,0,u:demo_user_1227,0
demo_session_00249,demo_user_64,,2020-04-06 18:48:00,P4,feed,4,1.0,1,1,0,0,0,0,0,,,,0,1,1,1,0,0,0,0,0,u:demo_user_64,0
demo_session_00250,demo_user_279,,2020-02-02 03:06:00,P2,search,3,1.0,0,0,1,1,0,0,0,1.0,,,0,0,0,0,0,0,1,0,0,u:demo_user_279,0
demo_session_00251,0,demo_anon_770,2020-03-21 11:49:00,P3,search,4,0.0,1,0,1,0,0,0,0,,,-0.0,0,0,1,1,0,0,0,0,1,a:demo_anon_770,1
demo_session_00252,demo_user_293,,2020-03-16 11:05:00,P3,feed,5,1.0,1,1,0,3,0,0,0,,,,0,0,0,0,0,0,0,0,0,u:demo_user_293,0
demo_session_00253,demo_user_514,,2020-01-03 12:54:00,P1,self,4,1.0,1,0,0,4,2,0,0,1.0,,,1,0,1,0,0,0,0,0,0,u:demo_user_514,0
demo_session_00254,0,demo_anon_1030,2020-02-18 04:56:00,P2,self,5,0.0,1,1,0,2,1,0,0,2.0,,,0,1,0,1,0,0,0,0,1,a:demo_anon_1030,0
demo_session_00255,0,demo_anon_225,2020-01-29 10:56:00,P1,search,4,2.0,0,0,0,0,0,0,0,1.0,,,0,0,1,1,0,0,0,0,1,a:demo_anon_225,0
demo_session_00256,demo_user_1057,,2020-01-09 03:55:00,P1,self,1,0.0,1,1,1,1,0,0,0,0.0,,,0,0,0,0,1,0,0,1,0,u:demo_user_1057,0
demo_session_00257,demo_user_161,,2020-02-25 23:05:00,P2,self,5,1.0,1,2,1,3,0,0,0,2.0,,,0,1,1,0,0,0,0,0,0,u:demo_user_161,0
demo_session_00258,demo_user_273,,2020-03-25 07:44:00,P3,self,4,0.0,0,1,1,3,0,1,0,,,,1,0,0,1,0,0,0,0,0,u:demo_user_273,0
demo_session_00259,demo_user_916,,2020-03-04 17:47:00,P3,search,1,2.0,1,0,2,0,0,0,0,,,,0,0,0,0,1,0,1,0,0,u:demo_user_916,0
demo_session_00260,demo_user_1237,,2020-01-11 15:26:00,P1,self,5,1.0,1,1,0,0,0,0,0,0.0,,,0,1,1,0,0,0,0,0,0,u:demo_user_1237,0
demo_session_00261,demo_user_266,,2020-04-09 06:32:00,P4,self,5,0.0,1,1,1,0,0,0,0,,,,0,0,1,0,0,0,0,0,0,u:demo_user_266,0
demo_session_00262,demo_user_467,,2020-01-09 10:46:00,P1,self,4,0.0,1,1,0,1,1,1,0,1.0,,,0,1,0,0,0,0,0,0,0,u:demo_user_467,0
demo_session_00263,demo_user_1443,,2020-02-16 10:27:00,P2,self,4,1.0,0,0,1,0,0,0,0,1.0,,,1,0,1,0,0,0,0,0,0,u:demo_user_1443,0
demo_session_00264,demo_user_1543,,2020-03-09 04:57:00,P3,feed,3,3.0,1,1,0,1,1,1,0,,,,0,0,0,0,1,0,0,0,0,u:demo_user_1543,0
demo_session_00265,demo_user_906,,2020-04-21 05:18:00,P4,self,4,1.0,0,2,1,2,1,0,0,,,,0,1,0,0,0,0,0,0,0,u:demo_user_906,0
demo_session_00266,demo_user_697,,2020-03-31 11:19:00,P4,search,5,1.0,1,3,0,5,3,0,0,,,,0,1,0,0,0,0,0,0,0,u:demo_user_697,0
demo_session_00267,demo_user_541,,2020-01-24 06:23:00,P1,search,3,3.0,1,0,0,1,0,0,0,0.0,,,0,0,0,0,1,1,0,0,0,u:demo_user_541,0
demo_session_00268,0,demo_anon_955,2020-02-21 07:52:00,P2,self,5,1.0,1,1,0,2,1,0,0,0.0,,,0,0,0,1,0,0,0,0,1,a:demo_anon_955,0
demo_session_00269,demo_user_921,,2020-04-12 22:12:00,P4,feed,2,0.0,0,0,0,1,0,0,0,,,,0,0,0,0,1,1,1,1,0,u:demo_user_921,0
demo_session_00270,demo_user_459,,2020-01-30 17:31:00,P1,search,5,1.0,0,1,0,2,0,1,0,1.0,,,0,1,0,1,0,0,0,0,0,u:demo_user_459,0
demo_session_00271,0,demo_anon_35,2020-04-18 12:22:00,P4,search,3,2.0,1,0,0,0,0,0,0,,,,0,0,0,0,1,0,1,0,1,a:demo_anon_35,0
demo_session_00272,demo_user_236,,2020-03-05 00:17:00,P3,self,4,1.0,1,3,1,3,1,1,0,,,,0,1,0,0,0,0,0,0,0,u:demo_user_236,0
demo_session_00273,0,demo_anon_1495,2020-03-16 04:51:00,P3,self,5,3.0,1,4,0,4,2,0,0,,,0.0,0,1,1,0,0,0,0,0,1,a:demo_anon_1495,0
demo_session_00274,demo_user_652,,2020-03-20 13:09:00,P3,feed,1,3.0,1,0,0,1,0,0,0,,,,0,0,0,0,1,0,1,0,0,u:demo_user_652,0
demo_session_00275,demo_user_752,,2020-04-26 02:28:00,P4,search,2,0.0,1,2,0,0,0,0,0,,,,0,0,0,0,0,1,1,0,0,u:demo_user_752,0
demo_session_00276,demo_user_728,,2020-03-23 12:51:00,P3,feed,5,2.0,1,0,0,1,0,0,0,,,,1,0,0,1,0,0,0,0,0,u:demo_user_728,0
demo_session_00277,demo_user_1221,,2020-02-19 06:29:00,P2,feed,5,0.0,0,0,0,2,1,0,0,0.0,,,0,1,1,0,0,0,0,0,0,u:demo_user_1221,1
demo_session_00278,demo_user_101,,2020-03-11 19:20:00,P3,self,4,0.0,1,3,0,3,2,0,0,,,,0,0,0,0,0,0,0,0,0,u:demo_user_101,0
demo_session_00279,demo_user_129,,2020-03-24 21:56:00,P3,search,5,2.0,0,0,0,1,0,0,0,,,,0,1,0,0,0,0,0,0,0,u:demo_user_129,0
demo_session_00280,0,demo_anon_430,2020-03-12 18:16:00,P3,search,5,3.0,1,0,0,0,0,0,0,,,,0,1,0,0,0,0,0,0,1,a:demo_anon_430,0
demo_session_00281,demo_user_759,,2020-01-02 05:04:00,P1,search,5,0.0,0,0,1,1,0,0,0,2.0,,,0,1,1,0,0,0,0,0,0,u:demo_user_759,1
demo_session_00282,demo_user_1046,,2020-04-18 05:16:00,P4,self,5,1.0,1,3,0,3,2,0,0,,,,0,1,0,0,0,0,0,0,0,u:demo_user_1046,0
demo_session_00283,0,demo_anon_765,2020-02-02 23:04:00,P2,self,3,1.0,0,2,0,0,0,0,0,0.0,,,0,0,0,0,0,0,1,0,1,a:demo_anon_765,0
demo_session_00284,demo_user_688,,2020-03-19 02:31:00,P3,search,5,0.0,1,1,0,1,0,0,0,,,,0,1,1,1,0,0,0,0,0,u:demo_user_688,0
demo_session_00285,demo_user_1463,,2020-03-08 23:08:00,P3,search,4,0.0,1,1,0,1,0,0,0,,,,0,0,1,1,0,0,0,0,0,u:demo_user_1463,1
demo_session_00286,demo_user_251,,2020-01-15 09:58:00,P1,search,5,3.0,1,0,1,1,0,0,0,0.0,,,0,0,0,0,0,0,0,0,0,u:demo_user_251,0
demo_session_00287,demo_user_891,,2020-04-15 02:41:00,P4,self,5,0.0,0,1,0,3,1,0,0,,,,1,1,0,1,0,0,0,0,0,u:demo_user_891,1
demo_session_00288,0,demo_anon_845,2020-01-10 23:41:00,P1,self,5,3.0,1,2,0,3,1,0,0,1.0,,,1,1,1,1,0,0,0,0,1,a:demo_anon_845,0
demo_session_00289,demo_user_738,,2020-04-24 08:25:00,P4,feed,5,1.0,0,2,0,2,1,0,0,,,,0,1,1,1,0,0,0,0,0,u:demo_user_738,0
demo_session_00290,demo_user_1259,,2020-04-20 14:45:00,P4,search,4,1.0,1,1,1,3,1,0,0,,,,1,0,0,0,0,0,0,0,0,u:demo_user_1259,0
demo_session_00291,demo_user_416,,2020-03-10 12:46:00,P3,search,5,2.0,1,0,0,1,1,0,0,,,,0,0,0,0,0,0,0,0,0,u:demo_user_416,0
demo_session_00292,demo_user_1487,,2020-04-24 12:24:00,P4,search,4,0.0,1,0,0,0,0,0,0,,,,0,0,1,1,0,0,0,0,0,u:demo_user_1487,0
demo_session_00293,demo_user_517,,2020-04-12 16:54:00,P4,search,4,0.0,1,1,0,2,1,0,0,,,,0,1,0,0,0,0,0,0,0,u:demo_user_517,1
demo_session_00294,0,demo_anon_850,2020-04-17 23:28:00,P4,search,4,1.0,1,0,0,2,1,0,0,,,,1,0,0,0,0,0,0,0,1,a:demo_anon_850,0
demo_session_00295,demo_user_812,,2020-04-05 21:47:00,P4,search,3,1.0,1,0,0,1,0,0,0,,,,0,0,0,0,1,1,0,0,0,u:demo_user_812,0
demo_session_00296,0,demo_anon_1325,2020-04-21 11:57:00,P4,feed,4,3.0,1,1,0,0,0,0,0,,,,1,1,1,1,0,0,0,0,1,a:demo_anon_1325,0
demo_session_00297,demo_user_684,,2020-04-02 20:10:00,P4,feed,5,1.0,0,1,0,1,0,0,0,,,,0,0,1,0,0,0,0,0,0,u:demo_user_684,0
demo_session_00298,demo_user_443,,2020-04-15 15:10:00,P4,feed,5,1.0,1,1,1,1,0,0,0,,,,1,1,0,0,0,0,0,0,0,u:demo_user_443,0
demo_session_00299,demo_user_33,,2020-01-14 09:00:00,P1,search,5,0.0,0,0,0,2,1,0,0,2.0,,,1,0,0,0,0,0,0,0,0,u:demo_user_33,1
demo_session_00300,demo_user_567,,2020-02-21 05:20:00,P2,search,5,0.0,0,1,1,4,1,0,0,0.0,,,0,1,0,0,0,0,0,0,0,u:demo_user_567,0
demo_session_00301,demo_user_1289,,2020-02-27 10:28:00,P2,search,4,0.0,1,0,2,1,0,0,0,1.0,,,0,0,0,1,0,0,0,0,0,u:demo_user_1289,0
demo_session_00302,0,demo_anon_15,2020-04-19 03:26:00,P4,feed,4,1.0,0,0,0,0,0,0,0,,,,1,1,1,0,0,0,0,0,1,a:demo_anon_15,0
demo_session_00303,demo_user_1398,,2020-02-28 08:25:00,P2,search,4,0.0,0,0,1,3,1,0,0,0.0,,,1,1,0,1,0,0,0,0,0,u:demo_user_1398,0
demo_session_00304,demo_user_846,,2020-02-22 18:44:00,P2,search,1,3.0,0,0,0,0,0,0,0,0.0,,,0,0,0,0,0,1,0,0,0,u:demo_user_846,0
demo_session_00305,demo_user_218,,2020-04-04 11:52:00,P4,search,5,2.0,1,1,0,1,0,1,0,,,,0,1,0,0,0,0,0,0,0,u:demo_user_218,0
demo_session_00306,demo_user_471,,2020-03-19 00:28:00,P3,search,3,3.0,0,1,0,4,1,0,0,,,,0,0,0,0,0,0,0,1,0,u:demo_user_471,0
demo_session_00307,demo_user_864,,2020-03-11 07:59:00,P3,search,4,2.0,0,1,2,1,0,1,0,,,,1,1,0,0,0,0,0,0,0,u:demo_user_864,0
demo_session_00308,demo_user_492,,2020-04-19 15:30:00,P4,self,5,1.0,0,2,1,2,0,0,0,,,,0,0,0,0,0,0,0,0,0,u:demo_user_492,0
demo_session_00309,demo_user_169,,2020-04-08 09:10:00,P4,search,5,3.0,1,1,0,1,1,0,0,,,,0,0,1,0,0,0,0,0,0,u:demo_user_169,0
demo_session_00310,demo_user_1038,,2020-03-26 08:27:00,P3,search,4,3.0,0,0,4,1,1,0,0,,,,1,0,0,0,0,0,0,0,0,u:demo_user_1038,0
demo_session_00311,demo_user_1048,,2020-04-24 18:34:00,P4,self,5,2.0,1,1,0,1,0,0,0,,,,1,0,0,0,0,0,0,0,0,u:demo_user_1048,0
demo_session_00312,0,demo_anon_185,2020-01-06 19:07:00,P1,feed,5,2.0,1,0,1,2,0,0,0,0.0,,,0,0,0,0,0,0,0,0,1,a:demo_anon_185,0
demo_session_00313,demo_user_438,,2020-03-07 13:25:00,P3,search,5,0.0,0,2,0,5,2,0,0,,,,0,1,0,1,0,0,0,0,0,u:demo_user_438,0
demo_session_00314,0,demo_anon_380,2020-01-04 17:26:00,P1,self,1,1.0,1,1,0,1,0,0,0,0.0,,,0,0,0,0,0,1,1,0,1,a:demo_anon_380,0
demo_session_00315,demo_user_1028,,2020-04-05 00:07:00,P4,feed,5,3.0,1,0,1,3,2,0,0,,,,0,1,0,0,0,0,0,0,0,u:demo_user_1028,0
demo_session_00316,demo_user_1139,,2020-01-16 06:08:00,P1,search,5,3.0,1,1,0,2,1,0,0,0.0,,,0,0,0,1,0,0,0,0,0,u:demo_user_1139,0
demo_session_00317,demo_user_1134,,2020-03-08 06:24:00,P3,search,4,0.0,0,0,0,1,1,0,0,,,,0,1,0,0,0,0,0,0,0,u:demo_user_1134,0
demo_session_00318,demo_user_1464,,2020-04-03 21:48:00,P4,self,4,2.0,0,4,0,4,0,0,0,,,,0,0,0,0,0,0,0,0,0,u:demo_user_1464,0
demo_session_00319,demo_user_1199,,2020-03-16 02:01:00,P3,feed,4,0.0,1,0,0,2,2,0,0,,,1.0,0,0,1,0,0,0,0,0,0,u:demo_user_1199,1
demo_session_00320,0,demo_anon_500,2020-01-08 01:02:00,P1,search,5,2.0,1,0,0,0,0,0,0,0.0,,,0,1,0,0,0,0,0,0,1,a:demo_anon_500,0
demo_session_00321,demo_user_168,,2020-02-27 02:53:00,P2,search,3,1.0,0,0,1,2,1,0,0,0.0,,,0,0,0,0,0,0,0,0,0,u:demo_user_168,0
demo_session_00322,demo_user_958,,2020-04-03 13:25:00,P4,self,1,0.0,1,3,0,3,2,0,0,,,,0,0,0,0,0,1,0,0,0,u:demo_user_958,0
demo_session_00323,demo_user_1428,,2020-04-25 03:38:00,P4,search,4,2.0,0,1,0,1,1,1,0,,,,0,1,1,0,0,0,0,0,0,u:demo_user_1428,0
demo_session_00324,demo_user_1521,,2020-04-17 18:38:00,P4,search,4,2.0,0,1,0,1,0,0,0,,,,1,1,1,0,0,0,0,0,0,u:demo_user_1521,0
demo_session_00325,demo_user_359,,2020-04-08 02:37:00,P4,search,2,1.0,1,0,1,1,0,0,0,,,,0,0,0,0,0,0,1,0,0,u:demo_user_359,0
demo_session_00326,demo_user_368,,2020-02-06 19:54:00,P2,search,5,1.0,1,1,0,0,0,1,0,1.0,,,1,1,0,0,0,0,0,0,0,u:demo_user_368,0
demo_session_00327,demo_user_58,,2020-03-31 05:35:00,P4,feed,5,1.0,1,1,1,1,0,0,0,,,,0,0,0,0,0,0,0,0,0,u:demo_user_58,0
demo_session_00328,0,demo_anon_220,2020-01-21 00:38:00,P1,search,5,0.0,1,1,2,4,2,0,0,0.0,,,0,1,0,0,0,0,0,0,1,a:demo_anon_220,1
demo_session_00329,0,demo_anon_865,2020-02-09 13:11:00,P2,self,5,2.0,1,0,1,1,1,0,0,1.0,,3.0,1,0,1,1,0,0,0,0,1,a:demo_anon_865,0
demo_session_00330,demo_user_853,,2020-02-04 00:13:00,P2,feed,5,1.0,1,1,0,0,0,0,0,0.0,,,0,0,0,0,0,0,0,0,0,u:demo_user_853,0
demo_session_00331,demo_user_578,,2020-02-28 05:59:00,P2,search,4,1.0,1,1,0,1,0,0,0,0.0,,,1,0,0,1,0,0,0,0,0,u:demo_user_578,0
demo_session_00332,demo_user_483,,2020-04-15 00:49:00,P4,feed,4,0.0,0,0,0,0,0,1,0,,,,0,1,0,0,0,0,0,0,0,u:demo_user_483,0
demo_session_00333,demo_user_1294,,2020-04-13 13:10:00,P4,feed,3,1.0,1,1,0,1,1,0,0,,,,0,0,0,0,0,0,0,0,0,u:demo_user_1294,0
demo_session_00334,demo_user_717,,2020-04-17 02:58:00,P4,feed,3,2.0,0,2,0,0,0,0,0,,,,0,0,0,0,1,0,0,1,0,u:demo_user_717,0
demo_session_00335,0,demo_anon_1260,2020-04-22 08:47:00,P4,search,4,2.0,0,1,0,1,0,0,0,,,,0,0,1,0,0,0,0,0,1,a:demo_anon_1260,0
demo_session_00336,demo_user_1502,,2020-01-04 08:42:00,P1,search,2,2.0,1,0,0,1,0,0,0,0.0,,,0,0,0,0,1,0,1,1,0,u:demo_user_1502,0
demo_session_00337,demo_user_494,,2020-04-29 16:56:00,P4,self,5,1.0,1,0,1,2,1,1,0,,,,0,0,0,1,0,0,0,0,0,u:demo_user_494,0
demo_session_00338,demo_user_316,,2020-04-15 07:28:00,P4,search,5,1.0,1,2,0,2,0,1,0,,,,0,1,1,0,0,0,0,0,0,u:demo_user_316,0
demo_session_00339,demo_user_1486,,2020-03-29 03:09:00,P3,search,5,0.0,1,1,0,2,0,0,0,,,,0,1,1,0,0,0,0,0,0,u:demo_user_1486,0
demo_session_00340,0,demo_anon_990,2020-01-10 15:52:00,P1,search,5,0.0,0,5,1,6,3,0,0,1.0,,,0,0,0,0,0,0,0,0,1,a:demo_anon_990,1
demo_session_00341,demo_user_453,,2020-03-28 16:48:00,P3,feed,3,0.0,0,2,1,3,1,0,0,,,,0,0,0,0,0,0,0,0,0,u:demo_user_453,0
demo_session_00342,0,demo_anon_970,2020-03-22 01:35:00,P3,self,4,3.0,1,2,0,1,0,0,0,,,,0,1,0,0,0,0,0,0,1,a:demo_anon_970,0
demo_session_00343,demo_user_803,,2020-01-12 06:21:00,P1,self,5,0.0,1,2,1,3,0,0,0,0.0,,,0,1,1,1,0,0,0,0,0,u:demo_user_803,1
demo_session_00344,demo_user_1412,,2020-01-25 05:24:00,P1,search,4,2.0,1,1,0,1,0,0,0,1.0,,,0,1,0,0,0,0,0,0,0,u:demo_user_1412,0
demo_session_00345,demo_user_399,,2020-03-31 04:26:00,P4,search,3,1.0,0,2,0,2,1,0,0,,,,0,0,0,0,1,0,1,0,0,u:demo_user_399,0
demo_session_00346,demo_user_1546,,2020-01-21 01:04:00,P1,self,5,0.0,1,1,0,0,0,0,0,0.0,,,0,1,0,1,0,0,0,0,0,u:demo_user_1546,0
demo_session_00347,0,demo_anon_1460,2020-02-11 14:36:00,P2,self,3,2.0,1,2,0,2,1,0,0,0.0,,,0,0,0,0,0,0,1,0,1,a:demo_anon_1460,0
demo_session_00348,demo_user_281,,2020-03-13 23:20:00,P3,feed,3,0.0,1,1,0,2,0,0,0,,,,0,0,0,0,0,1,1,0,0,u:demo_user_281,0
demo_session_00349,demo_user_256,,2020-04-13 18:06:00,P4,search,4,0.0,1,1,0,2,1,0,0,,,,1,0,1,1,0,0,0,0,0,u:demo_user_256,0
demo_session_00350,demo_user_831,,2020-02-04 03:12:00,P2,self,4,0.0,0,2,1,4,2,0,0,1.0,,,0,1,0,0,0,0,0,0,0,u:demo_user_831,0
demo_session_00351,0,demo_anon_70,2020-01-02 08:24:00,P1,self,3,3.0,1,2,0,0,0,0,0,0.0,,,0,0,0,0,1,0,0,0,1,a:demo_anon_70,0
demo_session_00352,demo_user_466,,2020-04-12 03:34:00,P4,search,3,1.0,1,1,1,1,1,0,0,,,,0,0,0,0,0,0,0,0,0,u:demo_user_466,0
demo_session_00353,demo_user_678,,2020-04-22 03:01:00,P4,self,5,0.0,0,3,1,4,2,0,0,,,,1,0,0,0,0,0,0,0,0,u:demo_user_678,0
demo_session_00354,demo_user_1512,,2020-04-12 12:42:00,P4,search,4,0.0,0,0,2,2,0,0,0,,,,0,0,0,1,0,0,0,0,0,u:demo_user_1512,0
demo_session_00355,demo_user_1548,,2020-02-28 01:34:00,P2,search,4,3.0,0,2,1,4,2,0,0,0.0,,-1.0,0,1,1,0,0,0,0,0,0,u:demo_user_1548,0
demo_session_00356,demo_user_236,,2020-03-27 10:08:00,P3,self,5,1.0,1,2,1,4,1,0,0,,,,1,1,0,1,0,0,0,0,0,u:demo_user_236,0
demo_session_00357,demo_user_1391,,2020-01-16 08:30:00,P1,search,5,0.0,1,0,0,1,0,1,0,0.0,,,0,1,0,0,0,0,0,0,0,u:demo_user_1391,0
demo_session_00358,demo_user_141,,2020-03-17 11:29:00,P3,self,4,3.0,0,0,0,0,0,0,0,,,,0,0,0,1,0,0,0,0,0,u:demo_user_141,0
demo_session_00359,demo_user_1167,,2020-03-13 02:52:00,P3,self,4,0.0,0,5,1,7,2,0,0,,,,0,0,0,0,0,0,0,0,0,u:demo_user_1167,0
demo_session_00360,demo_user_1319,,2020-03-17 06:03:00,P3,feed,5,1.0,1,2,0,2,1,0,0,,,,0,1,1,0,0,0,0,0,0,u:demo_user_1319,0
demo_session_00361,demo_user_1389,,2020-03-24 01:03:00,P3,search,5,1.0,0,1,1,2,1,0,0,,,1.0,0,1,0,0,0,0,0,0,0,u:demo_user_1389,0
demo_session_00362,demo_user_348,,2020-04-16 17:38:00,P4,feed,5,1.0,0,3,1,4,3,0,0,,,,1,0,0,0,0,0,0,0,0,u:demo_user_348,0
demo_session_00363,demo_user_1393,,2020-04-03 13:49:00,P4,self,3,2.0,1,1,1,2,0,0,0,,,,0,0,0,0,0,0,0,0,0,u:demo_user_1393,0
demo_session_00364,0,demo_anon_180,2020-01-05 09:43:00,P1,self,5,1.0,0,2,0,2,0,0,0,0.0,,,1,0,1,1,0,0,0,0,1,a:demo_anon_180,0
demo_session_00365,demo_user_809,,2020-03-25 05:19:00,P3,search,5,0.0,1,1,0,2,2,0,0,,,,1,1,0,0,0,0,0,0,0,u:demo_user_809,0
demo_session_00366,demo_user_732,,2020-03-28 12:55:00,P3,search,3,3.0,0,1,0,1,0,0,0,,,,0,0,0,0,0,0,0,0,0,u:demo_user_732,0
demo_session_00367,demo_user_492,,2020-03-07 09:43:00,P3,feed,5,1.0,0,0,0,1,0,0,0,,,,1,1,1,1,0,0,0,0,0,u:demo_user_492,0
demo_session_00368,demo_user_34,,2020-03-15 20:30:00,P3,self,4,1.0,1,2,0,0,0,0,0,,,,1,1,0,0,0,0,0,0,0,u:demo_user_34,0
demo_session_00369,demo_user_1204,,2020-01-10 19:59:00,P1,feed,3,3.0,1,0,1,1,1,0,0,0.0,,,0,0,0,0,0,0,0,0,0,u:demo_user_1204,0
demo_session_00370,demo_user_523,,2020-02-01 09:44:00,P2,feed,5,2.0,1,1,0,1,1,1,0,0.0,,,0,1,1,1,0,0,0,0,0,u:demo_user_523,0
demo_session_00371,demo_user_1032,,2020-04-13 13:08:00,P4,search,3,0.0,0,1,0,0,0,0,0,,,,0,0,0,0,1,0,0,0,0,u:demo_user_1032,0
demo_session_00372,demo_user_639,,2020-01-01 06:34:00,P1,self,5,0.0,0,3,0,3,1,0,0,0.0,,,1,1,1,1,0,0,0,0,0,u:demo_user_639,0
demo_session_00373,demo_user_582,,2020-04-28 00:12:00,P4,search,3,3.0,0,0,1,0,0,0,0,,,,0,0,0,0,1,0,0,1,0,u:demo_user_582,0
demo_session_00374,demo_user_1382,,2020-01-27 17:08:00,P1,self,5,0.0,1,2,2,1,0,0,0,0.0,,,0,1,0,1,0,0,0,0,0,u:demo_user_1382,0
demo_session_00375,demo_user_147,,2020-04-03 08:39:00,P4,search,2,2.0,0,2,1,2,1,0,0,,,,0,0,0,0,1,1,0,0,0,u:demo_user_147,0
demo_session_00376,demo_user_1149,,2020-01-27 09:04:00,P1,search,4,2.0,0,1,2,2,1,0,0,0.0,,,0,0,1,1,0,0,0,0,0,u:demo_user_1149,0
demo_session_00377,demo_user_1164,,2020-01-05 04:03:00,P1,feed,3,3.0,0,1,0,0,0,0,0,0.0,,,0,0,0,0,1,0,0,0,0,u:demo_user_1164,0
demo_session_00378,demo_user_592,,2020-03-13 13:19:00,P3,search,2,0.0,1,0,0,0,0,0,0,,,,0,0,0,0,1,0,0,0,0,u:demo_user_592,0
demo_session_00379,demo_user_409,,2020-03-31 16:24:00,P4,search,4,0.0,1,1,1,1,1,0,0,,,,0,0,0,0,0,0,0,0,0,u:demo_user_409,0
demo_session_00380,demo_user_8,,2020-01-11 05:38:00,P1,search,5,1.0,1,0,1,3,0,0,0,1.0,,,0,1,0,0,0,0,0,0,0,u:demo_user_8,0
demo_session_00381,demo_user_1461,,2020-02-02 08:33:00,P2,search,5,2.0,0,1,0,0,0,0,0,0.0,,,0,1,0,0,0,0,0,0,0,u:demo_user_1461,0
demo_session_00382,demo_user_1478,,2020-02-06 12:53:00,P2,feed,3,0.0,1,0,0,0,0,0,0,0.0,,,0,0,0,0,0,0,0,1,0,u:demo_user_1478,0
demo_session_00383,0,demo_anon_375,2020-04-25 10:50:00,P4,self,4,1.0,0,3,0,4,2,0,0,,,,0,0,1,1,0,0,0,0,1,a:demo_anon_375,0
demo_session_00384,demo_user_49,,2020-02-07 05:24:00,P2,feed,5,0.0,1,2,0,3,1,1,0,0.0,,,1,1,1,0,0,0,0,0,0,u:demo_user_49,0
demo_session_00385,demo_user_191,,2020-01-08 14:54:00,P1,feed,5,1.0,1,0,1,1,0,0,0,0.0,,,0,0,1,0,0,0,0,0,0,u:demo_user_191,0
demo_session_00386,0,demo_anon_105,2020-04-28 05:12:00,P4,feed,5,0.0,0,0,2,1,0,0,0,,,,1,0,0,0,0,0,0,0,1,a:demo_anon_105,0
demo_session_00387,demo_user_1296,,2020-01-12 01:42:00,P1,search,4,1.0,0,1,0,4,0,0,0,0.0,,,0,1,1,1,0,0,0,0,0,u:demo_user_1296,0
demo_session_00388,demo_user_1391,,2020-02-28 11:25:00,P2,feed,4,0.0,1,2,2,2,2,0,0,1.0,,,0,0,0,0,0,0,0,0,0,u:demo_user_1391,0
demo_session_00389,demo_user_239,,2020-01-22 18:20:00,P1,self,5,3.0,1,1,0,1,0,0,0,1.0,,,0,1,0,0,0,0,0,0,0,u:demo_user_239,0
demo_session_00390,demo_user_1164,,2020-01-31 06:52:00,P2,search,4,3.0,0,0,1,0,0,0,0,0.0,,,0,0,1,1,0,0,0,0,0,u:demo_user_1164,0
demo_session_00391,demo_user_279,,2020-03-31 09:05:00,P4,self,5,1.0,0,3,0,2,1,0,0,,,,0,0,1,0,0,0,0,0,0,u:demo_user_279,0
demo_session_00392,demo_user_572,,2020-01-17 07:48:00,P1,self,5,0.0,1,0,2,2,0,1,0,1.0,,,0,1,1,0,0,0,0,0,0,u:demo_user_572,1
demo_session_00393,0,demo_anon_935,2020-03-19 04:02:00,P3,search,4,0.0,1,1,0,3,2,0,0,,,,0,1,1,0,0,0,0,0,1,a:demo_anon_935,1
demo_session_00394,demo_user_1123,,2020-03-08 22:59:00,P3,self,4,0.0,1,3,1,0,0,0,0,,,,0,0,0,0,0,0,0,0,0,u:demo_user_1123,0
demo_session_00395,demo_user_1364,,2020-03-28 06:26:00,P3,self,4,0.0,1,2,0,2,1,0,0,,,,0,1,1,0,0,0,0,0,0,u:demo_user_1364,1
demo_session_00396,demo_user_69,,2020-01-20 04:50:00,P1,feed,5,0.0,0,0,2,5,3,0,0,0.0,,,1,0,0,0,0,0,0,0,0,u:demo_user_69,0
demo_session_00397,demo_user_306,,2020-02-12 11:11:00,P2,self,3,2.0,0,0,0,0,0,0,0,0.0,,,0,0,0,0,0,1,1,1,0,u:demo_user_306,0
demo_session_00398,demo_user_437,,2020-01-01 10:09:00,P1,search,4,3.0,1,0,0,3,1,0,0,0.0,,,1,1,0,1,0,0,0,0,0,u:demo_user_437,0
demo_session_00399,demo_user_484,,2020-04-15 13:10:00,P4,self,4,0.0,1,1,0,2,1,0,0,,,2.0,0,1,1,0,0,0,0,0,0,u:demo_user_484,1
demo_session_00400,demo_user_1556,,2020-04-28 16:24:00,P4,search,5,2.0,1,0,2,2,1,0,0,,,,1,1,1,0,0,0,0,0,0,u:demo_user_1556,0
demo_session_00401,demo_user_1212,,2020-02-23 13:13:00,P2,search,3,2.0,0,0,0,0,0,0,0,2.0,,,0,0,0,0,1,0,0,1,0,u:demo_user_1212,0
demo_session_00402,demo_user_499,,2020-03-04 13:49:00,P3,search,4,0.0,1,0,0,1,0,0,0,,,,1,1,0,1,0,0,0,0,0,u:demo_user_499,0
demo_session_00403,demo_user_1516,,2020-01-17 02:14:00,P1,search,1,0.0,1,2,0,4,3,0,0,0.0,,,0,0,0,0,1,1,0,0,0,u:demo_user_1516,0
demo_session_00404,demo_user_778,,2020-04-15 03:19:00,P4,feed,4,0.0,1,1,0,1,0,0,0,,,,0,1,1,1,0,0,0,0,0,u:demo_user_778,0
demo_session_00405,demo_user_781,,2020-04-02 02:19:00,P4,feed,3,0.0,1,2,0,2,2,0,0,,,,0,0,0,0,0,1,0,1,0,u:demo_user_781,1
demo_session_00406,demo_user_676,,2020-01-14 18:46:00,P1,self,4,0.0,1,3,1,2,0,1,0,1.0,,,0,1,0,1,0,0,0,0,0,u:demo_user_676,0
demo_session_00407,demo_user_224,,2020-03-04 13:04:00,P3,search,5,3.0,1,0,1,0,0,0,0,,,,0,1,0,0,0,0,0,0,0,u:demo_user_224,0
demo_session_00408,demo_user_1457,,2020-01-21 14:25:00,P1,search,4,0.0,1,1,2,5,2,0,0,0.0,,,0,1,0,0,0,0,0,0,0,u:demo_user_1457,0
demo_session_00409,demo_user_21,,2020-03-12 05:01:00,P3,self,5,3.0,0,2,0,1,1,0,0,,,,0,1,1,0,0,0,0,0,0,u:demo_user_21,0
demo_session_00410,demo_user_271,,2020-03-19 19:32:00,P3,feed,5,3.0,1,0,1,2,2,0,0,,,,0,0,0,0,0,0,0,0,0,u:demo_user_271,0
demo_session_00411,demo_user_358,,2020-02-16 05:08:00,P2,self,4,1.0,1,1,0,2,1,0,0,0.0,,,0,1,0,0,0,0,0,0,0,u:demo_user_358,0
demo_session_00412,0,demo_anon_435,2020-02-22 23:48:00,P2,feed,5,2.0,0,2,0,3,1,0,0,1.0,,,0,0,0,0,0,0,0,0,1,a:demo_anon_435,0
demo_session_00413,0,demo_anon_205,2020-03-26 06:52:00,P3,self,5,3.0,1,3,1,5,3,0,0,,,,1,1,0,0,0,0,0,0,1,a:demo_anon_205,0
demo_session_00414,demo_user_28,,2020-01-19 17:02:00,P1,self,5,3.0,1,2,0,0,0,0,0,0.0,,,0,0,1,1,0,0,0,0,0,u:demo_user_28,0
demo_session_00415,demo_user_1057,,2020-01-05 06:26:00,P1,feed,4,0.0,1,2,0,4,1,0,0,0.0,,,0,1,1,0,0,0,0,0,0,u:demo_user_1057,0
demo_session_00416,demo_user_1512,,2020-02-19 23:42:00,P2,feed,1,0.0,0,3,1,5,3,0,0,0.0,,,0,0,0,0,0,0,1,0,0,u:demo_user_1512,0
demo_session_00417,0,demo_anon_190,2020-02-28 22:35:00,P2,feed,4,0.0,1,2,2,4,1,1,0,0.0,,,0,0,0,0,0,0,0,0,1,a:demo_anon_190,0
demo_session_00418,demo_user_462,,2020-02-04 08:30:00,P2,feed,4,0.0,0,0,0,3,0,0,0,1.0,,,1,0,1,1,0,0,0,0,0,u:demo_user_462,1
demo_session_00419,demo_user_789,,2020-02-21 06:13:00,P2,search,4,3.0,0,0,2,1,1,0,0,1.0,,,0,1,0,0,0,0,0,0,0,u:demo_user_789,0
demo_session_00420,demo_user_1446,,2020-01-13 06:52:00,P1,self,5,3.0,0,2,0,3,1,1,0,1.0,,,0,0,1,0,0,0,0,0,0,u:demo_user_1446,0
demo_session_00421,demo_user_1083,,2020-03-30 13:51:00,P3,self,1,0.0,0,2,0,1,0,0,0,,,,0,0,0,0,0,0,0,0,0,u:demo_user_1083,0
demo_session_00422,0,demo_anon_1195,2020-04-01 23:22:00,P4,search,4,1.0,1,4,0,4,1,0,0,,,,1,1,1,0,0,0,0,0,1,a:demo_anon_1195,0
demo_session_00423,demo_user_906,,2020-02-01 21:42:00,P2,self,2,1.0,0,1,0,0,0,0,0,0.0,,,0,0,0,0,1,0,1,0,0,u:demo_user_906,0
demo_session_00424,0,demo_anon_650,2020-03-19 05:10:00,P3,feed,4,3.0,1,1,0,2,2,0,0,,,,0,0,1,1,0,0,0,0,1,a:demo_anon_650,0
demo_session_00425,demo_user_311,,2020-01-29 01:05:00,P1,self,4,0.0,1,2,0,2,1,0,0,0.0,,,0,1,1,0,0,0,0,0,0,u:demo_user_311,0
demo_session_00426,demo_user_1348,,2020-02-17 10:17:00,P2,self,5,3.0,1,1,3,1,1,0,0,1.0,,,0,0,1,1,0,0,0,0,0,u:demo_user_1348,0
demo_session_00427,demo_user_1254,,2020-02-08 09:07:00,P2,self,5,0.0,0,2,1,3,1,0,0,0.0,,,1,0,0,0,0,0,0,0,0,u:demo_user_1254,1
demo_session_00428,demo_user_39,,2020-04-26 12:07:00,P4,self,4,0.0,0,2,1,2,0,0,0,,,,0,1,0,0,0,0,0,0,0,u:demo_user_39,0
demo_session_00429,demo_user_1116,,2020-02-27 15:57:00,P2,self,5,0.0,0,3,0,0,0,0,0,1.0,,-1.0,0,1,1,1,0,0,0,0,0,u:demo_user_1116,0
demo_session_00430,demo_user_131,,2020-03-16 22:48:00,P3,search,5,3.0,1,1,2,4,1,0,0,,,,0,1,1,1,0,0,0,0,0,u:demo_user_131,0
demo_session_00431,demo_user_1152,,2020-01-26 04:26:00,P1,self,5,3.0,0,3,1,2,1,0,0,0.0,,,0,1,1,0,0,0,0,0,0,u:demo_user_1152,0
demo_session_00432,demo_user_1288,,2020-04-21 06:45:00,P4,search,4,3.0,1,0,0,1,0,0,0,,,,1,1,1,0,0,0,0,0,0,u:demo_user_1288,0
demo_session_00433,demo_user_204,,2020-03-23 02:30:00,P3,feed,4,3.0,0,1,0,2,0,0,0,,,,0,0,0,0,0,0,0,0,0,u:demo_user_204,0
demo_session_00434,demo_user_676,,2020-01-13 16:40:00,P1,search,4,0.0,1,1,0,0,0,0,0,0.0,,,0,1,0,0,0,0,0,0,0,u:demo_user_676,0
demo_session_00435,demo_user_193,,2020-02-09 19:02:00,P2,search,5,0.0,1,1,1,2,1,0,0,0.0,,,1,1,1,0,0,0,0,0,0,u:demo_user_193,0
demo_session_00436,demo_user_884,,2020-03-01 16:53:00,P3,self,3,1.0,1,2,0,1,1,0,0,,,,0,0,0,0,0,0,0,0,0,u:demo_user_884,0
demo_session_00437,demo_user_1446,,2020-02-20 13:59:00,P2,self,5,3.0,0,0,1,2,1,0,0,0.0,,,1,1,1,1,0,0,0,0,0,u:demo_user_1446,0
demo_session_00438,demo_user_126,,2020-04-06 02:07:00,P4,self,4,1.0,0,1,0,4,1,0,0,,,,0,0,1,1,0,0,0,0,0,u:demo_user_126,0
demo_session_00439,0,demo_anon_620,2020-03-07 21:52:00,P3,feed,4,1.0,1,1,0,2,1,0,0,,,,0,1,0,0,0,0,0,0,1,a:demo_anon_620,0
demo_session_00440,demo_user_1518,,2020-03-07 20:39:00,P3,search,5,0.0,0,0,0,1,0,0,0,,,,0,1,0,0,0,0,0,0,0,u:demo_user_1518,1
demo_session_00441,demo_user_469,,2020-02-15 05:24:00,P2,self,4,0.0,1,1,0,3,2,0,0,0.0,,,1,1,1,1,0,0,0,0,0,u:demo_user_469,0
demo_session_00442,demo_user_206,,2020-04-11 07:22:00,P4,search,4,2.0,1,0,1,4,2,0,0,,,,0,1,1,0,0,0,0,0,0,u:demo_user_206,0
demo_session_00443,demo_user_762,,2020-03-25 03:32:00,P3,feed,5,0.0,0,2,0,0,0,0,0,,,1.0,0,1,1,1,0,0,0,0,0,u:demo_user_762,0
demo_session_00444,demo_user_793,,2020-03-25 16:53:00,P3,search,2,0.0,1,0,0,0,0,0,0,,,,0,0,0,0,1,0,0,0,0,u:demo_user_793,0
demo_session_00445,demo_user_1034,,2020-03-19 17:50:00,P3,search,4,0.0,1,0,0,1,1,0,0,,,,0,0,0,1,0,0,0,0,0,u:demo_user_1034,1
demo_session_00446,demo_user_489,,2020-03-20 19:11:00,P3,feed,4,0.0,0,0,1,2,0,0,0,,,,1,0,0,0,0,0,0,0,0,u:demo_user_489,0
demo_session_00447,0,demo_anon_1490,2020-03-31 19:41:00,P4,search,4,2.0,1,1,0,2,1,0,0,,,,1,1,1,1,0,0,0,0,1,a:demo_anon_1490,0
demo_session_00448,demo_user_812,,2020-01-29 01:56:00,P1,search,5,1.0,1,2,2,0,0,0,0,0.0,,,0,0,0,0,0,0,0,0,0,u:demo_user_812,0
demo_session_00449,demo_user_446,,2020-03-03 18:15:00,P3,self,5,3.0,1,2,0,3,2,0,0,,,,1,1,0,1,0,0,0,0,0,u:demo_user_446,0
demo_session_00450,demo_user_1498,,2020-01-16 17:57:00,P1,self,5,1.0,1,1,0,1,1,0,0,0.0,,,0,1,1,0,0,0,0,0,0,u:demo_user_1498,0
demo_session_00451,demo_user_1442,,2020-02-14 02:10:00,P2,feed,4,2.0,1,1,1,4,1,0,0,1.0,,,0,1,0,0,0,0,0,0,0,u:demo_user_1442,0
demo_session_00452,demo_user_778,,2020-02-04 22:56:00,P2,search,4,0.0,1,0,0,1,0,0,0,0.0,,,0,0,1,1,0,0,0,0,0,u:demo_user_778,0
demo_session_00453,demo_user_38,,2020-01-25 03:14:00,P1,search,5,3.0,1,1,0,2,1,1,0,1.0,,,0,1,0,0,0,0,0,0,0,u:demo_user_38,0
demo_session_00454,demo_user_931,,2020-03-06 16:04:00,P3,search,4,3.0,1,1,0,1,1,0,0,,,,0,0,0,0,0,0,0,0,0,u:demo_user_931,0
demo_session_00455,demo_user_866,,2020-02-22 10:13:00,P2,self,4,2.0,1,0,0,3,1,0,0,0.0,,,0,1,0,1,0,0,0,0,0,u:demo_user_866,0
demo_session_00456,demo_user_231,,2020-02-24 11:32:00,P2,feed,4,0.0,0,0,1,1,0,0,0,0.0,,,0,0,0,1,0,0,0,0,0,u:demo_user_231,1
demo_session_00457,demo_user_989,,2020-04-14 18:16:00,P4,self,4,2.0,1,1,2,0,0,0,0,,,,0,1,0,0,0,0,0,0,0,u:demo_user_989,0
demo_session_00458,demo_user_1311,,2020-02-13 10:14:00,P2,feed,5,3.0,0,1,1,2,1,1,0,1.0,,,0,0,0,1,0,0,0,0,0,u:demo_user_1311,0
demo_session_00459,0,demo_anon_165,2020-01-15 12:33:00,P1,search,4,0.0,0,1,1,3,1,0,0,2.0,,,0,1,0,1,0,0,0,0,1,a:demo_anon_165,1
demo_session_00460,demo_user_1128,,2020-04-04 22:33:00,P4,self,4,0.0,0,0,0,0,0,0,0,,,,0,0,0,0,0,0,0,0,0,u:demo_user_1128,0
demo_session_00461,demo_user_218,,2020-01-26 20:21:00,P1,self,4,2.0,1,3,0,5,1,0,0,0.0,,,0,1,0,1,0,0,0,0,0,u:demo_user_218,0
demo_session_00462,demo_user_1168,,2020-04-26 19:47:00,P4,feed,5,3.0,1,1,1,4,1,0,0,,,,0,1,1,0,0,0,0,0,0,u:demo_user_1168,0
demo_session_00463,demo_user_653,,2020-03-20 19:54:00,P3,self,4,1.0,1,4,0,3,1,0,0,,,,0,1,1,0,0,0,0,0,0,u:demo_user_653,0
demo_session_00464,0,demo_anon_10,2020-01-31 16:16:00,P2,self,3,2.0,1,2,0,0,0,0,0,0.0,,,0,0,0,0,1,0,0,0,1,a:demo_anon_10,0
demo_session_00465,demo_user_1507,,2020-03-09 23:51:00,P3,search,4,0.0,1,4,0,4,2,1,0,,,,0,1,1,1,0,0,0,0,0,u:demo_user_1507,1
demo_session_00466,demo_user_258,,2020-04-21 21:21:00,P4,self,5,2.0,0,1,2,7,3,0,0,,,,0,1,0,0,0,0,0,0,0,u:demo_user_258,0
demo_session_00467,demo_user_929,,2020-04-19 22:36:00,P4,self,5,3.0,1,1,0,1,0,0,0,,,,0,1,0,0,0,0,0,0,0,u:demo_user_929,0
demo_session_00468,demo_user_283,,2020-02-17 14:55:00,P2,self,3,3.0,1,0,0,2,0,0,0,0.0,,,0,0,0,0,1,1,1,0,0,u:demo_user_283,0
demo_session_00469,0,demo_anon_1455,2020-01-04 11:36:00,P1,feed,5,2.0,0,2,1,3,2,0,0,1.0,,,0,1,0,0,0,0,0,0,1,a:demo_anon_1455,0
demo_session_00470,demo_user_1151,,2020-01-10 13:16:00,P1,self,5,2.0,1,1,1,2,0,0,0,1.0,,,1,0,1,0,0,0,0,0,0,u:demo_user_1151,0
demo_session_00471,demo_user_1254,,2020-04-15 10:07:00,P4,self,5,0.0,0,3,0,4,1,0,0,,,,0,0,0,0,0,0,0,0,0,u:demo_user_1254,1
demo_session_00472,demo_user_674,,2020-03-20 07:51:00,P3,self,5,2.0,1,1,0,0,0,1,0,,,,0,0,0,0,0,0,0,0,0,u:demo_user_674,0
demo_session_00473,demo_user_729,,2020-03-28 01:24:00,P3,self,4,3.0,0,0,1,1,0,0,0,,,,0,1,1,0,0,0,0,0,0,u:demo_user_729,0
demo_session_00474,demo_user_989,,2020-03-27 13:54:00,P3,self,5,2.0,1,1,1,4,1,0,0,,,,0,1,0,1,0,0,0,0,0,u:demo_user_989,0
demo_session_00475,demo_user_1224,,2020-04-03 01:29:00,P4,self,4,3.0,0,0,0,1,1,0,0,,,,1,1,0,1,0,0,0,0,0,u:demo_user_1224,0
demo_session_00476,demo_user_1321,,2020-03-02 00:52:00,P3,self,4,2.0,1,1,1,3,0,0,0,,,-0.0,0,0,1,0,0,0,0,0,0,u:demo_user_1321,0
demo_session_00477,demo_user_27,,2020-02-15 10:33:00,P2,search,4,1.0,0,1,0,1,1,0,0,0.0,,,1,1,1,0,0,0,0,0,0,u:demo_user_27,0
demo_session_00478,0,demo_anon_1035,2020-01-29 05:20:00,P1,feed,4,2.0,0,1,2,1,0,0,0,0.0,,,1,1,1,0,0,0,0,0,1,a:demo_anon_1035,0
demo_session_00479,0,demo_anon_170,2020-02-06 21:05:00,P2,self,5,3.0,1,0,1,1,0,0,0,2.0,,,0,0,0,0,0,0,0,0,1,a:demo_anon_170,0
demo_session_00480,demo_user_449,,2020-03-31 01:01:00,P4,self,3,1.0,1,0,0,0,0,0,0,,,,0,0,0,0,0,0,1,0,0,u:demo_user_449,0
demo_session_00481,demo_user_1293,,2020-01-02 17:24:00,P1,feed,5,1.0,0,1,0,1,1,0,0,1.0,,,0,1,0,1,0,0,0,0,0,u:demo_user_1293,0
demo_session_00482,0,demo_anon_390,2020-01-18 11:00:00,P1,feed,3,3.0,0,1,0,1,0,0,0,0.0,,,0,0,0,0,0,1,1,0,1,a:demo_anon_390,0
demo_session_00483,demo_user_1243,,2020-04-04 11:43:00,P4,search,3,0.0,1,1,0,4,2,0,0,,,,0,0,0,0,0,0,0,0,0,u:demo_user_1243,1
demo_session_00484,demo_user_722,,2020-03-18 19:34:00,P3,self,5,1.0,1,2,0,1,0,0,0,,,,0,0,0,0,0,0,0,0,0,u:demo_user_722,0
demo_session_00485,demo_user_362,,2020-01-20 09:16:00,P1,search,4,1.0,1,0,1,2,2,0,0,0.0,,,0,0,1,0,0,0,0,0,0,u:demo_user_362,0
demo_session_00486,demo_user_521,,2020-01-05 08:47:00,P1,self,4,3.0,1,2,1,2,0,0,0,0.0,,,0,1,1,0,0,0,0,0,0,u:demo_user_521,0
demo_session_00487,demo_user_828,,2020-01-28 03:15:00,P1,self,5,2.0,0,1,1,3,1,0,0,1.0,,,1,0,1,1,0,0,0,0,0,u:demo_user_828,0
demo_session_00488,demo_user_1193,,2020-01-15 05:08:00,P1,self,4,2.0,1,3,2,4,0,0,0,0.0,,,0,1,0,0,0,0,0,0,0,u:demo_user_1193,0
demo_session_00489,0,demo_anon_945,2020-02-03 04:29:00,P2,search,3,3.0,0,2,0,1,0,0,0,0.0,,,0,0,0,0,0,0,0,1,1,a:demo_anon_945,0
demo_session_00490,0,demo_anon_1455,2020-04-09 23:13:00,P4,self,3,2.0,0,3,0,2,0,1,0,,,,0,0,0,0,1,0,1,0,1,a:demo_anon_1455,0
demo_session_00491,demo_user_1353,,2020-04-14 08:39:00,P4,search,2,0.0,0,0,1,1,0,0,0,,,,0,0,0,0,1,0,0,0,0,u:demo_user_1353,1
demo_session_00492,0,demo_anon_1175,2020-02-04 09:35:00,P2,self,5,2.0,1,3,0,2,0,0,0,2.0,,,0,1,1,1,0,0,0,0,1,a:demo_anon_1175,0
demo_session_00493,0,demo_anon_940,2020-02-04 13:09:00,P2,self,5,2.0,1,1,1,3,0,0,0,2.0,,,0,1,1,1,0,0,0,0,1,a:demo_anon_940,0
demo_session_00494,demo_user_452,,2020-04-09 04:25:00,P4,search,4,0.0,1,0,0,0,0,0,0,,,,0,1,1,0,0,0,0,0,0,u:demo_user_452,0
demo_session_00495,demo_user_643,,2020-02-21 01:58:00,P2,feed,4,2.0,1,1,3,6,3,0,0,0.0,,,0,1,1,0,0,0,0,0,0,u:demo_user_643,0
demo_session_00496,0,demo_anon_185,2020-01-26 15:01:00,P1,self,4,2.0,1,0,0,0,0,0,0,2.0,,,0,0,0,0,0,0,0,0,1,a:demo_anon_185,0
demo_session_00497,demo_user_583,,2020-03-30 16:21:00,P3,search,4,0.0,1,0,0,0,0,0,0,,,,1,0,0,0,0,0,0,0,0,u:demo_user_583,1
demo_session_00498,0,demo_anon_1445,2020-02-28 21:08:00,P2,self,5,1.0,1,4,0,5,2,0,0,0.0,,,0,0,1,1,0,0,0,0,1,a:demo_anon_1445,0
demo_session_00499,demo_user_664,,2020-04-17 01:44:00,P4,self,5,2.0,1,2,0,3,0,1,0,,,,0,0,0,0,0,0,0,0,0,u:demo_user_664,0
demo_session_00500,demo_user_177,,2020-04-15 05:58:00,P4,search,5,1.0,0,3,2,2,2,0,0,,,,0,0,1,0,0,0,0,0,0,u:demo_user_177,0
demo_session_00501,demo_user_1017,,2020-04-04 22:36:00,P4,self,2,3.0,0,2,0,1,1,0,0,,,,0,0,0,0,0,0,1,0,0,u:demo_user_1017,0
demo_session_00502,demo_user_1501,,2020-04-26 15:57:00,P4,search,4,3.0,1,1,0,1,0,1,0,,,,0,0,0,0,0,0,0,0,0,u:demo_user_1501,0
demo_session_00503,demo_user_1353,,2020-03-05 05:59:00,P3,search,2,0.0,0,2,0,2,1,0,0,,,,0,0,0,0,0,0,0,0,0,u:demo_user_1353,1
demo_session_00504,demo_user_427,,2020-03-06 16:05:00,P3,self,3,3.0,1,1,1,1,0,0,0,,,,0,0,0,0,1,0,0,0,0,u:demo_user_427,0
demo_session_00505,demo_user_708,,2020-01-01 06:16:00,P1,self,5,3.0,0,1,1,1,0,0,0,0.0,,,0,0,1,1,0,0,0,0,0,u:demo_user_708,0
demo_session_00506,demo_user_828,,2020-01-21 04:28:00,P1,self,5,2.0,0,2,0,4,2,0,0,0.0,,,1,1,0,1,0,0,0,0,0,u:demo_user_828,0
demo_session_00507,demo_user_386,,2020-01-19 22:35:00,P1,feed,5,1.0,1,0,1,2,1,1,0,1.0,,,0,1,0,0,0,0,0,0,0,u:demo_user_386,0
demo_session_00508,demo_user_419,,2020-04-20 13:43:00,P4,search,4,2.0,1,0,0,0,0,0,0,,,,0,0,0,0,0,0,0,0,0,u:demo_user_419,0
demo_session_00509,demo_user_369,,2020-01-31 10:22:00,P2,self,5,3.0,0,1,1,1,1,0,0,1.0,,,0,1,1,1,0,0,0,0,0,u:demo_user_369,0
demo_session_00510,demo_user_1551,,2020-03-15 15:53:00,P3,self,5,0.0,0,3,0,3,2,1,0,,,,0,1,1,1,0,0,0,0,0,u:demo_user_1551,1
demo_session_00511,demo_user_1163,,2020-02-19 15:38:00,P2,search,5,3.0,1,1,0,2,2,0,0,0.0,,,1,0,0,0,0,0,0,0,0,u:demo_user_1163,0
demo_session_00512,demo_user_1311,,2020-04-01 19:06:00,P4,self,5,3.0,0,3,0,3,1,0,0,,,,1,0,0,0,0,0,0,0,0,u:demo_user_1311,0
demo_session_00513,demo_user_1273,,2020-02-13 11:06:00,P2,search,3,0.0,1,1,0,0,0,0,0,1.0,,,0,0,0,0,0,0,1,0,0,u:demo_user_1273,0
demo_session_00514,demo_user_1496,,2020-04-22 12:53:00,P4,search,5,0.0,1,0,0,0,0,0,0,,,,0,1,0,0,0,0,0,0,0,u:demo_user_1496,1
demo_session_00515,demo_user_164,,2020-03-02 17:29:00,P3,search,4,1.0,1,2,2,6,3,0,0,,,,0,0,0,1,0,0,0,0,0,u:demo_user_164,0
demo_session_00516,0,demo_anon_1375,2020-01-30 06:19:00,P1,self,1,0.0,1,1,0,6,3,0,0,1.0,,,0,0,0,0,1,0,0,1,1,a:demo_anon_1375,1
demo_session_00517,demo_user_103,,2020-02-19 10:38:00,P2,self,5,0.0,1,0,0,1,1,0,0,0.0,,,0,0,1,0,0,0,0,0,0,u:demo_user_103,0
demo_session_00518,demo_user_741,,2020-02-13 19:16:00,P2,self,5,1.0,0,2,0,1,0,0,0,0.0,,,1,1,0,0,0,0,0,0,0,u:demo_user_741,0
demo_session_00519,demo_user_927,,2020-03-28 03:04:00,P3,search,4,0.0,0,2,0,2,0,0,0,,,,0,1,0,1,0,0,0,0,0,u:demo_user_927,0
demo_session_00520,demo_user_558,,2020-02-08 20:52:00,P2,feed,4,2.0,0,1,1,1,0,0,0,0.0,,,1,1,1,0,0,0,0,0,0,u:demo_user_558,0
demo_session_00521,demo_user_228,,2020-01-07 06:25:00,P1,self,5,2.0,0,0,0,2,0,0,0,3.0,,,1,0,1,1,0,0,0,0,0,u:demo_user_228,0
demo_session_00522,demo_user_299,,2020-04-04 01:35:00,P4,search,5,0.0,1,1,1,2,2,0,0,,,,0,1,0,1,0,0,0,0,0,u:demo_user_299,0
demo_session_00523,demo_user_1286,,2020-04-29 08:49:00,P4,search,3,0.0,1,0,0,1,1,0,0,,,,0,0,0,0,0,0,0,0,0,u:demo_user_1286,0
demo_session_00524,demo_user_497,,2020-01-31 02:35:00,P2,self,2,2.0,1,0,0,3,0,0,0,1.0,,1.0,0,0,0,0,1,0,0,0,0,u:demo_user_497,0
demo_session_00525,demo_user_484,,2020-04-11 04:00:00,P4,self,4,0.0,1,2,1,7,2,0,0,,,,0,1,0,1,0,0,0,0,0,u:demo_user_484,1
demo_session_00526,0,demo_anon_1440,2020-01-05 17:27:00,P1,self,4,3.0,0,5,1,4,1,0,0,0.0,,,0,1,1,1,0,0,0,0,1,a:demo_anon_1440,0
demo_session_00527,demo_user_224,,2020-02-10 04:42:00,P2,search,4,3.0,1,0,0,1,1,0,0,1.0,,,0,0,1,0,0,0,0,0,0,u:demo_user_224,0
demo_session_00528,demo_user_1427,,2020-01-02 09:48:00,P1,search,5,2.0,1,0,0,1,1,0,0,0.0,,,0,1,0,0,0,0,0,0,0,u:demo_user_1427,0
demo_session_00529,demo_user_1436,,2020-02-17 14:47:00,P2,search,4,0.0,1,0,0,0,0,0,0,0.0,,,0,1,0,0,0,0,0,0,0,u:demo_user_1436,0
demo_session_00530,demo_user_933,,2020-03-14 02:46:00,P3,feed,3,3.0,0,0,0,0,0,0,0,,,,0,0,0,0,1,1,1,0,0,u:demo_user_933,0
demo_session_00531,demo_user_258,,2020-04-25 15:28:00,P4,search,4,2.0,0,0,0,0,0,1,0,,,,0,1,0,1,0,0,0,0,0,u:demo_user_258,0
demo_session_00532,demo_user_243,,2020-04-10 21:18:00,P4,feed,3,1.0,0,0,1,1,0,0,0,,,,0,0,0,0,1,0,0,0,0,u:demo_user_243,0
demo_session_00533,demo_user_444,,2020-04-22 07:06:00,P4,search,5,1.0,0,0,3,2,0,0,0,,,,1,1,0,0,0,0,0,0,0,u:demo_user_444,0
demo_session_00534,0,demo_anon_900,2020-03-19 06:47:00,P3,feed,3,2.0,0,0,0,0,0,0,0,,,,0,0,0,0,0,0,0,0,1,a:demo_anon_900,0
demo_session_00535,demo_user_239,,2020-02-17 04:20:00,P2,feed,5,3.0,1,1,1,0,0,0,0,0.0,,,1,1,0,0,0,0,0,0,0,u:demo_user_239,0
demo_session_00536,0,demo_anon_710,2020-04-18 18:47:00,P4,search,3,2.0,1,1,0,0,0,0,0,,,,0,0,0,0,1,1,0,0,1,a:demo_anon_710,0
demo_session_00537,0,demo_anon_180,2020-01-08 03:41:00,P1,feed,5,1.0,0,2,1,4,3,0,0,0.0,,,0,1,0,0,0,0,0,0,1,a:demo_anon_180,0
demo_session_00538,demo_user_842,,2020-04-07 19:19:00,P4,feed,5,3.0,1,1,0,1,1,0,0,,,,1,1,0,0,0,0,0,0,0,u:demo_user_842,0
demo_session_00539,demo_user_32,,2020-04-28 13:20:00,P4,search,5,0.0,1,2,1,0,0,0,0,,,,0,1,1,0,0,0,0,0,0,u:demo_user_32,0
demo_session_00540,demo_user_1106,,2020-01-03 15:48:00,P1,search,5,3.0,1,1,0,1,1,0,0,0.0,,,1,1,0,0,0,0,0,0,0,u:demo_user_1106,0
demo_session_00541,demo_user_86,,2020-03-19 10:48:00,P3,search,4,0.0,1,0,0,0,0,1,0,,,,0,1,0,0,0,0,0,0,0,u:demo_user_86,0
demo_session_00542,demo_user_303,,2020-04-15 02:25:00,P4,feed,4,3.0,0,0,0,1,0,0,0,,,,0,1,0,1,0,0,0,0,0,u:demo_user_303,0
demo_session_00543,demo_user_272,,2020-03-24 03:50:00,P3,search,5,3.0,1,0,0,0,0,0,0,,,,0,1,1,1,0,0,0,0,0,u:demo_user_272,0
demo_session_00544,demo_user_1296,,2020-04-27 02:06:00,P4,feed,4,1.0,0,0,1,2,0,0,0,,,,1,0,1,1,0,0,0,0,0,u:demo_user_1296,0
demo_session_00545,demo_user_83,,2020-02-02 22:50:00,P2,search,1,1.0,1,1,1,0,0,0,0,0.0,,,0,0,0,0,0,1,0,1,0,u:demo_user_83,0
demo_session_00546,demo_user_669,,2020-03-17 15:20:00,P3,feed,5,0.0,0,1,2,4,2,0,0,,,,0,0,1,0,0,0,0,0,0,u:demo_user_669,0
demo_session_00547,demo_user_922,,2020-04-08 05:52:00,P4,self,4,3.0,1,0,0,0,0,0,0,,,,0,1,1,1,0,0,0,0,0,u:demo_user_922,0
demo_session_00548,demo_user_804,,2020-01-09 08:21:00,P1,search,4,1.0,0,0,0,1,0,0,0,0.0,,,0,0,1,1,0,0,0,0,0,u:demo_user_804,0
demo_session_00549,demo_user_1061,,2020-03-07 21:32:00,P3,search,5,3.0,1,2,1,4,2,1,0,,,,1,0,1,0,0,0,0,0,0,u:demo_user_1061,0
demo_session_00550,demo_user_1252,,2020-04-25 05:49:00,P4,feed,4,1.0,1,0,2,3,2,0,0,,,,0,1,0,0,0,0,0,0,0,u:demo_user_1252,0
demo_session_00551,demo_user_614,,2020-02-26 10:17:00,P2,feed,5,1.0,1,2,1,3,1,0,0,0.0,,,0,1,0,0,0,0,0,0,0,u:demo_user_614,0
demo_session_00552,demo_user_1292,,2020-04-07 22:03:00,P4,search,3,0.0,1,0,1,1,0,1,0,,,,0,0,0,0,1,1,1,0,0,u:demo_user_1292,0
demo_session_00553,demo_user_496,,2020-03-29 22:39:00,P3,search,2,2.0,1,0,1,1,1,0,0,,,,0,0,0,0,1,0,0,0,0,u:demo_user_496,0
demo_session_00554,0,demo_anon_1535,2020-02-02 08:25:00,P2,self,5,3.0,1,3,0,4,3,0,0,0.0,,,0,0,1,0,0,0,0,0,1,a:demo_anon_1535,0
demo_session_00555,demo_user_787,,2020-02-14 15:04:00,P2,feed,5,1.0,1,2,0,2,0,0,0,0.0,,,1,1,0,0,0,0,0,0,0,u:demo_user_787,0
demo_session_00556,demo_user_1148,,2020-02-28 20:58:00,P2,self,1,1.0,1,2,1,2,1,0,0,0.0,,,0,0,0,0,1,0,0,1,0,u:demo_user_1148,0
demo_session_00557,0,demo_anon_1365,2020-02-21 12:41:00,P2,search,3,1.0,0,1,0,3,0,1,0,1.0,,,0,0,0,0,0,0,0,1,1,a:demo_anon_1365,0
demo_session_00558,demo_user_1236,,2020-03-12 10:27:00,P3,search,4,2.0,0,2,0,2,2,0,0,,,1.0,1,1,0,0,0,0,0,0,0,u:demo_user_1236,0
demo_session_00559,demo_user_1327,,2020-03-19 06:42:00,P3,search,4,2.0,1,0,0,0,0,0,0,,,,1,1,0,0,0,0,0,0,0,u:demo_user_1327,0
demo_session_00560,demo_user_836,,2020-02-19 13:55:00,P2,self,5,0.0,1,2,4,4,2,0,0,1.0,,,0,0,1,0,0,0,0,0,0,u:demo_user_836,1
demo_session_00561,demo_user_67,,2020-03-17 18:00:00,P3,self,4,2.0,1,1,0,0,0,1,0,,,,0,1,1,0,0,0,0,0,0,u:demo_user_67,0
demo_session_00562,demo_user_769,,2020-03-20 02:24:00,P3,feed,4,2.0,1,1,1,1,0,0,0,,,,1,0,1,1,0,0,0,0,0,u:demo_user_769,0
demo_session_00563,demo_user_283,,2020-04-26 13:00:00,P4,search,4,3.0,1,1,0,0,0,0,0,,,,0,1,1,0,0,0,0,0,0,u:demo_user_283,0
demo_session_00564,demo_user_1387,,2020-04-07 22:40:00,P4,self,5,0.0,1,4,1,3,2,0,0,,,,0,1,1,1,0,0,0,0,0,u:demo_user_1387,0
demo_session_00565,demo_user_369,,2020-03-08 13:00:00,P3,search,5,3.0,0,0,0,1,1,1,0,,,,0,1,0,0,0,0,0,0,0,u:demo_user_369,0
demo_session_00566,0,demo_anon_355,2020-01-22 05:23:00,P1,self,4,3.0,1,3,0,4,2,1,0,0.0,,,0,1,1,0,0,0,0,0,1,a:demo_anon_355,0
demo_session_00567,demo_user_389,,2020-02-08 12:26:00,P2,feed,5,3.0,1,1,2,1,0,0,0,1.0,,,0,1,0,1,0,0,0,0,0,u:demo_user_389,0
demo_session_00568,demo_user_1002,,2020-02-09 18:37:00,P2,self,4,0.0,0,1,2,0,0,0,0,1.0,,,0,0,1,0,0,0,0,0,0,u:demo_user_1002,0
demo_session_00569,demo_user_891,,2020-02-04 11:49:00,P2,self,2,0.0,0,2,1,0,0,0,0,0.0,,,0,0,0,0,1,0,1,0,0,u:demo_user_891,1
demo_session_00570,0,demo_anon_1480,2020-04-23 13:12:00,P4,self,5,3.0,1,3,0,5,2,0,0,,,,1,0,0,1,0,0,0,0,1,a:demo_anon_1480,0
demo_session_00571,demo_user_649,,2020-03-05 01:58:00,P3,search,5,0.0,1,1,0,1,1,0,0,,,,1,0,0,0,0,0,0,0,0,u:demo_user_649,1
demo_session_00572,0,demo_anon_440,2020-04-28 17:17:00,P4,search,5,0.0,1,1,0,4,1,0,0,,,,0,0,0,0,0,0,0,0,1,a:demo_anon_440,1
demo_session_00573,demo_user_76,,2020-01-15 08:19:00,P1,search,4,2.0,1,0,0,3,0,0,0,1.0,,,1,0,0,1,0,0,0,0,0,u:demo_user_76,0
demo_session_00574,demo_user_11,,2020-03-26 13:10:00,P3,search,4,0.0,1,0,0,0,0,0,0,,,,1,0,0,0,0,0,0,0,0,u:demo_user_11,1
demo_session_00575,demo_user_582,,2020-03-11 13:43:00,P3,self,4,3.0,0,0,0,0,0,0,0,,,,0,1,0,0,0,0,0,0,0,u:demo_user_582,0
demo_session_00576,demo_user_1444,,2020-04-01 13:01:00,P4,self,5,3.0,1,1,1,0,0,1,0,,,,0,1,0,0,0,0,0,0,0,u:demo_user_1444,0
demo_session_00577,demo_user_817,,2020-02-16 19:56:00,P2,self,5,1.0,1,1,0,3,2,0,0,0.0,,,0,1,1,1,0,0,0,0,0,u:demo_user_817,0
demo_session_00578,demo_user_1393,,2020-03-03 07:35:00,P3,feed,1,2.0,1,0,0,0,0,0,0,,,,0,0,0,0,0,0,0,0,0,u:demo_user_1393,0
demo_session_00579,demo_user_158,,2020-02-12 05:45:00,P2,self,5,0.0,1,4,0,3,1,0,0,0.0,,,0,0,0,1,0,0,0,0,0,u:demo_user_158,0
demo_session_00580,0,demo_anon_145,2020-03-24 15:05:00,P3,feed,4,1.0,1,1,2,2,1,0,0,,,,0,1,0,0,0,0,0,0,1,a:demo_anon_145,0
demo_session_00581,0,demo_anon_1300,2020-01-24 02:20:00,P1,self,4,0.0,1,0,1,0,0,0,0,0.0,,,0,0,0,1,0,0,0,0,1,a:demo_anon_1300,0
demo_session_00582,demo_user_166,,2020-03-20 04:48:00,P3,self,5,3.0,1,4,1,3,2,1,0,,,,0,1,1,0,0,0,0,0,0,u:demo_user_166,0
demo_session_00583,demo_user_81,,2020-02-29 10:47:00,P2,self,5,3.0,0,2,0,4,0,0,0,0.0,,3.0,0,0,0,0,0,0,0,0,0,u:demo_user_81,0
demo_session_00584,0,demo_anon_630,2020-04-05 16:06:00,P4,self,4,2.0,0,0,1,1,1,1,0,,,,1,1,0,0,0,0,0,0,1,a:demo_anon_630,0
demo_session_00585,demo_user_1442,,2020-01-05 12:22:00,P1,search,3,2.0,1,0,0,1,0,0,0,0.0,,0.0,0,0,0,0,1,0,0,0,0,u:demo_user_1442,0
demo_session_00586,0,demo_anon_1075,2020-01-22 21:00:00,P1,search,5,0.0,1,3,0,1,0,0,0,0.0,,,0,0,0,0,0,0,0,0,1,a:demo_anon_1075,0
demo_session_00587,demo_user_154,,2020-03-13 20:41:00,P3,self,5,0.0,1,3,0,5,4,1,0,,,,0,1,0,1,0,0,0,0,0,u:demo_user_154,1
demo_session_00588,0,demo_anon_1305,2020-02-14 20:33:00,P2,search,3,2.0,0,0,1,0,0,0,0,0.0,,,0,0,0,0,1,1,0,0,1,a:demo_anon_1305,0
demo_session_00589,0,demo_anon_1315,2020-02-04 06:22:00,P2,search,1,1.0,1,0,0,1,1,0,0,0.0,,,0,0,0,0,1,0,0,1,1,a:demo_anon_1315,0
demo_session_00590,demo_user_1249,,2020-04-21 22:50:00,P4,feed,4,2.0,1,0,1,2,0,0,0,,,,0,0,1,0,0,0,0,0,0,u:demo_user_1249,0
demo_session_00591,demo_user_1408,,2020-04-18 14:36:00,P4,feed,5,0.0,1,0,1,2,2,0,0,,,,0,1,0,1,0,0,0,0,0,u:demo_user_1408,1
demo_session_00592,demo_user_374,,2020-01-12 00:35:00,P1,search,4,0.0,1,2,3,3,2,0,0,0.0,,,0,0,0,0,0,0,0,0,0,u:demo_user_374,1
demo_session_00593,demo_user_1528,,2020-03-04 03:55:00,P3,feed,4,2.0,1,1,0,2,1,0,0,,,2.0,0,1,0,1,0,0,0,0,0,u:demo_user_1528,0
demo_session_00594,0,demo_anon_500,2020-03-21 00:38:00,P3,search,4,2.0,1,0,1,2,0,0,0,,,,1,1,1,0,0,0,0,0,1,a:demo_anon_500,0
demo_session_00595,demo_user_1251,,2020-04-03 16:05:00,P4,search,5,0.0,0,0,0,3,0,0,0,,,,1,1,1,0,0,0,0,0,0,u:demo_user_1251,0
demo_session_00596,demo_user_903,,2020-01-25 07:30:00,P1,search,2,1.0,0,0,1,0,0,0,0,2.0,,,0,0,0,0,1,0,0,1,0,u:demo_user_903,0
demo_session_00597,0,demo_anon_1215,2020-04-12 03:25:00,P4,self,4,1.0,0,1,0,1,1,0,0,,,,0,0,0,0,0,0,0,0,1,a:demo_anon_1215,0
demo_session_00598,demo_user_979,,2020-03-19 15:31:00,P3,search,4,0.0,1,0,1,1,1,0,0,,,,0,1,0,0,0,0,0,0,0,u:demo_user_979,1
demo_session_00599,demo_user_1002,,2020-04-15 11:28:00,P4,feed,2,0.0,0,0,0,0,0,0,0,,,,0,0,0,0,0,0,0,0,0,u:demo_user_1002,0
demo_session_00600,demo_user_961,,2020-03-22 15:39:00,P3,self,4,2.0,1,1,0,1,0,0,0,,,,0,1,0,0,0,0,0,0,0,u:demo_user_961,0
demo_session_00601,0,demo_anon_1215,2020-04-14 11:25:00,P4,feed,4,1.0,0,0,2,2,1,0,0,,,,1,1,0,1,0,0,0,0,1,a:demo_anon_1215,0
demo_session_00602,demo_user_1152,,2020-01-04 13:45:00,P1,feed,3,3.0,0,1,1,1,0,0,0,1.0,,,0,0,0,0,1,1,0,0,0,u:demo_user_1152,0
demo_session_00603,demo_user_209,,2020-01-28 01:20:00,P1,self,5,0.0,1,1,1,1,0,0,0,0.0,,3.0,1,1,0,0,0,0,0,0,0,u:demo_user_209,1
demo_session_00604,demo_user_1288,,2020-03-04 20:32:00,P3,search,5,3.0,1,1,1,2,1,0,0,,,,1,0,0,0,0,0,0,0,0,u:demo_user_1288,0
demo_session_00605,demo_user_836,,2020-02-06 09:32:00,P2,feed,3,0.0,1,1,0,2,0,0,0,0.0,,,0,0,0,0,0,0,0,0,0,u:demo_user_836,1
demo_session_00606,demo_user_504,,2020-01-24 18:01:00,P1,feed,4,2.0,0,0,1,1,0,0,0,1.0,,,1,1,1,0,0,0,0,0,0,u:demo_user_504,0
demo_session_00607,demo_user_802,,2020-03-25 22:51:00,P3,self,5,3.0,1,1,0,1,0,0,0,,,,0,0,1,0,0,0,0,0,0,u:demo_user_802,0
demo_session_00608,demo_user_1508,,2020-04-29 03:37:00,P4,self,4,0.0,1,1,0,4,1,0,0,,,,0,1,1,0,0,0,0,0,0,u:demo_user_1508,0
demo_session_00609,demo_user_1337,,2020-03-05 12:20:00,P3,search,5,2.0,1,0,0,1,1,0,0,,,,1,1,0,0,0,0,0,0,0,u:demo_user_1337,0
demo_session_00610,0,demo_anon_1300,2020-03-14 00:20:00,P3,self,5,0.0,1,1,1,0,0,0,0,,,,0,0,0,1,0,0,0,0,1,a:demo_anon_1300,0
demo_session_00611,demo_user_721,,2020-03-14 02:52:00,P3,self,5,3.0,1,0,1,0,0,0,0,,,,0,1,1,0,0,0,0,0,0,u:demo_user_721,0
demo_session_00612,demo_user_1223,,2020-02-20 00:56:00,P2,self,5,1.0,1,5,0,5,1,0,0,1.0,,,0,0,1,1,0,0,0,0,0,u:demo_user_1223,0
demo_session_00613,0,demo_anon_600,2020-03-22 07:51:00,P3,self,4,3.0,0,1,0,2,0,0,0,,,,1,1,1,1,0,0,0,0,1,a:demo_anon_600,0
demo_session_00614,0,demo_anon_1070,2020-04-06 19:00:00,P4,search,4,0.0,1,1,0,2,1,0,0,,,,0,1,0,0,0,0,0,0,1,a:demo_anon_1070,0
demo_session_00615,demo_user_997,,2020-01-14 17:02:00,P1,search,5,3.0,1,0,0,1,0,0,0,0.0,,,0,0,1,0,0,0,0,0,0,u:demo_user_997,0
demo_session_00616,demo_user_389,,2020-02-03 01:09:00,P2,search,5,3.0,1,0,0,0,0,0,0,0.0,,,0,1,1,0,0,0,0,0,0,u:demo_user_389,0
demo_session_00617,0,demo_anon_415,2020-01-21 04:43:00,P1,search,5,0.0,1,0,1,0,0,0,0,3.0,,,0,1,0,0,0,0,0,0,1,a:demo_anon_415,0
demo_session_00618,0,demo_anon_95,2020-04-05 02:16:00,P4,search,2,0.0,1,0,0,1,0,0,0,,,,0,0,0,0,1,0,0,0,1,a:demo_anon_95,0
demo_session_00619,demo_user_218,,2020-03-17 12:58:00,P3,self,3,2.0,1,0,0,0,0,1,0,,,,0,0,0,0,0,1,0,1,0,u:demo_user_218,0
demo_session_00620,demo_user_676,,2020-03-21 14:22:00,P3,self,5,0.0,1,1,0,0,0,0,0,,,,0,1,0,0,0,0,0,0,0,u:demo_user_676,0
demo_session_00621,0,demo_anon_745,2020-03-16 01:04:00,P3,self,5,2.0,1,3,0,3,3,0,0,,,,1,1,0,1,0,0,0,0,1,a:demo_anon_745,0
demo_session_00622,demo_user_257,,2020-03-04 21:10:00,P3,self,3,1.0,1,2,1,5,1,0,0,,,,0,0,0,0,0,0,1,0,0,u:demo_user_257,0
demo_session_00623,0,demo_anon_650,2020-04-08 02:12:00,P4,self,5,3.0,1,4,0,7,2,0,0,,,,1,0,0,1,0,0,0,0,1,a:demo_anon_650,0
demo_session_00624,demo_user_942,,2020-01-19 20:45:00,P1,self,5,0.0,0,4,1,7,4,0,0,0.0,,,0,0,1,0,0,0,0,0,0,u:demo_user_942,0
demo_session_00625,demo_user_362,,2020-03-24 06:05:00,P3,self,4,1.0,1,3,1,3,2,0,0,,,,0,0,1,0,0,0,0,0,0,u:demo_user_362,0
demo_session_00626,demo_user_527,,2020-04-10 03:04:00,P4,search,5,1.0,1,1,1,1,0,0,0,,,,0,1,0,0,0,0,0,0,0,u:demo_user_527,0
demo_session_00627,demo_user_573,,2020-01-25 22:06:00,P1,search,5,3.0,0,1,1,0,0,0,0,1.0,,,1,1,1,0,0,0,0,0,0,u:demo_user_573,0
demo_session_00628,demo_user_787,,2020-03-26 03:29:00,P3,feed,5,1.0,1,1,1,2,0,0,0,,,,0,0,1,0,0,0,0,0,0,u:demo_user_787,0
demo_session_00629,demo_user_571,,2020-01-09 09:48:00,P1,search,5,0.0,1,0,1,2,0,0,0,0.0,,,0,1,1,0,0,0,0,0,0,u:demo_user_571,0
demo_session_00630,demo_user_1149,,2020-01-20 14:47:00,P1,search,4,2.0,0,0,1,0,0,0,0,0.0,,,0,1,0,0,0,0,0,0,0,u:demo_user_1149,0
demo_session_00631,0,demo_anon_510,2020-02-16 22:09:00,P2,self,4,0.0,0,3,0,2,0,0,0,1.0,,,0,0,0,0,0,0,0,0,1,a:demo_anon_510,0
demo_session_00632,demo_user_676,,2020-04-29 23:28:00,P4,search,4,0.0,1,1,0,2,1,0,0,,,,1,1,0,1,0,0,0,0,0,u:demo_user_676,0
demo_session_00633,demo_user_591,,2020-02-14 13:15:00,P2,self,5,2.0,0,4,0,0,0,0,0,0.0,,,0,1,0,0,0,0,0,0,0,u:demo_user_591,0
demo_session_00634,0,demo_anon_285,2020-02-21 11:09:00,P2,search,1,1.0,0,0,0,1,1,1,0,2.0,,,0,0,0,0,1,1,1,0,1,a:demo_anon_285,0
demo_session_00635,demo_user_1069,,2020-04-02 02:09:00,P4,self,2,3.0,1,2,1,4,1,0,0,,,-1.0,0,0,0,0,1,0,1,0,0,u:demo_user_1069,0
demo_session_00636,demo_user_367,,2020-04-05 19:07:00,P4,search,4,3.0,1,1,1,1,0,0,0,,,,1,0,1,0,0,0,0,0,0,u:demo_user_367,0
demo_session_00637,demo_user_463,,2020-03-21 13:52:00,P3,self,5,2.0,1,3,1,5,2,0,0,,,,0,1,1,1,0,0,0,0,0,u:demo_user_463,0
demo_session_00638,demo_user_1236,,2020-01-04 15:14:00,P1,search,3,2.0,0,2,1,2,0,0,0,0.0,,,0,0,0,0,0,1,1,0,0,u:demo_user_1236,0
demo_session_00639,0,demo_anon_1480,2020-04-14 15:56:00,P4,feed,5,3.0,1,1,0,2,0,0,0,,,,0,1,1,1,0,0,0,0,1,a:demo_anon_1480,0
demo_session_00640,demo_user_1046,,2020-02-01 07:30:00,P2,search,4,1.0,1,2,2,0,0,0,0,1.0,,,0,1,0,0,0,0,0,0,0,u:demo_user_1046,0
demo_session_00641,demo_user_1429,,2020-03-01 12:16:00,P3,search,4,0.0,1,0,2,2,1,0,0,,,,0,0,1,0,0,0,0,0,0,u:demo_user_1429,0
demo_session_00642,demo_user_1332,,2020-03-28 19:24:00,P3,search,4,1.0,0,1,1,1,0,0,0,,,,0,0,1,1,0,0,0,0,0,u:demo_user_1332,0
demo_session_00643,0,demo_anon_750,2020-02-04 15:27:00,P2,self,5,2.0,0,2,0,5,1,0,0,0.0,,,0,1,0,1,0,0,0,0,1,a:demo_anon_750,0
demo_session_00644,demo_user_1201,,2020-03-23 06:23:00,P3,search,5,2.0,1,1,0,1,0,0,0,,,,0,1,1,1,0,0,0,0,0,u:demo_user_1201,0
demo_session_00645,demo_user_512,,2020-03-01 12:14:00,P3,search,4,1.0,1,0,0,0,0,0,0,,,,1,1,0,0,0,0,0,0,0,u:demo_user_512,0
demo_session_00646,demo_user_718,,2020-01-19 18:00:00,P1,self,5,0.0,1,2,1,3,1,0,0,0.0,,,0,1,0,0,0,0,0,0,0,u:demo_user_718,0
demo_session_00647,0,demo_anon_835,2020-01-26 20:38:00,P1,self,5,2.0,1,3,1,2,1,0,0,0.0,,,0,0,1,1,0,0,0,0,1,a:demo_anon_835,0
demo_session_00648,demo_user_1498,,2020-04-01 12:57:00,P4,feed,3,1.0,1,0,1,1,0,1,0,,,1.0,0,0,0,0,0,1,1,0,0,u:demo_user_1498,0
demo_session_00649,demo_user_1323,,2020-01-08 06:19:00,P1,search,5,3.0,0,2,0,5,1,1,0,1.0,,,1,1,0,1,0,0,0,0,0,u:demo_user_1323,0
demo_session_00650,demo_user_763,,2020-02-15 19:11:00,P2,search,2,1.0,1,1,0,1,0,0,0,0.0,,,0,0,0,0,0,0,1,0,0,u:demo_user_763,0
demo_session_00651,demo_user_1018,,2020-02-29 23:05:00,P2,search,5,0.0,1,4,0,6,1,0,0,1.0,,,0,0,0,0,0,0,0,0,0,u:demo_user_1018,0
demo_session_00652,0,demo_anon_315,2020-02-16 01:54:00,P2,search,5,1.0,0,1,0,1,1,0,0,0.0,,,1,0,1,1,0,0,0,0,1,a:demo_anon_315,0
demo_session_00653,demo_user_1254,,2020-02-19 15:10:00,P2,search,4,0.0,0,1,0,1,1,1,0,1.0,,,0,0,0,0,0,0,0,0,0,u:demo_user_1254,1
demo_session_00654,demo_user_862,,2020-04-26 14:58:00,P4,self,3,2.0,1,0,0,1,0,0,0,,,,0,0,0,0,0,0,1,0,0,u:demo_user_862,0
demo_session_00655,demo_user_831,,2020-01-04 20:49:00,P1,search,4,0.0,0,0,1,0,0,0,0,1.0,,,0,1,1,1,0,0,0,0,0,u:demo_user_831,0
demo_session_00656,0,demo_anon_1195,2020-04-27 18:53:00,P4,search,4,1.0,1,0,0,3,1,0,0,,,,0,1,1,1,0,0,0,0,1,a:demo_anon_1195,0
demo_session_00657,demo_user_987,,2020-03-27 13:16:00,P3,self,1,2.0,0,0,1,2,1,0,0,,,,0,0,0,0,0,0,0,0,0,u:demo_user_987,0
demo_session_00658,demo_user_113,,2020-04-20 03:24:00,P4,search,5,3.0,1,0,2,1,0,1,0,,,,0,1,0,1,0,0,0,0,0,u:demo_user_113,0
demo_session_00659,demo_user_449,,2020-03-18 07:43:00,P3,self,4,1.0,1,5,2,6,2,0,0,,,,0,0,0,1,0,0,0,0,0,u:demo_user_449,0
demo_session_00660,0,demo_anon_275,2020-04-23 06:19:00,P4,search,5,0.0,1,3,0,1,1,1,0,,,,0,1,1,0,0,0,0,0,1,a:demo_anon_275,1
demo_session_00661,demo_user_1146,,2020-01-09 20:33:00,P1,search,2,1.0,0,1,0,0,0,0,0,1.0,,,0,0,0,0,0,0,1,0,0,u:demo_user_1146,0
demo_session_00662,demo_user_54,,2020-03-27 05:01:00,P3,search,5,3.0,0,1,0,1,0,0,0,,,,0,0,1,0,0,0,0,0,0,u:demo_user_54,0
demo_session_00663,0,demo_anon_315,2020-03-26 04:52:00,P3,search,4,1.0,0,1,1,2,0,1,0,,,,0,1,0,0,0,0,0,0,1,a:demo_anon_315,0
demo_session_00664,demo_user_932,,2020-04-21 19:33:00,P4,feed,4,0.0,1,0,0,1,0,1,0,,,,0,1,0,0,0,0,0,0,0,u:demo_user_932,0
demo_session_00665,demo_user_1083,,2020-01-10 22:31:00,P1,search,5,0.0,0,1,0,2,1,0,0,0.0,,,0,1,1,0,0,0,0,0,0,u:demo_user_1083,0
demo_session_00666,0,demo_anon_785,2020-03-01 23:34:00,P3,search,5,3.0,1,1,0,2,1,1,0,,,,0,0,0,0,0,0,0,0,1,a:demo_anon_785,0
demo_session_00667,demo_user_1342,,2020-03-03 02:51:00,P3,search,5,0.0,1,1,0,1,0,0,0,,,,0,1,0,0,0,0,0,0,0,u:demo_user_1342,1
demo_session_00668,demo_user_1433,,2020-01-12 07:46:00,P1,self,4,2.0,1,2,0,2,1,0,0,1.0,,,1,0,1,1,0,0,0,0,0,u:demo_user_1433,0
demo_session_00669,demo_user_206,,2020-03-15 16:04:00,P3,self,4,2.0,1,0,1,0,0,0,0,,,,0,1,1,0,0,0,0,0,0,u:demo_user_206,0
demo_session_00670,0,demo_anon_1485,2020-02-27 16:45:00,P2,search,4,0.0,0,3,0,3,0,0,0,1.0,,,0,0,0,1,0,0,0,0,1,a:demo_anon_1485,1
demo_session_00671,demo_user_958,,2020-02-29 21:04:00,P2,self,2,0.0,1,1,0,1,1,0,0,0.0,,,0,0,0,0,1,0,1,1,0,u:demo_user_958,0
demo_session_00672,demo_user_992,,2020-03-22 21:02:00,P3,self,4,3.0,1,2,0,5,1,0,0,,,,0,0,0,1,0,0,0,0,0,u:demo_user_992,0
demo_session_00673,demo_user_148,,2020-03-30 16:31:00,P3,self,3,1.0,1,2,1,2,0,0,0,,,,0,0,0,0,0,0,1,0,0,u:demo_user_148,0
demo_session_00674,0,demo_anon_970,2020-03-20 11:26:00,P3,search,1,3.0,1,0,4,4,2,0,0,,,,0,0,0,0,1,0,1,0,1,a:demo_anon_970,0
demo_session_00675,demo_user_1132,,2020-02-16 06:25:00,P2,self,3,0.0,1,1,1,1,0,0,0,0.0,,1.0,0,0,0,0,0,0,0,1,0,u:demo_user_1132,0
demo_session_00676,demo_user_906,,2020-04-25 15:02:00,P4,feed,5,1.0,0,0,1,1,0,0,0,,,,0,0,0,0,0,0,0,0,0,u:demo_user_906,0
demo_session_00677,demo_user_131,,2020-01-26 13:18:00,P1,search,5,3.0,1,1,0,4,1,0,0,0.0,,2.0,1,0,0,0,0,0,0,0,0,u:demo_user_131,0
demo_session_00678,demo_user_816,,2020-02-10 18:54:00,P2,search,5,0.0,0,3,0,5,1,0,0,1.0,,,0,1,1,0,0,0,0,0,0,u:demo_user_816,0
demo_session_00679,0,demo_anon_1460,2020-02-28 08:51:00,P2,self,5,2.0,1,1,1,5,1,0,0,0.0,,,0,1,0,0,0,0,0,0,1,a:demo_anon_1460,0
demo_session_00680,demo_user_1128,,2020-02-07 12:09:00,P2,search,3,0.0,0,0,0,1,0,0,0,1.0,,,0,0,0,0,0,0,0,0,0,u:demo_user_1128,0
demo_session_00681,demo_user_214,,2020-02-11 01:38:00,P2,self,5,0.0,1,3,0,2,0,0,0,0.0,,,1,1,1,0,0,0,0,0,0,u:demo_user_214,0
demo_session_00682,demo_user_1497,,2020-04-21 05:56:00,P4,search,4,0.0,0,1,0,1,0,0,0,,,,0,0,0,1,0,0,0,0,0,u:demo_user_1497,0
demo_session_00683,0,demo_anon_1495,2020-01-19 03:40:00,P1,self,5,3.0,1,2,1,4,1,1,0,1.0,,,0,1,0,1,0,0,0,0,1,a:demo_anon_1495,0
demo_session_00684,demo_user_264,,2020-03-02 09:48:00,P3,feed,5,0.0,0,0,0,0,0,0,0,,,,0,1,1,0,0,0,0,0,0,u:demo_user_264,1
demo_session_00685,demo_user_1249,,2020-02-26 12:43:00,P2,self,4,2.0,1,0,1,2,1,0,0,1.0,,,1,1,0,1,0,0,0,0,0,u:demo_user_1249,0
demo_session_00686,demo_user_634,,2020-01-11 10:10:00,P1,search,5,0.0,1,0,1,0,0,1,0,0.0,,,0,1,1,0,0,0,0,0,0,u:demo_user_634,0
demo_session_00687,demo_user_926,,2020-01-25 04:07:00,P1,self,5,0.0,1,1,1,1,1,0,0,0.0,,,0,0,1,0,0,0,0,0,0,u:demo_user_926,0
demo_session_00688,demo_user_694,,2020-02-02 17:07:00,P2,search,5,3.0,1,1,0,0,0,0,0,0.0,,,0,1,0,0,0,0,0,0,0,u:demo_user_694,0
demo_session_00689,0,demo_anon_1220,2020-02-26 10:27:00,P2,search,5,3.0,1,0,1,0,0,0,0,0.0,,,1,1,1,1,0,0,0,0,1,a:demo_anon_1220,0
demo_session_00690,demo_user_1554,,2020-02-19 23:02:00,P2,self,4,2.0,0,0,1,0,0,0,0,0.0,,,0,1,0,1,0,0,0,0,0,u:demo_user_1554,0
demo_session_00691,0,demo_anon_1240,2020-03-12 02:28:00,P3,self,5,2.0,1,1,0,2,0,0,0,,,,0,1,1,1,0,0,0,0,1,a:demo_anon_1240,0
demo_session_00692,demo_user_1452,,2020-02-15 04:34:00,P2,self,4,0.0,0,4,0,6,1,0,0,0.0,,,0,0,0,0,0,0,0,0,0,u:demo_user_1452,1
demo_session_00693,0,demo_anon_1475,2020-04-03 20:43:00,P4,self,5,2.0,1,2,1,1,0,0,0,,,,0,0,0,0,0,0,0,0,1,a:demo_anon_1475,0
demo_session_00694,0,demo_anon_140,2020-02-14 00:17:00,P2,feed,3,1.0,1,0,0,1,0,1,0,0.0,,,0,0,0,0,1,0,0,0,1,a:demo_anon_140,0
demo_session_00695,0,demo_anon_395,2020-04-12 09:07:00,P4,search,5,3.0,1,1,0,0,0,0,0,,,,1,1,1,1,0,0,0,0,1,a:demo_anon_395,0
demo_session_00696,demo_user_1126,,2020-04-29 23:47:00,P4,self,4,0.0,1,1,0,0,0,1,0,,,,1,0,0,0,0,0,0,0,0,u:demo_user_1126,0
demo_session_00697,0,demo_anon_920,2020-03-21 04:18:00,P3,feed,2,0.0,1,1,0,0,0,0,0,,,,0,0,0,0,1,0,0,1,1,a:demo_anon_920,0
demo_session_00698,demo_user_78,,2020-01-13 05:22:00,P1,self,5,0.0,0,4,0,1,0,0,0,0.0,,,0,0,1,0,0,0,0,0,0,u:demo_user_78,0
demo_session_00699,demo_user_148,,2020-04-17 05:24:00,P4,search,5,1.0,1,2,1,3,1,0,0,,,,0,1,1,0,0,0,0,0,0,u:demo_user_148,0
demo_session_00700,demo_user_812,,2020-04-07 23:58:00,P4,search,4,1.0,1,0,0,0,0,0,0,,,,1,1,1,0,0,0,0,0,0,u:demo_user_812,0
demo_session_00701,demo_user_961,,2020-03-07 22:25:00,P3,feed,5,2.0,1,0,0,0,0,0,0,,,,1,0,0,0,0,0,0,0,0,u:demo_user_961,0
demo_session_00702,demo_user_261,,2020-02-10 19:03:00,P2,search,5,3.0,0,0,0,1,1,1,0,1.0,,,0,0,1,1,0,0,0,0,0,u:demo_user_261,0
demo_session_00703,demo_user_267,,2020-03-26 06:02:00,P3,search,5,3.0,0,1,0,0,0,0,0,,,,0,1,1,0,0,0,0,0,0,u:demo_user_267,0
demo_session_00704,demo_user_201,,2020-03-14 20:51:00,P3,feed,4,0.0,0,2,1,5,3,0,0,,,,0,0,0,0,0,0,0,0,0,u:demo_user_201,0
demo_session_00705,demo_user_881,,2020-04-02 10:38:00,P4,self,5,3.0,1,1,1,1,0,0,0,,,,0,0,0,1,0,0,0,0,0,u:demo_user_881,0
demo_session_00706,demo_user_12,,2020-03-18 10:29:00,P3,feed,4,3.0,0,0,1,0,0,0,0,,,,0,0,1,1,0,0,0,0,0,u:demo_user_12,0
demo_session_00707,demo_user_892,,2020-04-08 23:33:00,P4,feed,2,0.0,1,0,2,1,0,0,0,,,,0,0,0,0,0,0,0,0,0,u:demo_user_892,0
demo_session_00708,demo_user_742,,2020-04-26 01:59:00,P4,feed,5,1.0,1,0,3,4,0,0,0,,,,0,1,1,0,0,0,0,0,0,u:demo_user_742,0
demo_session_00709,demo_user_726,,2020-03-31 05:19:00,P4,self,2,0.0,0,1,1,1,0,0,0,,,,0,0,0,0,1,1,1,0,0,u:demo_user_726,1
demo_session_00710,demo_user_1059,,2020-02-08 03:35:00,P2,self,5,1.0,0,1,1,1,0,0,0,0.0,,,1,1,1,1,0,0,0,0,0,u:demo_user_1059,0
demo_session_00711,0,demo_anon_815,2020-04-18 06:57:00,P4,search,3,1.0,1,0,1,1,0,1,0,,,,0,0,0,0,0,1,0,0,1,a:demo_anon_815,0
demo_session_00712,0,demo_anon_1135,2020-04-09 05:03:00,P4,search,4,0.0,1,0,0,0,0,0,0,,,,0,1,0,0,0,0,0,0,1,a:demo_anon_1135,0
demo_session_00713,demo_user_1191,,2020-02-26 17:49:00,P2,search,1,1.0,0,1,0,3,0,0,0,0.0,,,0,0,0,0,1,0,0,0,0,u:demo_user_1191,0
demo_session_00714,0,demo_anon_1435,2020-01-08 04:21:00,P1,feed,5,2.0,1,0,0,2,0,0,0,0.0,,,1,0,0,1,0,0,0,0,1,a:demo_anon_1435,0
demo_session_00715,demo_user_1246,,2020-04-24 10:01:00,P4,search,5,2.0,1,0,1,3,1,0,0,,,,0,1,0,1,0,0,0,0,0,u:demo_user_1246,0
demo_session_00716,demo_user_807,,2020-03-05 20:42:00,P3,self,5,3.0,0,4,2,3,0,0,0,,,,0,1,0,0,0,0,0,0,0,u:demo_user_807,0
demo_session_00717,demo_user_767,,2020-02-18 00:49:00,P2,search,5,1.0,1,1,0,1,1,0,0,0.0,,,1,0,0,0,0,0,0,0,0,u:demo_user_767,0
demo_session_00718,demo_user_367,,2020-03-13 20:26:00,P3,self,5,3.0,1,1,1,2,0,0,0,,,,0,0,0,0,0,0,0,0,0,u:demo_user_367,0
demo_session_00719,0,demo_anon_935,2020-01-09 10:08:00,P1,self,5,0.0,1,2,1,2,0,1,0,1.0,,,1,0,1,1,0,0,0,0,1,a:demo_anon_935,1
demo_session_00720,demo_user_217,,2020-04-09 02:04:00,P4,self,5,0.0,1,4,1,7,2,1,0,,,,1,1,0,0,0,0,0,0,0,u:demo_user_217,0
demo_session_00721,demo_user_1452,,2020-01-22 20:29:00,P1,feed,4,0.0,0,1,1,2,1,0,0,2.0,,,1,1,0,0,0,0,0,0,0,u:demo_user_1452,1
demo_session_00722,demo_user_1318,,2020-01-31 22:02:00,P2,search,5,2.0,1,0,0,0,0,0,0,0.0,,,0,1,0,0,0,0,0,0,0,u:demo_user_1318,0
demo_session_00723,demo_user_186,,2020-03-07 23:48:00,P3,search,5,1.0,0,1,0,2,0,0,0,,,,0,1,0,0,0,0,0,0,0,u:demo_user_186,0
demo_session_00724,demo_user_1226,,2020-03-20 17:12:00,P3,self,3,3.0,1,0,0,0,0,0,0,,,,0,0,0,0,1,0,0,0,0,u:demo_user_1226,0
demo_session_00725,demo_user_182,,2020-01-02 18:00:00,P1,search,5,1.0,1,0,0,0,0,0,0,0.0,,,0,1,0,1,0,0,0,0,0,u:demo_user_182,0
demo_session_00726,0,demo_anon_1125,2020-03-10 17:17:00,P3,feed,2,0.0,0,0,1,0,0,0,0,,,,0,0,0,0,1,1,0,1,1,a:demo_anon_1125,0
demo_session_00727,demo_user_136,,2020-01-19 21:17:00,P1,feed,2,1.0,1,1,0,1,0,0,0,0.0,,-1.0,0,0,0,0,0,0,1,0,0,u:demo_user_136,0
demo_session_00728,demo_user_761,,2020-04-24 11:47:00,P4,search,5,3.0,1,0,0,1,0,0,0,,,,0,0,0,0,0,0,0,0,0,u:demo_user_761,0
demo_session_00729,demo_user_1026,,2020-02-14 21:20:00,P2,feed,5,1.0,0,1,0,0,0,1,0,1.0,,,0,0,1,0,0,0,0,0,0,u:demo_user_1026,0
demo_session_00730,demo_user_1136,,2020-02-28 20:26:00,P2,search,3,0.0,1,0,1,2,0,0,0,1.0,,,0,0,0,0,0,1,0,0,0,u:demo_user_1136,0
demo_session_00731,demo_user_653,,2020-03-15 21:58:00,P3,search,5,1.0,1,2,0,0,0,0,0,,,,0,0,0,1,0,0,0,0,0,u:demo_user_653,0
demo_session_00732,demo_user_1437,,2020-01-19 19:22:00,P1,feed,5,2.0,0,2,2,7,0,0,0,0.0,,,0,1,0,0,0,0,0,0,0,u:demo_user_1437,0
demo_session_00733,demo_user_1207,,2020-01-20 20:47:00,P1,self,4,2.0,1,4,1,3,1,0,0,0.0,,,0,1,0,1,0,0,0,0,0,u:demo_user_1207,0
demo_session_00734,demo_user_324,,2020-04-25 02:04:00,P4,self,3,3.0,0,6,1,4,2,0,0,,,,0,0,0,0,1,1,1,0,0,u:demo_user_324,0
demo_session_00735,demo_user_1047,,2020-03-09 23:36:00,P3,self,2,2.0,0,0,0,0,0,0,0,,,,0,0,0,0,0,0,1,0,0,u:demo_user_1047,0
demo_session_00736,demo_user_1139,,2020-01-28 05:16:00,P1,search,3,3.0,1,1,0,0,0,0,0,1.0,,,0,0,0,0,1,1,0,0,0,u:demo_user_1139,0
demo_session_00737,0,demo_anon_520,2020-03-20 13:51:00,P3,search,5,1.0,1,2,1,0,0,0,0,,,,1,1,1,0,0,0,0,0,1,a:demo_anon_520,0
demo_session_00738,demo_user_1151,,2020-04-17 03:38:00,P4,search,4,2.0,1,0,0,0,0,0,0,,,,0,1,0,0,0,0,0,0,0,u:demo_user_1151,0
demo_session_00739,demo_user_1401,,2020-04-01 15:20:00,P4,search,3,2.0,0,1,0,1,1,0,0,,,,0,0,0,0,0,0,1,0,0,u:demo_user_1401,0
demo_session_00740,demo_user_1274,,2020-02-18 00:38:00,P2,self,2,2.0,1,1,1,2,2,0,0,0.0,,,0,0,0,0,0,0,1,0,0,u:demo_user_1274,0
demo_session_00741,demo_user_1189,,2020-03-20 06:10:00,P3,feed,4,3.0,1,1,0,1,0,1,0,,,,1,1,1,0,0,0,0,0,0,u:demo_user_1189,0
demo_session_00742,demo_user_989,,2020-04-17 11:24:00,P4,self,5,2.0,1,2,0,2,2,0,0,,,,0,0,1,1,0,0,0,0,0,u:demo_user_989,0
demo_session_00743,demo_user_422,,2020-01-31 00:14:00,P2,feed,4,0.0,1,0,1,1,0,0,0,0.0,,,1,0,0,0,0,0,0,0,0,u:demo_user_422,0
demo_session_00744,0,demo_anon_1240,2020-04-04 20:07:00,P4,self,5,2.0,1,0,1,1,0,0,0,,,,0,1,1,1,0,0,0,0,1,a:demo_anon_1240,0
demo_session_00745,demo_user_568,,2020-04-29 16:23:00,P4,search,3,2.0,1,2,0,5,2,0,0,,,,0,0,0,0,0,0,0,0,0,u:demo_user_568,0
demo_session_00746,0,demo_anon_830,2020-02-11 10:06:00,P2,search,3,3.0,1,0,0,0,0,1,0,0.0,,,0,0,0,0,0,1,1,1,1,a:demo_anon_830,0
demo_session_00747,0,demo_anon_490,2020-04-16 14:09:00,P4,feed,4,0.0,1,0,0,1,0,0,0,,,,1,0,0,0,0,0,0,0,1,a:demo_anon_490,0
demo_session_00748,demo_user_488,,2020-01-03 15:49:00,P1,self,4,0.0,1,2,0,2,0,0,0,0.0,,,0,1,0,0,0,0,0,0,0,u:demo_user_488,0
demo_session_00749,0,demo_anon_245,2020-02-14 19:44:00,P2,feed,4,0.0,1,0,0,0,0,0,0,0.0,,,1,1,1,0,0,0,0,0,1,a:demo_anon_245,0
demo_session_00750,demo_user_1499,,2020-02-03 04:16:00,P2,search,4,3.0,1,0,1,1,0,0,0,0.0,,,1,0,1,0,0,0,0,0,0,u:demo_user_1499,0
demo_session_00751,0,demo_anon_230,2020-01-04 12:03:00,P1,search,4,3.0,1,0,0,1,0,1,0,0.0,,,0,0,1,1,0,0,0,0,1,a:demo_anon_230,0
demo_session_00752,demo_user_134,,2020-03-13 07:50:00,P3,search,2,3.0,1,0,0,0,0,0,0,,,,0,0,0,0,0,0,0,0,0,u:demo_user_134,0
demo_session_00753,0,demo_anon_1460,2020-03-04 10:40:00,P3,self,4,2.0,1,2,0,4,1,0,0,,,0.0,0,1,1,1,0,0,0,0,1,a:demo_anon_1460,0
demo_session_00754,0,demo_anon_865,2020-02-15 12:15:00,P2,search,5,2.0,1,1,0,1,1,1,0,1.0,,,1,0,1,0,0,0,0,0,1,a:demo_anon_865,0
demo_session_00755,demo_user_683,,2020-04-13 19:44:00,P4,self,4,0.0,1,2,0,4,1,0,0,,,,0,1,1,0,0,0,0,0,0,u:demo_user_683,0
demo_session_00756,0,demo_anon_1150,2020-01-30 18:56:00,P1,self,5,1.0,1,3,0,3,0,0,0,0.0,,,0,0,0,1,0,0,0,0,1,a:demo_anon_1150,0
demo_session_00757,demo_user_597,,2020-04-08 15:11:00,P4,search,4,1.0,0,0,0,0,0,0,0,,,,0,1,1,1,0,0,0,0,0,u:demo_user_597,0
demo_session_00758,demo_user_199,,2020-03-17 07:05:00,P3,search,4,1.0,1,0,2,4,0,0,0,,,,1,1,1,0,0,0,0,0,0,u:demo_user_199,0
demo_session_00759,demo_user_1138,,2020-04-17 16:57:00,P4,self,4,2.0,1,3,0,2,2,0,0,,,,0,1,1,0,0,0,0,0,0,u:demo_user_1138,0
demo_session_00760,demo_user_274,,2020-01-01 20:04:00,P1,self,5,3.0,1,0,1,2,2,0,0,1.0,,,1,1,0,0,0,0,0,0,0,u:demo_user_274,0
demo_session_00761,demo_user_862,,2020-04-26 08:12:00,P4,self,4,2.0,1,0,0,1,0,0,0,,,,0,0,1,1,0,0,0,0,0,u:demo_user_862,0
demo_session_00762,0,demo_anon_1480,2020-01-01 06:31:00,P1,self,5,3.0,1,3,1,1,0,0,0,0.0,,,0,0,0,0,0,0,0,0,1,a:demo_anon_1480,0
demo_session_00763,0,demo_anon_1460,2020-03-26 13:31:00,P3,search,2,2.0,1,2,0,3,1,0,0,,,,0,0,0,0,1,1,1,1,1,a:demo_anon_1460,0
demo_session_00764,demo_user_562,,2020-03-31 07:17:00,P4,self,4,3.0,1,2,1,1,0,0,0,,,,1,1,0,0,0,0,0,0,0,u:demo_user_562,0
demo_session_00765,demo_user_1217,,2020-01-20 11:42:00,P1,feed,4,1.0,1,0,0,0,0,0,0,3.0,,,0,1,1,0,0,0,0,0,0,u:demo_user_1217,0
demo_session_00766,0,demo_anon_955,2020-01-05 05:28:00,P1,self,4,1.0,1,1,0,1,1,0,0,0.0,,,0,1,0,1,0,0,0,0,1,a:demo_anon_955,0
demo_session_00767,demo_user_747,,2020-01-05 08:52:00,P1,self,3,3.0,0,1,0,2,1,0,0,0.0,,,0,0,0,0,0,0,0,0,0,u:demo_user_747,0
demo_session_00768,demo_user_218,,2020-01-16 12:53:00,P1,feed,5,2.0,1,1,1,1,1,0,0,0.0,,,0,1,1,1,0,0,0,0,0,u:demo_user_218,0
demo_session_00769,demo_user_587,,2020-01-19 04:03:00,P1,self,5,3.0,1,0,0,1,0,0,0,0.0,,,1,0,1,0,0,0,0,0,0,u:demo_user_587,0
demo_session_00770,demo_user_1016,,2020-04-26 01:29:00,P4,search,3,2.0,1,0,0,0,0,0,0,,,,0,0,0,0,0,0,1,0,0,u:demo_user_1016,0
demo_session_00771,demo_user_1539,,2020-01-25 03:10:00,P1,feed,5,2.0,0,0,2,0,0,1,0,0.0,,,1,0,0,1,0,0,0,0,0,u:demo_user_1539,0
demo_session_00772,demo_user_7,,2020-04-06 15:10:00,P4,feed,5,2.0,1,1,1,1,1,0,0,,,,0,1,0,1,0,0,0,0,0,u:demo_user_7,0
demo_session_00773,demo_user_1119,,2020-01-08 08:48:00,P1,search,3,3.0,0,0,1,1,0,0,0,1.0,,,0,0,0,0,1,0,0,0,0,u:demo_user_1119,0
demo_session_00774,0,demo_anon_1320,2020-03-19 12:32:00,P3,self,2,0.0,0,1,0,0,0,0,0,,,,0,0,0,0,1,1,0,0,1,a:demo_anon_1320,1
demo_session_00775,demo_user_1483,,2020-02-24 09:56:00,P2,search,5,1.0,1,2,0,2,0,0,0,0.0,,,0,0,1,0,0,0,0,0,0,u:demo_user_1483,0
demo_session_00776,demo_user_661,,2020-03-05 20:13:00,P3,feed,4,1.0,1,1,2,3,1,1,0,,,,1,1,0,0,0,0,0,0,0,u:demo_user_661,0
demo_session_00777,demo_user_184,,2020-04-04 01:34:00,P4,feed,5,1.0,1,2,0,2,1,0,0,,,,0,1,1,0,0,0,0,0,0,u:demo_user_184,0
demo_session_00778,demo_user_422,,2020-01-26 04:12:00,P1,self,5,0.0,1,5,0,10,5,0,0,1.0,,-0.0,0,1,1,0,0,0,0,0,0,u:demo_user_422,0
demo_session_00779,demo_user_1326,,2020-01-01 12:14:00,P1,self,5,0.0,0,3,0,2,1,0,0,1.0,,,1,1,0,0,0,0,0,0,0,u:demo_user_1326,0
demo_session_00780,demo_user_1369,,2020-01-27 12:09:00,P1,self,4,1.0,1,3,0,1,1,0,0,2.0,,,0,1,0,0,0,0,0,0,0,u:demo_user_1369,0
demo_session_00781,demo_user_993,,2020-04-06 10:26:00,P4,self,4,0.0,0,3,0,4,1,0,0,,,,1,0,1,0,0,0,0,0,0,u:demo_user_993,0
demo_session_00782,demo_user_191,,2020-03-11 23:15:00,P3,search,3,1.0,1,2,1,3,1,0,0,,,,0,0,0,0,0,0,0,1,0,u:demo_user_191,0
demo_session_00783,0,demo_anon_190,2020-04-21 00:53:00,P4,self,4,0.0,1,0,1,0,0,0,0,,,,0,0,0,0,0,0,0,0,1,a:demo_anon_190,0
demo_session_00784,0,demo_anon_745,2020-04-10 03:10:00,P4,self,5,2.0,1,1,0,2,0,0,0,,,,0,0,1,1,0,0,0,0,1,a:demo_anon_745,0
demo_session_00785,demo_user_917,,2020-01-19 05:43:00,P1,self,5,1.0,1,3,0,3,0,0,0,0.0,,,0,1,0,1,0,0,0,0,0,u:demo_user_917,0
demo_session_00786,0,demo_anon_50,2020-01-07 22:27:00,P1,search,4,3.0,1,2,0,2,1,1,0,0.0,,,0,1,1,1,0,0,0,0,1,a:demo_anon_50,0
demo_session_00787,0,demo_anon_1070,2020-01-03 13:28:00,P1,self,2,0.0,1,1,1,2,0,0,0,3.0,,,0,0,0,0,0,0,0,0,1,a:demo_anon_1070,0
demo_session_00788,demo_user_849,,2020-01-23 16:36:00,P1,search,5,1.0,0,1,0,3,1,1,0,0.0,,,0,1,0,0,0,0,0,0,0,u:demo_user_849,0
demo_session_00789,demo_user_19,,2020-02-27 12:34:00,P2,self,5,1.0,1,4,0,5,1,0,0,0.0,,,1,1,0,1,0,0,0,0,0,u:demo_user_19,0
demo_session_00790,demo_user_149,,2020-01-02 23:27:00,P1,feed,5,0.0,1,0,1,2,1,0,0,0.0,,,0,1,1,0,0,0,0,0,0,u:demo_user_149,0
demo_session_00791,demo_user_708,,2020-04-14 05:22:00,P4,self,4,3.0,0,0,0,0,0,0,0,,,,0,1,1,0,0,0,0,0,0,u:demo_user_708,0
demo_session_00792,demo_user_1127,,2020-02-27 09:57:00,P2,search,3,0.0,1,3,1,3,2,1,0,0.0,,,0,0,0,0,0,0,0,0,0,u:demo_user_1127,0
demo_session_00793,demo_user_1287,,2020-03-29 10:04:00,P3,self,4,0.0,0,1,0,1,1,0,0,,,,0,0,0,1,0,0,0,0,0,u:demo_user_1287,1
demo_session_00794,demo_user_672,,2020-04-14 17:40:00,P4,self,4,0.0,0,1,2,3,1,1,0,,,,0,1,0,1,0,0,0,0,0,u:demo_user_672,0
demo_session_00795,0,demo_anon_460,2020-01-05 03:56:00,P1,self,3,0.0,1,1,0,2,1,0,0,0.0,,,0,0,0,0,1,0,1,1,1,a:demo_anon_460,0
demo_session_00796,0,demo_anon_1510,2020-02-22 01:33:00,P2,self,3,0.0,1,3,1,4,1,0,0,0.0,,,0,0,0,0,0,1,1,0,1,a:demo_anon_1510,0
demo_session_00797,0,demo_anon_715,2020-03-21 19:00:00,P3,self,5,0.0,1,3,0,2,2,0,0,,,,1,1,0,0,0,0,0,0,1,a:demo_anon_715,1
demo_session_00798,demo_user_492,,2020-04-29 14:41:00,P4,search,4,1.0,0,1,0,2,0,0,0,,,,0,1,1,0,0,0,0,0,0,u:demo_user_492,0
demo_session_00799,0,demo_anon_690,2020-04-08 03:06:00,P4,search,4,1.0,0,1,1,5,4,0,0,,,,0,1,0,0,0,0,0,0,1,a:demo_anon_690,0
demo_session_00800,demo_user_18,,2020-01-27 00:48:00,P1,self,4,1.0,0,0,0,3,2,0,0,0.0,,,0,0,0,0,0,0,0,0,0,u:demo_user_18,0
demo_session_00801,demo_user_471,,2020-02-02 12:37:00,P2,search,3,3.0,0,1,0,2,1,0,0,3.0,,,0,0,0,0,1,0,0,0,0,u:demo_user_471,0
demo_session_00802,demo_user_804,,2020-04-05 22:17:00,P4,search,4,1.0,0,0,0,3,2,0,0,,,,1,1,1,1,0,0,0,0,0,u:demo_user_804,0
demo_session_00803,demo_user_1432,,2020-03-19 09:49:00,P3,self,5,3.0,1,1,1,2,0,0,0,,,,0,0,1,0,0,0,0,0,0,u:demo_user_1432,0
demo_session_00804,demo_user_1151,,2020-01-30 22:57:00,P1,self,5,2.0,1,2,0,3,1,0,0,0.0,,,0,1,0,0,0,0,0,0,0,u:demo_user_1151,0
demo_session_00805,demo_user_1218,,2020-02-29 06:34:00,P2,self,5,1.0,0,0,1,0,0,0,0,1.0,,,1,1,0,1,0,0,0,0,0,u:demo_user_1218,0
demo_session_00806,0,demo_anon_850,2020-04-21 11:20:00,P4,self,5,1.0,1,3,0,5,1,0,0,,,,0,0,1,0,0,0,0,0,1,a:demo_anon_850,0
demo_session_00807,demo_user_172,,2020-01-25 16:12:00,P1,search,4,2.0,1,0,0,1,0,0,0,1.0,,,1,0,0,0,0,0,0,0,0,u:demo_user_172,0
demo_session_00808,demo_user_609,,2020-02-09 13:42:00,P2,feed,5,3.0,0,0,1,1,1,0,0,1.0,,,0,1,1,0,0,0,0,0,0,u:demo_user_609,0
demo_session_00809,0,demo_anon_1555,2020-04-18 04:20:00,P4,feed,5,3.0,1,0,1,2,1,1,0,,,,1,0,0,0,0,0,0,0,1,a:demo_anon_1555,0
demo_session_00810,demo_user_68,,2020-03-21 17:54:00,P3,feed,5,0.0,1,2,0,1,1,0,0,,,,1,1,1,1,0,0,0,0,0,u:demo_user_68,0
demo_session_00811,demo_user_1371,,2020-01-27 18:15:00,P1,search,4,1.0,0,1,0,0,0,1,0,0.0,,,0,1,0,0,0,0,0,0,0,u:demo_user_1371,0
demo_session_00812,demo_user_1067,,2020-02-04 10:34:00,P2,self,1,0.0,1,1,1,3,2,0,0,1.0,,,0,0,0,0,1,1,0,0,0,u:demo_user_1067,1
demo_session_00813,demo_user_442,,2020-04-10 20:34:00,P4,self,5,3.0,1,2,1,3,0,0,0,,,,0,1,0,0,0,0,0,0,0,u:demo_user_442,0
demo_session_00814,demo_user_1213,,2020-02-03 15:11:00,P2,self,4,0.0,1,3,0,1,0,0,0,0.0,,,1,1,1,0,0,0,0,0,0,u:demo_user_1213,0
demo_session_00815,0,demo_anon_1305,2020-03-25 04:46:00,P3,self,5,2.0,0,1,0,3,1,0,0,,,-2.0,0,0,0,0,0,0,0,0,1,a:demo_anon_1305,0
demo_session_00816,demo_user_67,,2020-02-29 11:49:00,P2,self,3,2.0,1,2,0,0,0,0,0,0.0,,,0,0,0,0,0,0,1,0,0,u:demo_user_67,0
demo_session_00817,demo_user_166,,2020-01-27 12:13:00,P1,search,5,3.0,1,1,0,2,0,0,0,1.0,,,1,1,0,0,0,0,0,0,0,u:demo_user_166,0
demo_session_00818,demo_user_1038,,2020-02-14 04:26:00,P2,self,3,3.0,0,1,1,1,1,0,0,0.0,,,0,0,0,0,0,0,0,0,0,u:demo_user_1038,0
demo_session_00819,demo_user_1558,,2020-03-26 08:36:00,P3,self,5,0.0,1,1,1,5,2,0,0,,,,0,1,1,0,0,0,0,0,0,u:demo_user_1558,0
demo_session_00820,demo_user_37,,2020-04-06 06:04:00,P4,search,1,2.0,1,0,0,0,0,0,0,,,,0,0,0,0,0,1,1,0,0,u:demo_user_37,0
demo_session_00821,demo_user_1038,,2020-01-04 02:53:00,P1,self,5,3.0,0,0,2,1,1,0,0,0.0,,,0,0,0,1,0,0,0,0,0,u:demo_user_1038,0
demo_session_00822,demo_user_212,,2020-04-18 16:07:00,P4,feed,4,0.0,1,0,2,2,1,0,0,,,-0.0,0,1,1,0,0,0,0,0,0,u:demo_user_212,0
demo_session_00823,demo_user_1014,,2020-01-29 08:27:00,P1,self,4,2.0,0,0,1,0,0,0,0,0.0,,,0,1,0,0,0,0,0,0,0,u:demo_user_1014,0
demo_session_00824,demo_user_972,,2020-03-18 20:29:00,P3,search,4,1.0,0,2,0,2,1,0,0,,,,1,1,0,0,0,0,0,0,0,u:demo_user_972,0
demo_session_00825,demo_user_141,,2020-02-04 05:57:00,P2,self,5,3.0,0,2,1,3,1,0,0,0.0,,,1,0,0,1,0,0,0,0,0,u:demo_user_141,0
demo_session_00826,demo_user_1061,,2020-02-02 02:56:00,P2,search,4,3.0,1,0,0,1,1,0,0,0.0,,,0,1,0,0,0,0,0,0,0,u:demo_user_1061,0
demo_session_00827,demo_user_1399,,2020-04-16 16:52:00,P4,self,3,0.0,1,4,0,2,1,0,0,,,-1.0,0,0,0,0,0,0,0,1,0,u:demo_user_1399,0
demo_session_00828,demo_user_1346,,2020-03-25 02:45:00,P3,self,5,1.0,1,1,0,0,0,1,0,,,,0,1,1,0,0,0,0,0,0,u:demo_user_1346,0
demo_session_00829,0,demo_anon_45,2020-04-19 20:18:00,P4,search,5,3.0,0,0,0,4,2,0,0,,,,0,1,0,1,0,0,0,0,1,a:demo_anon_45,0
demo_session_00830,demo_user_383,,2020-01-03 12:05:00,P1,self,5,3.0,1,4,0,1,0,0,0,1.0,,,0,1,1,0,0,0,0,0,0,u:demo_user_383,0
demo_session_00831,0,demo_anon_375,2020-02-02 12:27:00,P2,self,5,1.0,0,3,0,3,2,0,0,0.0,,,0,1,1,0,0,0,0,0,1,a:demo_anon_375,0
demo_session_00832,demo_user_707,,2020-01-06 19:57:00,P1,feed,5,1.0,1,0,0,0,0,0,0,0.0,,,0,1,0,0,0,0,0,0,0,u:demo_user_707,0
demo_session_00833,demo_user_223,,2020-02-26 23:01:00,P2,self,5,3.0,1,2,1,4,1,0,0,1.0,,,0,0,1,0,0,0,0,0,0,u:demo_user_223,0
demo_session_00834,demo_user_1332,,2020-02-25 09:38:00,P2,search,5,1.0,0,0,0,0,0,0,0,0.0,,,0,1,1,0,0,0,0,0,0,u:demo_user_1332,0
demo_session_00835,demo_user_1211,,2020-04-27 19:04:00,P4,search,4,2.0,1,0,0,2,0,0,0,,,,1,1,1,1,0,0,0,0,0,u:demo_user_1211,0
demo_session_00836,demo_user_1261,,2020-01-28 17:10:00,P1,self,4,1.0,1,1,0,1,0,0,0,0.0,,-0.0,0,0,1,0,0,0,0,0,0,u:demo_user_1261,0
demo_session_00837,demo_user_309,,2020-03-20 22:00:00,P3,search,4,3.0,0,0,1,0,0,0,0,,,,0,1,1,0,0,0,0,0,0,u:demo_user_309,0
demo_session_00838,demo_user_22,,2020-04-29 07:39:00,P4,self,5,0.0,1,2,1,1,0,0,0,,,,0,1,1,0,0,0,0,0,0,u:demo_user_22,1
demo_session_00839,0,demo_anon_1420,2020-01-09 08:46:00,P1,search,3,0.0,1,0,0,2,0,0,0,0.0,,,0,0,0,0,0,0,0,0,1,a:demo_anon_1420,0
demo_session_00840,0,demo_anon_450,2020-02-23 10:10:00,P2,self,2,0.0,0,1,0,3,0,0,0,0.0,,,0,0,0,0,0,1,0,0,1,a:demo_anon_450,0
demo_session_00841,demo_user_1023,,2020-02-16 23:19:00,P2,self,3,0.0,0,0,0,0,0,0,0,1.0,,,0,0,0,0,0,0,0,0,0,u:demo_user_1023,1
demo_session_00842,demo_user_1418,,2020-01-04 03:41:00,P1,self,5,2.0,1,1,0,0,0,0,0,0.0,,,0,0,0,0,0,0,0,0,0,u:demo_user_1418,0
demo_session_00843,demo_user_56,,2020-02-20 13:44:00,P2,feed,5,3.0,1,2,0,1,1,0,0,2.0,,,0,1,0,0,0,0,0,0,0,u:demo_user_56,0
demo_session_00844,demo_user_8,,2020-01-31 10:17:00,P2,search,4,1.0,1,0,1,1,1,0,0,1.0,,,0,1,1,0,0,0,0,0,0,u:demo_user_8,0
demo_session_00845,demo_user_8,,2020-02-06 18:25:00,P2,feed,5,1.0,1,2,1,5,3,0,0,0.0,,,0,1,0,1,0,0,0,0,0,u:demo_user_8,0
demo_session_00846,demo_user_243,,2020-01-26 12:24:00,P1,search,4,1.0,0,0,0,2,1,0,0,0.0,,,1,0,0,1,0,0,0,0,0,u:demo_user_243,0
demo_session_00847,0,demo_anon_80,2020-03-03 09:21:00,P3,search,4,2.0,1,0,1,4,1,0,0,,,,1,1,0,0,0,0,0,0,1,a:demo_anon_80,0
demo_session_00848,demo_user_1279,,2020-02-17 19:30:00,P2,search,4,2.0,1,1,0,0,0,0,0,1.0,,,1,0,0,0,0,0,0,0,0,u:demo_user_1279,0
demo_session_00849,0,demo_anon_945,2020-03-29 07:44:00,P3,feed,3,3.0,0,0,0,0,0,0,0,,,,0,0,0,0,0,0,0,0,1,a:demo_anon_945,0
demo_session_00850,demo_user_1528,,2020-02-12 09:53:00,P2,search,5,2.0,1,2,1,5,3,0,0,0.0,,-0.0,1,0,0,0,0,0,0,0,0,u:demo_user_1528,0
demo_session_00851,0,demo_anon_1250,2020-03-23 23:31:00,P3,self,4,0.0,1,1,3,2,1,0,0,,,,0,0,0,0,0,0,0,0,1,a:demo_anon_1250,0
demo_session_00852,demo_user_1502,,2020-03-04 06:57:00,P3,search,5,2.0,1,1,1,2,0,0,0,,,,0,1,0,0,0,0,0,0,0,u:demo_user_1502,0
demo_session_00853,demo_user_372,,2020-02-12 04:27:00,P2,search,5,0.0,0,1,1,3,3,0,0,0.0,,,1,0,1,0,0,0,0,0,0,u:demo_user_372,0
demo_session_00854,demo_user_448,,2020-04-08 19:42:00,P4,self,4,1.0,1,1,0,1,1,0,0,,,,0,0,0,0,0,0,0,0,0,u:demo_user_448,0
demo_session_00855,0,demo_anon_1325,2020-03-29 09:31:00,P3,self,5,3.0,1,2,0,0,0,1,0,,,,1,1,0,1,0,0,0,0,1,a:demo_anon_1325,0
demo_session_00856,demo_user_382,,2020-03-04 02:38:00,P3,self,4,3.0,1,0,2,4,0,0,0,,,1.0,0,1,1,0,0,0,0,0,0,u:demo_user_382,0
demo_session_00857,demo_user_89,,2020-03-05 02:07:00,P3,feed,5,1.0,1,0,0,1,1,0,0,,,,1,0,1,0,0,0,0,0,0,u:demo_user_89,0
demo_session_00858,demo_user_1043,,2020-04-01 15:33:00,P4,self,5,0.0,1,1,2,0,0,0,0,,,,0,0,0,0,0,0,0,0,0,u:demo_user_1043,0
demo_session_00859,demo_user_1249,,2020-04-02 08:11:00,P4,feed,2,2.0,1,1,0,4,0,0,0,,,,0,0,0,0,0,0,0,1,0,u:demo_user_1249,0
demo_session_00860,0,demo_anon_1510,2020-03-26 11:22:00,P3,search,5,0.0,1,1,1,1,1,0,0,,,,0,0,0,1,0,0,0,0,1,a:demo_anon_1510,0
demo_session_00861,demo_user_1447,,2020-01-14 16:00:00,P1,search,5,1.0,1,3,0,2,1,0,0,1.0,,,0,1,0,0,0,0,0,0,0,u:demo_user_1447,0
demo_session_00862,demo_user_187,,2020-01-28 14:29:00,P1,self,5,0.0,1,1,0,2,0,0,0,0.0,,,1,0,1,0,0,0,0,0,0,u:demo_user_187,1
demo_session_00863,demo_user_1204,,2020-02-18 13:42:00,P2,feed,4,3.0,1,0,0,0,0,1,0,0.0,,,0,1,0,0,0,0,0,0,0,u:demo_user_1204,0
demo_session_00864,demo_user_1319,,2020-03-10 00:53:00,P3,search,5,1.0,1,0,0,0,0,1,0,,,-0.0,0,0,0,0,0,0,0,0,0,u:demo_user_1319,0
demo_session_00865,demo_user_1089,,2020-02-17 08:35:00,P2,self,5,0.0,0,0,1,2,1,0,0,0.0,,2.0,0,1,1,1,0,0,0,0,0,u:demo_user_1089,1
demo_session_00866,demo_user_1278,,2020-04-09 10:31:00,P4,self,5,2.0,0,1,0,0,0,1,0,,,,1,0,1,0,0,0,0,0,0,u:demo_user_1278,0
demo_session_00867,demo_user_1307,,2020-02-12 05:11:00,P2,self,5,3.0,1,4,0,5,2,0,0,0.0,,,0,0,0,0,0,0,0,0,0,u:demo_user_1307,0
demo_session_00868,demo_user_696,,2020-03-06 07:07:00,P3,self,5,0.0,0,0,2,2,0,0,0,,,,0,1,0,1,0,0,0,0,0,u:demo_user_696,0
demo_session_00869,demo_user_62,,2020-03-24 18:20:00,P3,search,5,1.0,1,1,1,2,1,0,0,,,,1,0,0,1,0,0,0,0,0,u:demo_user_62,0
demo_session_00870,demo_user_711,,2020-02-15 07:11:00,P2,feed,3,3.0,0,0,2,2,1,0,0,2.0,,,0,0,0,0,1,0,0,0,0,u:demo_user_711,0
demo_session_00871,demo_user_314,,2020-03-07 20:31:00,P3,search,4,2.0,1,1,1,2,1,0,0,,,1.0,0,1,0,1,0,0,0,0,0,u:demo_user_314,0
demo_session_00872,demo_user_177,,2020-03-28 05:05:00,P3,search,4,1.0,0,0,1,1,1,0,0,,,,0,1,1,1,0,0,0,0,0,u:demo_user_177,0
demo_session_00873,demo_user_194,,2020-02-16 07:22:00,P2,search,4,1.0,1,0,1,2,0,0,0,2.0,,1.0,0,1,1,0,0,0,0,0,0,u:demo_user_194,0
demo_session_00874,demo_user_1087,,2020-04-26 12:05:00,P4,feed,3,3.0,1,0,0,0,0,0,0,,,,0,0,0,0,0,0,0,0,0,u:demo_user_1087,0
demo_session_00875,demo_user_787,,2020-03-05 08:33:00,P3,feed,4,1.0,1,2,0,1,0,0,0,,,,0,0,0,0,0,0,0,0,0,u:demo_user_787,0
demo_session_00876,demo_user_842,,2020-04-04 09:03:00,P4,self,5,3.0,1,2,1,0,0,1,0,,,,0,1,0,1,0,0,0,0,0,u:demo_user_842,0
demo_session_00877,demo_user_1162,,2020-03-25 12:39:00,P3,feed,4,1.0,1,1,1,1,1,0,0,,,,0,0,0,1,0,0,0,0,0,u:demo_user_1162,0
demo_session_00878,0,demo_anon_855,2020-04-07 17:10:00,P4,self,4,0.0,0,1,1,0,0,0,0,,,,1,1,0,0,0,0,0,0,1,a:demo_anon_855,0
demo_session_00879,demo_user_982,,2020-03-22 00:22:00,P3,feed,5,3.0,1,2,0,3,0,0,0,,,,0,1,0,0,0,0,0,0,0,u:demo_user_982,0
demo_session_00880,demo_user_134,,2020-03-05 15:39:00,P3,feed,5,3.0,1,0,1,1,0,0,0,,,,1,1,0,0,0,0,0,0,0,u:demo_user_134,0
demo_session_00881,demo_user_1327,,2020-04-01 06:44:00,P4,search,3,2.0,1,0,0,1,1,0,0,,,,0,0,0,0,0,0,0,0,0,u:demo_user_1327,0
demo_session_00882,0,demo_anon_700,2020-02-25 23:45:00,P2,self,5,1.0,1,2,1,3,2,0,0,3.0,,,1,0,0,0,0,0,0,0,1,a:demo_anon_700,0
demo_session_00883,demo_user_242,,2020-04-12 04:14:00,P4,search,5,0.0,1,1,0,0,0,0,0,,,,1,1,1,0,0,0,0,0,0,u:demo_user_242,1
demo_session_00884,demo_user_1268,,2020-03-01 05:05:00,P3,self,4,1.0,1,1,0,3,1,0,0,,,,0,1,0,1,0,0,0,0,0,u:demo_user_1268,0
demo_session_00885,demo_user_1146,,2020-03-29 17:26:00,P3,search,2,1.0,0,1,2,0,0,0,0,,,,0,0,0,0,1,0,0,0,0,u:demo_user_1146,0
demo_session_00886,demo_user_82,,2020-01-25 19:16:00,P1,self,5,0.0,1,1,1,2,1,0,0,0.0,,,0,1,0,0,0,0,0,0,0,u:demo_user_82,0
demo_session_00887,demo_user_301,,2020-01-22 14:48:00,P1,search,3,3.0,1,2,0,2,2,0,0,0.0,,,0,0,0,0,1,0,1,0,0,u:demo_user_301,0
demo_session_00888,demo_user_24,,2020-03-08 18:36:00,P3,feed,5,1.0,0,1,0,1,1,1,0,,,,0,1,1,0,0,0,0,0,0,u:demo_user_24,0
demo_session_00889,demo_user_422,,2020-04-11 14:08:00,P4,self,2,0.0,1,2,0,2,0,0,0,,,,0,0,0,0,0,0,0,0,0,u:demo_user_422,0
demo_session_00890,0,demo_anon_155,2020-03-29 01:46:00,P3,self,4,0.0,1,0,0,0,0,1,0,,,,0,1,1,0,0,0,0,0,1,a:demo_anon_155,0
demo_session_00891,demo_user_1107,,2020-02-09 20:13:00,P2,search,3,3.0,0,0,1,3,1,0,0,1.0,,,0,0,0,0,0,0,1,0,0,u:demo_user_1107,0
demo_session_00892,0,demo_anon_815,2020-04-12 17:07:00,P4,search,5,1.0,1,0,0,1,0,0,0,,,0.0,0,1,1,0,0,0,0,0,1,a:demo_anon_815,0
demo_session_00893,demo_user_1529,,2020-03-20 22:00:00,P3,self,5,0.0,1,3,0,4,0,0,0,,,1.0,1,1,0,0,0,0,0,0,0,u:demo_user_1529,1
demo_session_00894,demo_user_1169,,2020-03-07 18:26:00,P3,self,5,0.0,1,3,0,1,0,0,0,,,,0,1,1,0,0,0,0,0,0,u:demo_user_1169,0
demo_session_00895,demo_user_954,,2020-04-28 21:59:00,P4,search,4,3.0,0,1,0,0,0,0,0,,,,0,1,0,1,0,0,0,0,0,u:demo_user_954,0
demo_session_00896,demo_user_794,,2020-04-03 11:58:00,P4,search,5,2.0,1,1,0,2,1,0,0,,,,0,1,0,1,0,0,0,0,0,u:demo_user_794,0
demo_session_00897,0,demo_anon_85,2020-02-05 08:34:00,P2,search,4,1.0,1,0,0,0,0,0,0,0.0,,,0,1,1,0,0,0,0,0,1,a:demo_anon_85,0
demo_session_00898,demo_user_109,,2020-01-08 19:15:00,P1,self,5,0.0,1,2,0,2,1,0,0,2.0,,,0,1,0,0,0,0,0,0,0,u:demo_user_109,0
demo_session_00899,demo_user_961,,2020-02-02 10:12:00,P2,search,5,2.0,1,3,2,5,3,0,0,1.0,,,0,1,1,0,0,0,0,0,0,u:demo_user_961,0
demo_session_00900,demo_user_6,,2020-01-22 04:50:00,P1,self,4,1.0,0,2,1,4,1,0,0,0.0,,,0,1,1,0,0,0,0,0,0,u:demo_user_6,0
demo_session_00901,demo_user_66,,2020-01-22 20:37:00,P1,self,5,0.0,0,4,0,2,0,0,0,1.0,,,0,0,0,0,0,0,0,0,0,u:demo_user_66,1
demo_session_00902,demo_user_341,,2020-03-03 17:12:00,P3,search,3,0.0,1,0,1,2,0,0,0,,,,0,0,0,0,1,0,0,0,0,u:demo_user_341,1
demo_session_00903,demo_user_1379,,2020-04-28 02:08:00,P4,self,4,1.0,1,0,0,2,0,0,0,,,,0,1,1,0,0,0,0,0,0,u:demo_user_1379,0
demo_session_00904,0,demo_anon_715,2020-03-18 21:14:00,P3,search,5,0.0,1,0,0,1,0,0,0,,,,1,1,1,0,0,0,0,0,1,a:demo_anon_715,1
demo_session_00905,demo_user_1106,,2020-02-21 05:34:00,P2,feed,3,3.0,1,0,0,1,1,0,0,0.0,,,0,0,0,0,0,1,0,1,0,u:demo_user_1106,0
demo_session_00906,demo_user_642,,2020-01-30 18:50:00,P1,search,3,1.0,0,1,1,3,0,0,0,1.0,,,0,0,0,0,0,0,0,0,0,u:demo_user_642,0
demo_session_00907,0,demo_anon_270,2020-04-04 01:31:00,P4,search,4,3.0,0,0,2,2,1,0,0,,,,0,0,0,0,0,0,0,0,1,a:demo_anon_270,0
demo_session_00908,demo_user_579,,2020-03-06 20:10:00,P3,self,4,1.0,0,1,0,2,0,0,0,,,,0,1,0,1,0,0,0,0,0,u:demo_user_579,0
demo_session_00909,demo_user_143,,2020-01-06 21:48:00,P1,self,5,0.0,1,2,0,1,0,0,0,1.0,,,0,1,0,0,0,0,0,0,0,u:demo_user_143,1
demo_session_00910,demo_user_1201,,2020-02-25 22:22:00,P2,self,5,2.0,1,0,0,1,1,0,0,0.0,,,0,1,0,0,0,0,0,0,0,u:demo_user_1201,0
demo_session_00911,demo_user_286,,2020-01-22 15:37:00,P1,search,3,0.0,1,0,2,2,2,0,0,0.0,,1.0,0,0,0,0,0,0,1,0,0,u:demo_user_286,1
demo_session_00912,demo_user_587,,2020-02-29 18:15:00,P2,feed,5,3.0,1,0,0,2,0,0,0,0.0,,,1,1,0,0,0,0,0,0,0,u:demo_user_587,0
demo_session_00913,demo_user_1528,,2020-01-08 13:58:00,P1,self,5,2.0,1,0,1,0,0,0,0,3.0,,,0,0,1,0,0,0,0,0,0,u:demo_user_1528,0
demo_session_00914,demo_user_923,,2020-01-26 14:53:00,P1,self,4,2.0,1,2,0,4,3,0,0,1.0,,,0,1,0,1,0,0,0,0,0,u:demo_user_923,0
demo_session_00915,0,demo_anon_715,2020-04-07 21:01:00,P4,self,4,0.0,1,1,0,2,0,1,0,,,,0,1,0,0,0,0,0,0,1,a:demo_anon_715,1
demo_session_00916,demo_user_847,,2020-01-21 06:44:00,P1,search,4,0.0,1,0,0,1,1,0,0,3.0,,,0,0,0,0,0,0,0,0,0,u:demo_user_847,1
demo_session_00917,demo_user_1223,,2020-01-13 18:52:00,P1,search,3,1.0,1,1,0,1,0,0,0,0.0,,,0,0,0,0,1,1,0,1,0,u:demo_user_1223,0
demo_session_00918,demo_user_396,,2020-01-27 12:05:00,P1,search,2,0.0,0,2,1,3,1,0,0,2.0,,,0,0,0,0,0,0,0,1,0,u:demo_user_396,1
demo_session_00919,demo_user_992,,2020-04-20 18:42:00,P4,feed,1,3.0,1,0,0,1,1,0,0,,,,0,0,0,0,0,0,0,0,0,u:demo_user_992,0
demo_session_00920,demo_user_1361,,2020-04-23 18:22:00,P4,self,4,2.0,1,1,1,1,1,0,0,,,,0,1,1,0,0,0,0,0,0,u:demo_user_1361,0
demo_session_00921,demo_user_892,,2020-03-20 15:37:00,P3,search,4,0.0,1,0,0,1,1,0,0,,,3.0,0,1,1,0,0,0,0,0,0,u:demo_user_892,0
demo_session_00922,demo_user_696,,2020-04-03 15:49:00,P4,search,4,0.0,0,0,2,4,1,0,0,,,,0,1,0,0,0,0,0,0,0,u:demo_user_696,0
demo_session_00923,demo_user_226,,2020-04-19 03:28:00,P4,self,5,3.0,1,2,0,0,0,0,0,,,-1.0,1,1,1,0,0,0,0,0,0,u:demo_user_226,0
demo_session_00924,demo_user_387,,2020-02-05 12:06:00,P2,feed,3,0.0,0,0,2,1,1,0,0,1.0,,,0,0,0,0,1,1,1,0,0,u:demo_user_387,0
demo_session_00925,0,demo_anon_1475,2020-02-19 01:30:00,P2,self,5,2.0,1,3,0,5,1,1,0,0.0,,,1,0,0,0,0,0,0,0,1,a:demo_anon_1475,0
demo_session_00926,demo_user_844,,2020-01-04 08:08:00,P1,search,5,2.0,1,3,0,5,1,1,0,0.0,,,0,0,0,0,0,0,0,0,0,u:demo_user_844,0
demo_session_00927,0,demo_anon_470,2020-03-04 01:53:00,P3,search,5,1.0,1,0,2,2,0,0,0,,,,0,1,1,0,0,0,0,0,1,a:demo_anon_470,0
demo_session_00928,demo_user_652,,2020-04-21 02:23:00,P4,feed,5,3.0,1,0,0,0,0,0,0,,,,0,1,0,1,0,0,0,0,0,u:demo_user_652,0
demo_session_00929,demo_user_901,,2020-01-04 07:24:00,P1,search,5,1.0,1,0,1,1,0,0,0,0.0,,3.0,1,1,0,0,0,0,0,0,0,u:demo_user_901,0
demo_session_00930,demo_user_838,,2020-03-26 09:05:00,P3,self,4,3.0,1,1,0,2,0,1,0,,,,0,1,0,0,0,0,0,0,0,u:demo_user_838,0
demo_session_00931,demo_user_1091,,2020-02-25 21:48:00,P2,feed,5,2.0,1,3,0,2,1,0,0,0.0,,,1,0,0,0,0,0,0,0,0,u:demo_user_1091,0
demo_session_00932,demo_user_401,,2020-04-25 19:15:00,P4,search,4,1.0,1,1,0,3,0,0,0,,,,0,1,0,1,0,0,0,0,0,u:demo_user_401,0
demo_session_00933,demo_user_1012,,2020-03-11 21:15:00,P3,search,3,0.0,1,0,1,1,0,0,0,,,,0,0,0,0,1,0,0,0,0,u:demo_user_1012,1
demo_session_00934,0,demo_anon_690,2020-02-18 15:12:00,P2,search,3,1.0,0,0,0,1,0,0,0,0.0,,,0,0,0,0,0,0,1,0,1,a:demo_anon_690,0
demo_session_00935,demo_user_1467,,2020-01-13 01:41:00,P1,self,5,3.0,0,2,2,4,2,0,0,2.0,,,0,0,1,0,0,0,0,0,0,u:demo_user_1467,0
demo_session_00936,demo_user_246,,2020-03-08 07:20:00,P3,search,5,2.0,0,0,0,0,0,1,0,,,,1,1,0,1,0,0,0,0,0,u:demo_user_246,0
demo_session_00937,demo_user_231,,2020-04-27 17:57:00,P4,feed,5,0.0,0,0,1,2,0,0,0,,,,0,1,1,0,0,0,0,0,0,u:demo_user_231,1
demo_session_00938,0,demo_anon_720,2020-01-02 13:02:00,P1,self,3,2.0,0,2,0,1,0,0,0,1.0,,,0,0,0,0,0,0,1,1,1,a:demo_anon_720,0
demo_session_00939,demo_user_793,,2020-01-01 12:38:00,P1,search,3,0.0,1,1,0,2,1,0,0,0.0,,,0,0,0,0,0,0,0,0,0,u:demo_user_793,0
demo_session_00940,demo_user_1077,,2020-04-16 20:08:00,P4,feed,5,2.0,0,0,0,0,0,0,0,,,,0,1,1,1,0,0,0,0,0,u:demo_user_1077,0
demo_session_00941,0,demo_anon_630,2020-02-02 02:15:00,P2,search,5,2.0,0,0,1,2,2,0,0,0.0,,,0,1,1,1,0,0,0,0,1,a:demo_anon_630,0
demo_session_00942,0,demo_anon_1425,2020-03-13 22:29:00,P3,feed,5,3.0,0,2,0,1,1,0,0,,,,0,1,0,1,0,0,0,0,1,a:demo_anon_1425,0
demo_session_00943,demo_user_739,,2020-03-14 20:59:00,P3,self,4,1.0,1,4,0,3,1,0,0,,,,0,1,1,0,0,0,0,0,0,u:demo_user_739,0
demo_session_00944,demo_user_201,,2020-02-27 14:35:00,P2,feed,4,0.0,0,1,0,4,3,0,0,1.0,,,1,1,0,0,0,0,0,0,0,u:demo_user_201,0
demo_session_00945,0,demo_anon_185,2020-02-29 17:11:00,P2,self,4,2.0,1,2,0,2,1,0,0,0.0,,,0,1,0,1,0,0,0,0,1,a:demo_anon_185,0
demo_session_00946,demo_user_1518,,2020-03-23 13:25:00,P3,search,4,0.0,0,3,1,2,2,0,0,,,,1,0,0,0,0,0,0,0,0,u:demo_user_1518,1
demo_session_00947,demo_user_209,,2020-01-29 16:53:00,P1,search,5,0.0,1,3,0,3,0,0,0,0.0,,,0,0,1,0,0,0,0,0,0,u:demo_user_209,1
demo_session_00948,demo_user_1478,,2020-01-22 13:34:00,P1,search,3,0.0,1,0,0,0,0,0,0,0.0,,,0,0,0,0,1,1,0,0,0,u:demo_user_1478,0
demo_session_00949,demo_user_433,,2020-04-28 09:51:00,P4,feed,4,2.0,1,3,1,5,0,0,0,,,,0,1,0,0,0,0,0,0,0,u:demo_user_433,0
demo_session_00950,0,demo_anon_145,2020-01-02 00:56:00,P1,search,5,1.0,1,0,2,1,0,0,0,0.0,,,0,1,0,0,0,0,0,0,1,a:demo_anon_145,0
demo_session_00951,0,demo_anon_475,2020-01-23 15:58:00,P1,search,3,2.0,1,0,1,3,2,0,0,0.0,,,0,0,0,0,1,0,0,0,1,a:demo_anon_475,0
demo_session_00952,demo_user_958,,2020-03-28 12:44:00,P3,search,5,0.0,1,1,2,3,0,0,0,,,,0,1,1,0,0,0,0,0,0,u:demo_user_958,0
demo_session_00953,demo_user_667,,2020-03-09 04:51:00,P3,search,5,2.0,1,2,1,2,0,1,0,,,,0,1,1,0,0,0,0,0,0,u:demo_user_667,0
demo_session_00954,0,demo_anon_1225,2020-02-08 15:58:00,P2,search,2,2.0,1,0,0,2,1,0,0,0.0,,,0,0,0,0,0,0,1,0,1,a:demo_anon_1225,0
demo_session_00955,demo_user_953,,2020-01-14 21:44:00,P1,self,5,2.0,1,1,2,0,0,0,0,1.0,,,0,1,0,0,0,0,0,0,0,u:demo_user_953,0
demo_session_00956,0,demo_anon_625,2020-02-14 00:39:00,P2,search,4,2.0,1,0,1,0,0,0,0,1.0,,,0,1,1,0,0,0,0,0,1,a:demo_anon_625,0
demo_session_00957,0,demo_anon_990,2020-01-07 17:40:00,P1,feed,2,0.0,0,0,0,0,0,0,0,0.0,,,0,0,0,0,0,0,0,1,1,a:demo_anon_990,1
demo_session_00958,0,demo_anon_1515,2020-03-07 10:22:00,P3,search,4,0.0,0,0,1,4,3,0,0,,,,0,1,0,0,0,0,0,0,1,a:demo_anon_1515,0
demo_session_00959,demo_user_642,,2020-02-28 13:04:00,P2,search,5,1.0,0,2,2,4,2,0,0,0.0,,,1,1,1,0,0,0,0,0,0,u:demo_user_642,0
demo_session_00960,demo_user_239,,2020-04-20 08:56:00,P4,self,4,3.0,1,4,0,3,2,0,0,,,,0,0,1,0,0,0,0,0,0,u:demo_user_239,0
demo_session_00961,demo_user_637,,2020-04-06 13:32:00,P4,search,4,0.0,1,0,0,1,0,0,0,,,,0,1,1,0,0,0,0,0,0,u:demo_user_637,0
demo_session_00962,0,demo_anon_1310,2020-02-26 08:58:00,P2,self,1,1.0,1,0,0,1,1,0,0,0.0,,,0,0,0,0,1,0,0,0,1,a:demo_anon_1310,0
demo_session_00963,demo_user_339,,2020-03-04 18:11:00,P3,self,5,1.0,0,3,0,3,0,0,0,,,,0,1,0,0,0,0,0,0,0,u:demo_user_339,0
demo_session_00964,0,demo_anon_1480,2020-03-23 17:14:00,P3,search,5,3.0,1,0,1,1,0,0,0,,,,0,0,0,0,0,0,0,0,1,a:demo_anon_1480,0
demo_session_00965,demo_user_917,,2020-02-05 05:39:00,P2,self,3,1.0,1,3,1,4,1,0,0,1.0,,,0,0,0,0,0,0,0,1,0,u:demo_user_917,0
demo_session_00966,demo_user_938,,2020-03-13 02:45:00,P3,self,5,3.0,1,1,0,1,0,0,0,,,,0,0,0,0,0,0,0,0,0,u:demo_user_938,0
demo_session_00967,demo_user_494,,2020-01-03 00:10:00,P1,search,3,1.0,1,0,1,0,0,0,0,1.0,,,0,0,0,0,1,0,1,0,0,u:demo_user_494,0
demo_session_00968,0,demo_anon_1435,2020-04-22 15:39:00,P4,search,5,2.0,1,0,0,2,1,0,0,,,,0,1,1,1,0,0,0,0,1,a:demo_anon_1435,0
demo_session_00969,demo_user_56,,2020-04-22 20:43:00,P4,search,4,3.0,1,2,1,3,1,0,0,,,,0,1,0,0,0,0,0,0,0,u:demo_user_56,0
demo_session_00970,0,demo_anon_465,2020-04-16 17:54:00,P4,self,2,0.0,0,1,0,1,0,0,0,,,,0,0,0,0,0,1,0,0,1,a:demo_anon_465,0
demo_session_00971,demo_user_652,,2020-01-26 10:13:00,P1,search,4,3.0,1,0,0,1,0,0,0,1.0,,,1,1,0,0,0,0,0,0,0,u:demo_user_652,0
demo_session_00972,demo_user_744,,2020-04-04 14:02:00,P4,search,5,3.0,0,3,1,2,0,0,0,,,,1,1,0,0,0,0,0,0,0,u:demo_user_744,0
demo_session_00973,demo_user_739,,2020-03-09 22:46:00,P3,search,4,1.0,1,1,1,3,0,0,0,,,1.0,0,0,0,1,0,0,0,0,0,u:demo_user_739,0
demo_session_00974,0,demo_anon_230,2020-04-28 00:08:00,P4,search,2,3.0,1,3,0,0,0,0,0,,,,0,0,0,0,1,0,1,0,1,a:demo_anon_230,0
demo_session_00975,demo_user_351,,2020-01-02 20:42:00,P1,self,5,0.0,0,2,1,2,2,0,0,0.0,,,0,1,1,1,0,0,0,0,0,u:demo_user_351,0
demo_session_00976,demo_user_148,,2020-02-17 16:15:00,P2,feed,5,1.0,1,1,0,3,1,0,0,2.0,,,1,0,0,0,0,0,0,0,0,u:demo_user_148,0
demo_session_00977,demo_user_893,,2020-01-12 15:56:00,P1,self,5,1.0,1,1,0,4,0,0,0,0.0,,,0,0,0,0,0,0,0,0,0,u:demo_user_893,0
demo_session_00978,demo_user_547,,2020-04-23 12:39:00,P4,search,4,1.0,1,1,0,0,0,1,0,,,,1,1,1,0,0,0,0,0,0,u:demo_user_547,0
demo_session_00979,demo_user_882,,2020-01-21 10:05:00,P1,self,5,3.0,0,2,0,4,0,0,0,0.0,,,0,1,1,1,0,0,0,0,0,u:demo_user_882,0
demo_session_00980,demo_user_919,,2020-01-05 15:32:00,P1,search,4,0.0,1,5,0,2,1,0,0,0.0,,,0,1,1,0,0,0,0,0,0,u:demo_user_919,0
demo_session_00981,0,demo_anon_1095,2020-01-14 11:27:00,P1,self,3,2.0,0,1,1,2,1,0,0,1.0,,,0,0,0,0,1,0,0,0,1,a:demo_anon_1095,0
demo_session_00982,demo_user_853,,2020-04-25 19:30:00,P4,feed,4,1.0,1,1,0,1,1,1,0,,,,1,1,1,0,0,0,0,0,0,u:demo_user_853,0
demo_session_00983,0,demo_anon_1010,2020-03-04 16:34:00,P3,self,4,0.0,1,2,0,2,0,0,0,,,,0,0,1,0,0,0,0,0,1,a:demo_anon_1010,0
demo_session_00984,0,demo_anon_915,2020-01-13 22:05:00,P1,search,3,3.0,0,0,0,0,0,0,0,1.0,,,0,0,0,0,0,0,0,0,1,a:demo_anon_915,0
demo_session_00985,demo_user_1017,,2020-02-17 15:30:00,P2,self,4,3.0,0,1,1,1,0,0,0,0.0,,,0,0,0,1,0,0,0,0,0,u:demo_user_1017,0
demo_session_00986,demo_user_961,,2020-02-21 01:57:00,P2,self,4,2.0,1,1,0,0,0,0,0,1.0,,,1,1,1,0,0,0,0,0,0,u:demo_user_961,0
demo_session_00987,demo_user_493,,2020-04-06 03:42:00,P4,search,5,3.0,1,1,0,1,0,0,0,,,,0,1,1,0,0,0,0,0,0,u:demo_user_493,0
demo_session_00988,demo_user_384,,2020-01-27 08:32:00,P1,search,4,3.0,0,1,0,4,2,0,0,1.0,,,1,1,0,0,0,0,0,0,0,u:demo_user_384,0
demo_session_00989,demo_user_1228,,2020-01-14 22:40:00,P1,search,5,3.0,1,1,0,1,0,0,0,0.0,,,0,0,0,1,0,0,0,0,0,u:demo_user_1228,0
demo_session_00990,demo_user_534,,2020-03-30 23:23:00,P3,feed,4,3.0,0,1,0,0,0,0,0,,,,0,1,1,0,0,0,0,0,0,u:demo_user_534,0
demo_session_00991,demo_user_856,,2020-02-21 17:28:00,P2,search,5,0.0,1,1,1,1,1,0,0,1.0,,,0,1,0,0,0,0,0,0,0,u:demo_user_856,0
demo_session_00992,demo_user_307,,2020-01-15 21:24:00,P1,feed,5,1.0,1,1,0,1,0,1,0,0.0,,,0,0,1,0,0,0,0,0,0,u:demo_user_307,0
demo_session_00993,demo_user_673,,2020-02-21 09:21:00,P2,self,5,3.0,1,1,1,1,1,0,0,0.0,,,0,1,1,0,0,0,0,0,0,u:demo_user_673,0
demo_session_00994,demo_user_826,,2020-02-21 03:10:00,P2,search,5,2.0,1,1,2,0,0,0,0,1.0,,,1,1,1,0,0,0,0,0,0,u:demo_user_826,0
demo_session_00995,demo_user_976,,2020-01-28 16:44:00,P1,search,4,2.0,1,1,0,1,0,0,0,0.0,,0.0,0,1,0,0,0,0,0,0,0,u:demo_user_976,0
demo_session_00996,demo_user_821,,2020-01-25 01:37:00,P1,search,5,1.0,1,0,0,1,1,0,0,0.0,,,0,0,0,0,0,0,0,0,0,u:demo_user_821,0
demo_session_00997,demo_user_562,,2020-01-12 12:22:00,P1,feed,5,3.0,1,0,1,3,0,0,0,0.0,,,0,1,0,1,0,0,0,0,0,u:demo_user_562,0
demo_session_00998,0,demo_anon_1500,2020-04-10 20:30:00,P4,search,2,2.0,0,0,1,3,2,0,0,,,,0,0,0,0,1,0,0,0,1,a:demo_anon_1500,0
demo_session_00999,demo_user_799,,2020-01-02 06:42:00,P1,feed,5,1.0,1,1,0,0,0,0,0,0.0,,,1,0,1,1,0,0,0,0,0,u:demo_user_799,0
demo_session_01000,0,demo_anon_1260,2020-03-01 23:11:00,P3,search,4,2.0,0,1,1,0,0,0,0,,,,0,0,1,0,0,0,0,0,1,a:demo_anon_1260,0
demo_session_01001,demo_user_1149,,2020-01-03 06:13:00,P1,self,5,2.0,0,1,0,1,0,0,0,0.0,,,1,1,1,0,0,0,0,0,0,u:demo_user_1149,0
demo_session_01002,0,demo_anon_870,2020-04-06 11:46:00,P4,search,2,0.0,0,0,1,1,1,0,0,,,,0,0,0,0,0,1,0,0,1,a:demo_anon_870,0
demo_session_01003,demo_user_1382,,2020-02-17 20:02:00,P2,search,4,0.0,1,0,2,1,1,0,0,1.0,,,0,0,0,0,0,0,0,0,0,u:demo_user_1382,0
demo_session_01004,0,demo_anon_200,2020-04-27 18:01:00,P4,feed,4,3.0,1,1,0,1,0,0,0,,,,0,1,0,0,0,0,0,0,1,a:demo_anon_200,0
demo_session_01005,demo_user_1436,,2020-01-07 12:19:00,P1,feed,4,0.0,1,0,0,1,0,0,0,0.0,,,0,0,0,0,0,0,0,0,0,u:demo_user_1436,0
demo_session_01006,demo_user_1326,,2020-02-09 20:11:00,P2,self,4,0.0,0,1,2,5,1,1,0,0.0,,,1,1,1,1,0,0,0,0,0,u:demo_user_1326,0
demo_session_01007,0,demo_anon_785,2020-02-17 08:19:00,P2,self,3,3.0,1,0,1,4,1,0,0,1.0,,1.0,0,0,0,0,0,0,1,0,1,a:demo_anon_785,0
demo_session_01008,demo_user_1144,,2020-01-09 05:54:00,P1,self,5,0.0,1,2,0,0,0,0,0,0.0,,,0,1,1,0,0,0,0,0,0,u:demo_user_1144,1
demo_session_01009,demo_user_811,,2020-02-22 11:44:00,P2,search,3,1.0,1,0,0,2,1,0,0,0.0,,,0,0,0,0,1,0,1,0,0,u:demo_user_811,0
demo_session_01010,demo_user_419,,2020-02-25 02:15:00,P2,self,4,2.0,1,3,1,4,0,0,0,0.0,,,1,0,1,0,0,0,0,0,0,u:demo_user_419,0
demo_session_01011,demo_user_1247,,2020-02-23 10:42:00,P2,search,5,2.0,1,0,0,2,0,0,0,0.0,,,0,1,1,1,0,0,0,0,0,u:demo_user_1247,0
demo_session_01012,demo_user_383,,2020-03-05 00:11:00,P3,search,5,3.0,1,0,0,2,0,0,0,,,,0,0,1,0,0,0,0,0,0,u:demo_user_383,0
demo_session_01013,0,demo_anon_490,2020-01-23 23:58:00,P1,feed,5,0.0,1,1,0,3,1,0,0,0.0,,,0,1,0,0,0,0,0,0,1,a:demo_anon_490,0
demo_session_01014,0,demo_anon_810,2020-01-29 15:36:00,P1,self,5,3.0,0,5,0,3,0,0,0,0.0,,,0,1,1,1,0,0,0,0,1,a:demo_anon_810,0
demo_session_01015,demo_user_1306,,2020-02-29 20:18:00,P2,search,4,0.0,1,0,0,4,2,0,0,0.0,,,0,0,0,0,0,0,0,0,0,u:demo_user_1306,0
demo_session_01016,demo_user_598,,2020-03-18 06:43:00,P3,self,4,1.0,1,3,2,3,0,0,0,,,,0,0,0,1,0,0,0,0,0,u:demo_user_598,0
demo_session_01017,0,demo_anon_770,2020-02-17 01:52:00,P2,feed,5,0.0,1,1,1,1,1,0,0,1.0,,,1,0,0,0,0,0,0,0,1,a:demo_anon_770,1
demo_session_01018,demo_user_64,,2020-02-24 20:00:00,P2,self,2,1.0,1,1,1,3,2,0,0,1.0,,,0,0,0,0,1,0,1,0,0,u:demo_user_64,0
demo_session_01019,0,demo_anon_180,2020-04-28 17:50:00,P4,self,4,1.0,0,0,0,0,0,1,0,,,,0,1,1,0,0,0,0,0,1,a:demo_anon_180,0
demo_session_01020,demo_user_87,,2020-03-18 12:12:00,P3,self,5,0.0,0,2,0,3,1,0,0,,,,0,1,1,0,0,0,0,0,0,u:demo_user_87,0
demo_session_01021,demo_user_112,,2020-01-06 10:39:00,P1,feed,4,3.0,1,1,0,1,1,0,0,1.0,,,0,0,0,0,0,0,0,0,0,u:demo_user_112,0
demo_session_01022,demo_user_1354,,2020-02-13 06:36:00,P2,self,5,0.0,1,1,1,1,0,0,0,1.0,,,0,0,0,1,0,0,0,0,0,u:demo_user_1354,0
demo_session_01023,demo_user_1313,,2020-01-07 11:10:00,P1,search,2,0.0,1,0,1,0,0,0,0,3.0,,,0,0,0,0,0,0,0,1,0,u:demo_user_1313,0
demo_session_01024,demo_user_1282,,2020-04-15 00:35:00,P4,search,4,0.0,1,1,0,1,0,0,0,,,,0,1,1,1,0,0,0,0,0,u:demo_user_1282,0
demo_session_01025,demo_user_86,,2020-04-08 22:38:00,P4,search,4,0.0,1,2,1,3,1,0,0,,,,0,0,1,0,0,0,0,0,0,u:demo_user_86,0
demo_session_01026,demo_user_121,,2020-02-25 21:28:00,P2,self,4,0.0,1,0,0,1,1,0,0,1.0,,,0,1,0,1,0,0,0,0,0,u:demo_user_121,1
demo_session_01027,demo_user_437,,2020-02-01 22:08:00,P2,self,4,3.0,1,0,0,0,0,0,0,0.0,,,0,0,1,0,0,0,0,0,0,u:demo_user_437,0
demo_session_01028,demo_user_881,,2020-03-27 06:55:00,P3,search,3,3.0,1,2,0,4,0,0,0,,,,0,0,0,0,0,1,1,0,0,u:demo_user_881,0
demo_session_01029,demo_user_521,,2020-01-23 01:18:00,P1,self,4,3.0,1,1,0,1,0,0,0,1.0,,,1,1,0,0,0,0,0,0,0,u:demo_user_521,0
demo_session_01030,0,demo_anon_760,2020-04-02 10:05:00,P4,search,4,0.0,1,0,0,0,0,0,0,,,,1,1,1,0,0,0,0,0,1,a:demo_anon_760,0
demo_session_01031,demo_user_269,,2020-04-14 22:31:00,P4,self,5,3.0,1,2,1,1,0,0,0,,,,0,0,0,0,0,0,0,0,0,u:demo_user_269,0
demo_session_01032,0,demo_anon_1140,2020-01-22 13:39:00,P1,search,4,2.0,0,1,1,1,0,0,0,0.0,,,0,0,0,0,0,0,0,0,1,a:demo_anon_1140,0
demo_session_01033,demo_user_489,,2020-03-04 22:15:00,P3,self,5,0.0,0,4,0,5,2,0,0,,,,0,1,1,1,0,0,0,0,0,u:demo_user_489,0
demo_session_01034,demo_user_103,,2020-01-19 13:09:00,P1,search,5,0.0,1,0,2,3,0,0,0,0.0,,,0,0,0,0,0,0,0,0,0,u:demo_user_103,0
demo_session_01035,demo_user_1158,,2020-03-14 21:28:00,P3,self,5,0.0,0,2,0,2,0,0,0,,,,1,1,0,1,0,0,0,0,0,u:demo_user_1158,0
demo_session_01036,demo_user_1408,,2020-03-21 23:29:00,P3,search,5,0.0,1,0,1,1,1,1,0,,,,0,1,0,0,0,0,0,0,0,u:demo_user_1408,1
demo_session_01037,demo_user_22,,2020-01-01 22:55:00,P1,self,3,0.0,1,2,1,2,0,0,0,0.0,,,0,0,0,0,0,0,0,1,0,u:demo_user_22,1
demo_session_01038,demo_user_681,,2020-04-23 09:03:00,P4,feed,5,3.0,0,1,2,4,0,1,0,,,,0,1,0,0,0,0,0,0,0,u:demo_user_681,0
demo_session_01039,0,demo_anon_1290,2020-02-01 06:57:00,P2,search,5,1.0,0,0,2,3,1,0,0,0.0,,,1,1,0,1,0,0,0,0,1,a:demo_anon_1290,0
demo_session_01040,demo_user_1101,,2020-02-25 14:56:00,P2,self,4,2.0,0,1,1,0,0,0,0,1.0,,-0.0,1,0,1,0,0,0,0,0,0,u:demo_user_1101,0
demo_session_01041,demo_user_1336,,2020-02-01 02:30:00,P2,self,3,1.0,1,1,0,0,0,0,0,0.0,,,0,0,0,0,1,0,0,0,0,u:demo_user_1336,0
demo_session_01042,demo_user_647,,2020-04-18 15:07:00,P4,self,4,3.0,1,1,0,2,2,0,0,,,,0,0,1,0,0,0,0,0,0,u:demo_user_647,0
demo_session_01043,0,demo_anon_580,2020-04-01 07:22:00,P4,self,5,2.0,1,3,0,3,1,0,0,,,,0,1,1,1,0,0,0,0,1,a:demo_anon_580,0
demo_session_01044,demo_user_1106,,2020-04-28 18:29:00,P4,self,3,3.0,1,0,0,2,1,0,0,,,,0,0,0,0,0,1,0,0,0,u:demo_user_1106,0
demo_session_01045,demo_user_239,,2020-02-16 06:23:00,P2,feed,3,3.0,1,1,0,0,0,0,0,0.0,,,0,0,0,0,0,0,0,0,0,u:demo_user_239,0
demo_session_01046,demo_user_373,,2020-03-08 12:07:00,P3,search,5,2.0,1,0,0,1,1,0,0,,,,1,1,0,0,0,0,0,0,0,u:demo_user_373,0
demo_session_01047,demo_user_937,,2020-03-10 07:00:00,P3,self,4,0.0,1,1,3,3,1,0,0,,,,1,0,0,0,0,0,0,0,0,u:demo_user_937,0
demo_session_01048,demo_user_1042,,2020-01-28 14:27:00,P1,search,4,1.0,1,1,0,2,1,0,0,0.0,,,0,1,0,1,0,0,0,0,0,u:demo_user_1042,0
demo_session_01049,demo_user_186,,2020-04-21 19:52:00,P4,self,5,1.0,0,3,1,4,2,0,0,,,3.0,0,0,1,0,0,0,0,0,0,u:demo_user_186,0
demo_session_01050,demo_user_792,,2020-04-13 16:59:00,P4,feed,2,0.0,0,0,2,1,1,0,0,,,,0,0,0,0,0,0,0,1,0,u:demo_user_792,1
demo_session_01051,demo_user_569,,2020-04-28 03:52:00,P4,self,5,2.0,1,2,0,2,1,0,0,,,,0,1,1,0,0,0,0,0,0,u:demo_user_569,0
demo_session_01052,demo_user_782,,2020-02-24 20:42:00,P2,search,5,2.0,1,1,0,1,0,0,0,1.0,,,1,1,1,1,0,0,0,0,0,u:demo_user_782,0
demo_session_01053,0,demo_anon_1495,2020-01-16 06:42:00,P1,search,5,3.0,1,1,0,1,0,0,0,2.0,,,1,1,0,0,0,0,0,0,1,a:demo_anon_1495,0
demo_session_01054,demo_user_119,,2020-01-20 01:26:00,P1,self,3,3.0,1,2,0,0,0,0,0,0.0,,,0,0,0,0,0,0,1,0,0,u:demo_user_119,0
demo_session_01055,demo_user_1552,,2020-03-07 16:53:00,P3,self,5,2.0,1,2,1,3,0,0,0,,,1.0,0,1,1,1,0,0,0,0,0,u:demo_user_1552,0
demo_session_01056,demo_user_701,,2020-04-08 05:07:00,P4,self,5,0.0,1,2,0,3,1,1,0,,,,0,1,0,0,0,0,0,0,0,u:demo_user_701,0
demo_session_01057,demo_user_1204,,2020-03-24 21:31:00,P3,feed,5,3.0,1,0,0,2,2,0,0,,,,1,1,0,1,0,0,0,0,0,u:demo_user_1204,0
demo_session_01058,demo_user_662,,2020-03-28 21:43:00,P3,search,4,1.0,1,1,0,2,1,0,0,,,,0,0,1,1,0,0,0,0,0,u:demo_user_662,0
demo_session_01059,0,demo_anon_485,2020-04-03 20:18:00,P4,search,5,0.0,1,0,0,0,0,0,0,,,1.0,0,1,0,0,0,0,0,0,1,a:demo_anon_485,0
demo_session_01060,demo_user_1202,,2020-04-11 03:12:00,P4,search,5,0.0,1,1,1,1,1,1,0,,,,1,1,1,1,0,0,0,0,0,u:demo_user_1202,0
demo_session_01061,demo_user_1072,,2020-04-20 09:54:00,P4,feed,1,2.0,1,0,1,2,1,0,0,,,,0,0,0,0,0,0,0,0,0,u:demo_user_1072,0
demo_session_01062,demo_user_224,,2020-02-13 13:39:00,P2,search,5,3.0,1,1,0,3,2,0,0,0.0,,,0,0,1,0,0,0,0,0,0,u:demo_user_224,0
demo_session_01063,0,demo_anon_1100,2020-03-28 09:36:00,P3,search,4,0.0,1,0,2,1,1,0,0,,,,1,1,1,1,0,0,0,0,1,a:demo_anon_1100,1
demo_session_01064,demo_user_1174,,2020-02-03 10:11:00,P2,search,4,3.0,1,1,0,1,0,0,0,1.0,,,0,1,1,0,0,0,0,0,0,u:demo_user_1174,0
demo_session_01065,0,demo_anon_605,2020-03-23 19:00:00,P3,self,5,0.0,1,3,1,3,1,0,0,,,,1,1,1,0,0,0,0,0,1,a:demo_anon_605,1
demo_session_01066,demo_user_1444,,2020-01-07 15:36:00,P1,feed,4,3.0,1,1,0,1,0,0,0,0.0,,,1,0,0,0,0,0,0,0,0,u:demo_user_1444,0
demo_session_01067,demo_user_999,,2020-01-07 11:48:00,P1,self,3,2.0,0,2,1,2,0,0,0,0.0,,,0,0,0,0,0,0,1,0,0,u:demo_user_999,0
demo_session_01068,0,demo_anon_520,2020-01-24 23:23:00,P1,self,2,1.0,1,1,1,0,0,0,0,1.0,,,0,0,0,0,0,1,0,1,1,a:demo_anon_520,0
demo_session_01069,demo_user_16,,2020-03-06 09:04:00,P3,feed,4,2.0,1,0,0,2,0,0,0,,,,0,1,0,1,0,0,0,0,0,u:demo_user_16,0
demo_session_01070,demo_user_1052,,2020-04-19 06:25:00,P4,self,5,1.0,1,2,0,1,0,0,0,,,,1,0,1,0,0,0,0,0,0,u:demo_user_1052,0
demo_session_01071,demo_user_326,,2020-03-12 20:26:00,P3,self,5,0.0,1,0,2,4,0,1,0,,,,0,0,0,0,0,0,0,0,0,u:demo_user_326,0
demo_session_01072,0,demo_anon_1180,2020-03-08 08:31:00,P3,self,5,3.0,1,1,0,1,0,0,0,,,,0,0,0,0,0,0,0,0,1,a:demo_anon_1180,0
demo_session_01073,demo_user_819,,2020-03-24 13:54:00,P3,search,5,1.0,0,1,0,0,0,0,0,,,,0,0,1,0,0,0,0,0,0,u:demo_user_819,0
demo_session_01074,demo_user_728,,2020-04-16 08:42:00,P4,feed,4,2.0,1,0,0,1,1,0,0,,,,0,1,0,0,0,0,0,0,0,u:demo_user_728,0
demo_session_01075,0,demo_anon_255,2020-03-11 00:05:00,P3,self,5,2.0,0,1,1,1,0,0,0,,,,0,0,0,1,0,0,0,0,1,a:demo_anon_255,0
demo_session_01076,demo_user_1109,,2020-03-29 13:07:00,P3,self,5,1.0,1,1,0,3,2,0,0,,,,0,1,0,0,0,0,0,0,0,u:demo_user_1109,0
demo_session_01077,demo_user_258,,2020-02-19 03:12:00,P2,search,4,2.0,0,4,0,0,0,0,0,0.0,,,0,0,0,1,0,0,0,0,0,u:demo_user_258,0
demo_session_01078,demo_user_651,,2020-04-29 09:50:00,P4,feed,4,0.0,0,0,1,1,0,0,0,,,,1,1,1,0,0,0,0,0,0,u:demo_user_651,0
demo_session_01079,demo_user_1304,,2020-02-28 11:52:00,P2,self,5,3.0,1,2,1,2,2,0,0,0.0,,1.0,1,0,1,0,0,0,0,0,0,u:demo_user_1304,0
demo_session_01080,0,demo_anon_1435,2020-04-17 03:49:00,P4,feed,4,2.0,1,0,1,1,1,1,0,,,,0,1,1,0,0,0,0,0,1,a:demo_anon_1435,0
demo_session_01081,demo_user_1543,,2020-04-26 01:52:00,P4,feed,5,3.0,1,0,1,2,2,0,0,,,,0,1,0,1,0,0,0,0,0,u:demo_user_1543,0
demo_session_01082,demo_user_1494,,2020-04-15 22:11:00,P4,self,4,2.0,0,1,0,1,0,1,0,,,,1,1,0,0,0,0,0,0,0,u:demo_user_1494,0
demo_session_01083,demo_user_867,,2020-02-09 11:49:00,P2,feed,4,2.0,0,1,1,2,1,0,0,2.0,,,0,1,0,1,0,0,0,0,0,u:demo_user_867,0
demo_session_01084,demo_user_312,,2020-02-14 19:15:00,P2,search,5,3.0,0,1,1,3,1,0,0,0.0,,,0,1,0,0,0,0,0,0,0,u:demo_user_312,0
demo_session_01085,demo_user_1308,,2020-04-04 03:14:00,P4,search,3,1.0,0,0,0,1,0,0,0,,,,0,0,0,0,0,0,0,0,0,u:demo_user_1308,0
demo_session_01086,0,demo_anon_1250,2020-04-21 10:45:00,P4,search,4,0.0,1,0,1,1,1,0,0,,,,0,1,1,0,0,0,0,0,1,a:demo_anon_1250,0
demo_session_01087,demo_user_1544,,2020-03-13 21:25:00,P3,feed,4,0.0,1,1,0,1,0,1,0,,,,0,0,0,0,0,0,0,0,0,u:demo_user_1544,0
demo_session_01088,0,demo_anon_1015,2020-04-03 06:37:00,P4,search,4,1.0,1,0,0,0,0,1,0,,,,0,0,0,0,0,0,0,0,1,a:demo_anon_1015,0
demo_session_01089,0,demo_anon_220,2020-02-23 06:13:00,P2,search,4,0.0,1,1,0,0,0,0,0,0.0,,,0,0,0,0,0,0,0,0,1,a:demo_anon_220,1
demo_session_01090,demo_user_784,,2020-04-12 20:20:00,P4,feed,5,2.0,1,0,1,2,0,0,0,,,,0,0,0,1,0,0,0,0,0,u:demo_user_784,0
demo_session_01091,demo_user_699,,2020-02-19 17:14:00,P2,search,5,1.0,0,2,1,2,1,0,0,0.0,,,0,1,0,1,0,0,0,0,0,u:demo_user_699,0
demo_session_01092,demo_user_1314,,2020-03-15 15:05:00,P3,feed,4,2.0,0,1,0,1,0,0,0,,,,0,0,0,1,0,0,0,0,0,u:demo_user_1314,0
demo_session_01093,demo_user_612,,2020-03-05 11:12:00,P3,feed,5,0.0,0,2,0,4,2,1,0,,,,0,1,0,1,0,0,0,0,0,u:demo_user_612,0
demo_session_01094,demo_user_512,,2020-04-10 08:40:00,P4,self,5,1.0,1,2,0,2,0,0,0,,,0.0,0,1,1,1,0,0,0,0,0,u:demo_user_512,0
demo_session_01095,demo_user_124,,2020-04-05 23:24:00,P4,self,3,0.0,1,5,1,10,3,0,0,,,,0,0,0,0,0,0,0,1,0,u:demo_user_124,0
demo_session_01096,demo_user_1303,,2020-04-10 17:03:00,P4,search,4,3.0,1,1,0,0,0,1,0,,,,0,1,0,0,0,0,0,0,0,u:demo_user_1303,0
demo_session_01097,demo_user_1178,,2020-01-15 15:47:00,P1,feed,5,3.0,1,1,1,3,1,0,0,1.0,,,1,1,0,1,0,0,0,0,0,u:demo_user_1178,0
demo_session_01098,demo_user_64,,2020-01-30 11:14:00,P1,self,4,1.0,1,3,0,5,2,0,0,1.0,,,0,1,0,0,0,0,0,0,0,u:demo_user_64,0
demo_session_01099,demo_user_676,,2020-04-19 06:41:00,P4,search,5,0.0,1,0,1,1,1,0,0,,,,0,0,0,0,0,0,0,0,0,u:demo_user_676,0
demo_session_01100,demo_user_748,,2020-01-16 15:13:00,P1,self,4,0.0,1,1,2,1,1,0,0,0.0,,,1,1,1,1,0,0,0,0,0,u:demo_user_748,1
demo_session_01101,demo_user_732,,2020-04-02 21:32:00,P4,self,5,3.0,0,2,0,2,0,0,0,,,,0,0,0,1,0,0,0,0,0,u:demo_user_732,0
demo_session_01102,demo_user_1433,,2020-03-17 02:49:00,P3,search,2,2.0,1,0,0,0,0,0,0,,,,0,0,0,0,0,0,0,0,0,u:demo_user_1433,0
demo_session_01103,0,demo_anon_235,2020-02-11 21:12:00,P2,self,5,0.0,1,0,1,1,0,0,0,0.0,,,1,0,0,0,0,0,0,0,1,a:demo_anon_235,0
demo_session_01104,demo_user_477,,2020-01-05 13:16:00,P1,feed,3,3.0,0,1,1,2,1,0,0,0.0,,,0,0,0,0,1,0,1,1,0,u:demo_user_477,0
demo_session_01105,demo_user_282,,2020-01-02 05:19:00,P1,self,5,1.0,0,1,0,1,0,0,0,0.0,,,0,0,1,1,0,0,0,0,0,u:demo_user_282,0
demo_session_01106,0,demo_anon_380,2020-04-17 01:44:00,P4,feed,3,1.0,1,0,0,0,0,1,0,,,,0,0,0,0,0,0,1,0,1,a:demo_anon_380,0
demo_session_01107,0,demo_anon_1415,2020-01-13 15:03:00,P1,self,3,0.0,1,1,0,0,0,0,0,0.0,,,0,0,0,0,0,0,1,0,1,a:demo_anon_1415,0
demo_session_01108,demo_user_1467,,2020-03-30 09:19:00,P3,feed,3,3.0,0,0,0,0,0,0,0,,,,0,0,0,0,0,1,0,1,0,u:demo_user_1467,0
demo_session_01109,demo_user_69,,2020-01-18 07:51:00,P1,search,4,0.0,0,1,0,0,0,0,0,0.0,,,0,1,1,0,0,0,0,0,0,u:demo_user_69,0
demo_session_01110,demo_user_986,,2020-02-17 15:11:00,P2,self,5,3.0,1,1,1,0,0,1,0,1.0,,,0,1,1,0,0,0,0,0,0,u:demo_user_986,0
demo_session_01111,demo_user_363,,2020-01-13 10:18:00,P1,self,5,0.0,0,2,1,2,0,0,0,0.0,,,0,1,1,0,0,0,0,0,0,u:demo_user_363,1
demo_session_01112,0,demo_anon_300,2020-03-17 10:33:00,P3,self,4,3.0,0,4,1,5,2,0,0,,,,0,0,0,0,0,0,0,0,1,a:demo_anon_300,0
demo_session_01113,0,demo_anon_455,2020-01-13 08:00:00,P1,search,4,0.0,1,2,1,2,1,0,0,1.0,,,0,1,0,1,0,0,0,0,1,a:demo_anon_455,0
demo_session_01114,demo_user_303,,2020-03-16 03:40:00,P3,feed,5,3.0,0,0,0,0,0,0,0,,,,0,0,0,1,0,0,0,0,0,u:demo_user_303,0
demo_session_01115,demo_user_764,,2020-04-25 05:13:00,P4,search,4,0.0,1,0,0,2,0,0,0,,,,0,1,0,0,0,0,0,0,0,u:demo_user_764,0
demo_session_01116,demo_user_1553,,2020-03-30 00:42:00,P3,search,2,1.0,1,1,0,2,0,0,0,,,,0,0,0,0,0,0,1,0,0,u:demo_user_1553,0
demo_session_01117,demo_user_914,,2020-03-20 00:21:00,P3,search,5,1.0,1,0,0,0,0,0,0,,,,0,1,0,0,0,0,0,0,0,u:demo_user_914,0
demo_session_01118,demo_user_1128,,2020-04-18 17:38:00,P4,search,5,0.0,0,2,0,3,3,0,0,,,,1,0,1,0,0,0,0,0,0,u:demo_user_1128,0
demo_session_01119,demo_user_769,,2020-04-08 11:26:00,P4,search,4,2.0,1,1,1,2,2,0,0,,,,0,1,1,0,0,0,0,0,0,u:demo_user_769,0
demo_session_01120,demo_user_21,,2020-03-28 22:57:00,P3,search,3,3.0,0,1,0,0,0,0,0,,,,0,0,0,0,1,0,0,1,0,u:demo_user_21,0
demo_session_01121,demo_user_131,,2020-03-08 12:54:00,P3,search,3,3.0,1,0,1,0,0,0,0,,,,0,0,0,0,1,0,1,0,0,u:demo_user_131,0
demo_session_01122,demo_user_419,,2020-02-16 19:18:00,P2,feed,3,2.0,1,1,0,4,2,0,0,0.0,,,0,0,0,0,1,0,0,1,0,u:demo_user_419,0
demo_session_01123,0,demo_anon_380,2020-03-15 08:06:00,P3,self,4,1.0,1,1,0,3,1,0,0,,,,0,0,0,1,0,0,0,0,1,a:demo_anon_380,0
demo_session_01124,demo_user_1311,,2020-01-13 18:57:00,P1,self,3,3.0,0,6,0,2,2,0,0,0.0,,0.0,0,0,0,0,1,0,1,1,0,u:demo_user_1311,0
demo_session_01125,0,demo_anon_1315,2020-04-15 17:16:00,P4,self,5,1.0,1,4,0,5,2,0,0,,,,0,1,1,0,0,0,0,0,1,a:demo_anon_1315,0
demo_session_01126,demo_user_1332,,2020-04-16 05:03:00,P4,search,5,1.0,0,4,0,7,3,0,0,,,,1,1,0,0,0,0,0,0,0,u:demo_user_1332,0
demo_session_01127,demo_user_994,,2020-02-01 10:28:00,P2,self,5,1.0,1,1,2,1,0,0,0,2.0,,,0,0,1,0,0,0,0,0,0,u:demo_user_994,0
demo_session_01128,demo_user_867,,2020-03-31 20:17:00,P4,feed,5,2.0,0,1,0,1,0,0,0,,,,0,0,0,0,0,0,0,0,0,u:demo_user_867,0
demo_session_01129,demo_user_1012,,2020-03-24 08:13:00,P3,search,5,0.0,1,0,0,1,1,0,0,,,,0,1,1,0,0,0,0,0,0,u:demo_user_1012,1
demo_session_01130,demo_user_634,,2020-04-12 11:19:00,P4,search,5,0.0,1,0,0,0,0,0,0,,,,0,1,0,0,0,0,0,0,0,u:demo_user_634,0
demo_session_01131,0,demo_anon_1045,2020-04-17 22:00:00,P4,search,4,0.0,1,1,0,1,1,0,0,,,,0,1,0,1,0,0,0,0,1,a:demo_anon_1045,1
demo_session_01132,demo_user_1239,,2020-03-30 05:41:00,P3,self,5,2.0,0,3,1,4,1,0,0,,,,1,1,0,0,0,0,0,0,0,u:demo_user_1239,0
demo_session_01133,0,demo_anon_1190,2020-04-22 08:31:00,P4,feed,4,0.0,1,0,1,1,0,1,0,,,,1,1,1,0,0,0,0,0,1,a:demo_anon_1190,0
demo_session_01134,demo_user_957,,2020-02-09 00:18:00,P2,self,4,0.0,0,5,0,6,3,0,0,0.0,,,1,1,0,1,0,0,0,0,0,u:demo_user_957,1
demo_session_01135,0,demo_anon_90,2020-02-23 06:51:00,P2,search,5,1.0,0,3,0,3,0,0,0,1.0,,,0,1,1,1,0,0,0,0,1,a:demo_anon_90,0
demo_session_01136,0,demo_anon_1130,2020-01-18 21:08:00,P1,feed,5,1.0,1,0,1,3,2,0,0,0.0,,,1,1,1,0,0,0,0,0,1,a:demo_anon_1130,0
demo_session_01137,demo_user_571,,2020-04-12 19:19:00,P4,search,4,0.0,1,0,0,0,0,0,0,,,,0,1,0,0,0,0,0,0,0,u:demo_user_571,0
demo_session_01138,0,demo_anon_1160,2020-02-03 06:58:00,P2,feed,4,0.0,1,2,0,3,0,0,0,0.0,,,0,1,1,1,0,0,0,0,1,a:demo_anon_1160,0
demo_session_01139,demo_user_841,,2020-03-01 11:06:00,P3,self,5,0.0,1,1,2,4,2,0,0,,,,0,0,0,1,0,0,0,0,0,u:demo_user_841,0
demo_session_01140,demo_user_1374,,2020-01-20 12:43:00,P1,feed,2,1.0,0,0,0,0,0,0,0,0.0,,,0,0,0,0,0,0,0,0,0,u:demo_user_1374,0
demo_session_01141,demo_user_527,,2020-01-31 22:42:00,P2,search,4,1.0,1,1,0,3,3,0,0,1.0,,,0,0,0,1,0,0,0,0,0,u:demo_user_527,0
demo_session_01142,demo_user_1452,,2020-03-22 00:07:00,P3,search,1,0.0,0,0,0,0,0,0,0,,,,0,0,0,0,0,0,0,0,0,u:demo_user_1452,1
demo_session_01143,demo_user_1317,,2020-01-31 02:45:00,P2,self,5,1.0,0,2,1,2,1,0,0,1.0,,,0,1,1,1,0,0,0,0,0,u:demo_user_1317,0
demo_session_01144,demo_user_516,,2020-03-02 20:41:00,P3,self,5,2.0,0,3,2,5,3,0,0,,,,0,0,1,0,0,0,0,0,0,u:demo_user_516,0
demo_session_01145,demo_user_752,,2020-02-24 05:05:00,P2,search,3,0.0,1,1,0,1,1,0,0,1.0,,,0,0,0,0,1,0,0,0,0,u:demo_user_752,0
demo_session_01146,demo_user_828,,2020-03-14 18:30:00,P3,self,5,2.0,0,0,1,1,0,1,0,,,,1,1,0,0,0,0,0,0,0,u:demo_user_828,0
demo_session_01147,demo_user_1199,,2020-01-31 22:43:00,P2,search,4,0.0,1,1,0,0,0,0,0,0.0,,2.0,0,0,1,0,0,0,0,0,0,u:demo_user_1199,1
demo_session_01148,0,demo_anon_1075,2020-02-28 04:10:00,P2,feed,4,0.0,1,1,1,1,1,0,0,0.0,,,0,0,1,0,0,0,0,0,1,a:demo_anon_1075,0
demo_session_01149,demo_user_1329,,2020-01-04 14:20:00,P1,feed,4,2.0,0,1,0,2,0,0,0,0.0,,,0,1,0,0,0,0,0,0,0,u:demo_user_1329,0
demo_session_01150,demo_user_576,,2020-03-03 04:38:00,P3,self,3,1.0,0,2,0,1,0,0,0,,,,0,0,0,0,1,0,0,0,0,u:demo_user_576,0
demo_session_01151,demo_user_787,,2020-01-13 15:58:00,P1,feed,5,1.0,1,1,0,1,0,1,0,0.0,,2.0,1,1,1,1,0,0,0,0,0,u:demo_user_787,0
demo_session_01152,demo_user_672,,2020-03-28 09:38:00,P3,self,5,0.0,0,4,1,3,1,0,0,,,1.0,0,1,1,0,0,0,0,0,0,u:demo_user_672,0
demo_session_01153,demo_user_1418,,2020-04-11 21:45:00,P4,search,5,2.0,1,4,1,3,1,1,0,,,,0,0,0,0,0,0,0,0,0,u:demo_user_1418,0
demo_session_01154,0,demo_anon_475,2020-02-18 04:25:00,P2,feed,4,2.0,1,1,0,2,0,0,0,0.0,,,1,1,0,1,0,0,0,0,1,a:demo_anon_475,0
demo_session_01155,0,demo_anon_915,2020-04-15 21:37:00,P4,self,3,3.0,0,3,0,5,1,0,0,,,,0,0,0,0,0,1,0,0,1,a:demo_anon_915,0
demo_session_01156,demo_user_187,,2020-02-17 02:04:00,P2,self,5,0.0,1,3,0,3,0,0,0,0.0,,,0,0,0,1,0,0,0,0,0,u:demo_user_187,1
demo_session_01157,demo_user_1326,,2020-04-14 18:21:00,P4,self,4,0.0,0,0,1,3,1,0,0,,,,0,1,1,1,0,0,0,0,0,u:demo_user_1326,0
demo_session_01158,demo_user_599,,2020-03-03 08:56:00,P3,search,4,2.0,1,0,2,3,0,0,0,,,,0,0,1,0,0,0,0,0,0,u:demo_user_599,0
demo_session_01159,demo_user_531,,2020-03-07 10:41:00,P3,feed,3,2.0,0,0,1,0,0,0,0,,,,0,0,0,0,0,0,1,1,0,u:demo_user_531,0
demo_session_01160,demo_user_909,,2020-02-19 00:44:00,P2,self,4,3.0,0,3,1,3,2,0,0,1.0,,,1,0,0,1,0,0,0,0,0,u:demo_user_909,0
demo_session_01161,demo_user_778,,2020-04-22 05:25:00,P4,self,1,0.0,1,3,1,4,0,0,0,,,,0,0,0,0,0,0,0,0,0,u:demo_user_778,0
demo_session_01162,demo_user_1322,,2020-03-25 18:15:00,P3,search,4,3.0,1,0,3,2,1,0,0,,,,1,0,0,0,0,0,0,0,0,u:demo_user_1322,0
demo_session_01163,demo_user_829,,2020-02-29 21:23:00,P2,self,5,3.0,1,3,0,2,0,1,0,0.0,,,0,0,1,0,0,0,0,0,0,u:demo_user_829,0
demo_session_01164,demo_user_806,,2020-04-05 11:26:00,P4,search,2,3.0,1,0,1,0,0,0,0,,,,0,0,0,0,0,0,0,0,0,u:demo_user_806,0
demo_session_01165,demo_user_163,,2020-02-25 12:07:00,P2,feed,5,1.0,1,1,1,2,1,0,0,0.0,,,0,1,1,0,0,0,0,0,0,u:demo_user_163,0
demo_session_01166,demo_user_34,,2020-04-15 03:51:00,P4,search,4,1.0,1,2,2,3,2,0,0,,,,0,1,0,0,0,0,0,0,0,u:demo_user_34,0
demo_session_01167,demo_user_621,,2020-02-26 22:13:00,P2,feed,4,0.0,0,1,0,2,2,0,0,0.0,,,0,0,0,0,0,0,0,0,0,u:demo_user_621,0
demo_session_01168,demo_user_1557,,2020-04-07 04:45:00,P4,search,4,2.0,0,0,1,1,1,0,0,,,,0,1,0,0,0,0,0,0,0,u:demo_user_1557,0
demo_session_01169,demo_user_1431,,2020-01-31 11:50:00,P2,feed,4,0.0,0,0,1,1,1,0,0,0.0,,,0,1,1,0,0,0,0,0,0,u:demo_user_1431,0
demo_session_01170,demo_user_981,,2020-03-08 23:06:00,P3,self,3,3.0,0,2,0,0,0,0,0,,,,0,0,0,0,0,0,0,0,0,u:demo_user_981,0
demo_session_01171,demo_user_984,,2020-03-14 14:53:00,P3,self,4,3.0,0,1,0,2,0,0,0,,,,0,0,0,0,0,0,0,0,0,u:demo_user_984,0
demo_session_01172,0,demo_anon_610,2020-03-04 06:52:00,P3,search,5,1.0,1,1,2,1,0,0,0,,,,0,1,1,0,0,0,0,0,1,a:demo_anon_610,0
demo_session_01173,demo_user_276,,2020-02-23 20:58:00,P2,self,4,3.0,0,2,1,4,1,0,0,0.0,,,0,0,0,0,0,0,0,0,0,u:demo_user_276,0
demo_session_01174,demo_user_13,,2020-01-01 03:49:00,P1,feed,4,2.0,1,2,1,3,2,0,0,0.0,,,0,1,0,0,0,0,0,0,0,u:demo_user_13,0
demo_session_01175,demo_user_528,,2020-04-26 23:00:00,P4,search,4,0.0,0,0,0,2,1,1,0,,,,1,0,0,0,0,0,0,0,0,u:demo_user_528,1
demo_session_01176,demo_user_493,,2020-01-26 21:39:00,P1,feed,3,3.0,1,0,0,0,0,1,0,0.0,,,0,0,0,0,0,0,1,0,0,u:demo_user_493,0
demo_session_01177,demo_user_298,,2020-01-21 15:18:00,P1,self,5,0.0,1,3,0,5,1,0,0,1.0,,,1,1,1,0,0,0,0,0,0,u:demo_user_298,0
demo_session_01178,demo_user_404,,2020-04-07 08:17:00,P4,search,2,0.0,1,0,1,1,1,0,0,,,,0,0,0,0,0,0,0,0,0,u:demo_user_404,0
demo_session_01179,demo_user_38,,2020-01-10 04:54:00,P1,search,5,3.0,1,2,2,1,0,0,0,0.0,,,0,0,1,0,0,0,0,0,0,u:demo_user_38,0
demo_session_01180,demo_user_948,,2020-04-01 14:36:00,P4,self,4,0.0,0,2,0,2,1,0,0,,,,0,0,0,1,0,0,0,0,0,u:demo_user_948,0
demo_session_01181,demo_user_1446,,2020-02-12 03:16:00,P2,search,5,3.0,0,0,1,1,0,0,0,0.0,,,0,1,0,1,0,0,0,0,0,u:demo_user_1446,0
demo_session_01182,demo_user_1077,,2020-03-27 10:06:00,P3,search,4,2.0,0,1,1,1,0,0,0,,,,1,0,1,1,0,0,0,0,0,u:demo_user_1077,0
demo_session_01183,demo_user_699,,2020-01-26 20:47:00,P1,feed,5,1.0,0,1,0,1,1,1,0,0.0,,,0,0,0,0,0,0,0,0,0,u:demo_user_699,0
demo_session_01184,0,demo_anon_655,2020-03-25 08:04:00,P3,search,4,1.0,1,0,0,3,0,0,0,,,,1,1,1,0,0,0,0,0,1,a:demo_anon_655,0
demo_session_01185,demo_user_479,,2020-04-29 00:41:00,P4,self,5,3.0,1,2,0,1,1,0,0,,,,1,1,0,1,0,0,0,0,0,u:demo_user_479,0
demo_session_01186,demo_user_222,,2020-03-01 12:22:00,P3,search,4,0.0,0,1,0,1,1,0,0,,,,0,0,0,1,0,0,0,0,0,u:demo_user_222,0
demo_session_01187,demo_user_933,,2020-03-08 00:42:00,P3,search,3,3.0,0,0,0,0,0,0,0,,,,0,0,0,0,0,0,0,0,0,u:demo_user_933,0
demo_session_01188,demo_user_883,,2020-03-14 13:10:00,P3,self,5,0.0,1,4,0,5,1,0,0,,,,1,0,0,1,0,0,0,0,0,u:demo_user_883,0
demo_session_01189,demo_user_11,,2020-02-13 03:59:00,P2,search,4,0.0,1,0,1,2,0,0,0,1.0,,,1,1,1,0,0,0,0,0,0,u:demo_user_11,1
demo_session_01190,demo_user_648,,2020-03-07 02:41:00,P3,self,1,0.0,0,1,0,1,0,0,0,,,,0,0,0,0,0,1,0,0,0,u:demo_user_648,0
demo_session_01191,demo_user_433,,2020-03-18 03:05:00,P3,self,5,2.0,1,2,0,6,2,0,0,,,,0,1,1,0,0,0,0,0,0,u:demo_user_433,0
demo_session_01192,0,demo_anon_265,2020-01-03 23:05:00,P1,search,3,2.0,1,0,0,2,2,0,0,1.0,,,0,0,0,0,0,0,0,0,1,a:demo_anon_265,0
demo_session_01193,demo_user_1096,,2020-02-24 08:57:00,P2,self,4,0.0,1,1,0,1,0,0,0,1.0,,,0,1,0,0,0,0,0,0,0,u:demo_user_1096,0
demo_session_01194,0,demo_anon_820,2020-03-04 05:42:00,P3,search,4,2.0,1,1,1,2,0,0,0,,,,0,1,0,0,0,0,0,0,1,a:demo_anon_820,0
demo_session_01195,demo_user_988,,2020-01-26 01:24:00,P1,self,5,1.0,1,1,1,5,2,0,0,1.0,,,0,1,0,0,0,0,0,0,0,u:demo_user_988,0
demo_session_01196,demo_user_1113,,2020-02-26 11:53:00,P2,search,3,0.0,0,1,0,3,1,0,0,1.0,,,0,0,0,0,1,0,0,0,0,u:demo_user_1113,0
demo_session_01197,demo_user_1531,,2020-02-17 08:12:00,P2,self,5,0.0,1,2,0,1,0,0,0,0.0,,,0,0,1,0,0,0,0,0,0,u:demo_user_1531,0
demo_session_01198,demo_user_1252,,2020-03-07 11:54:00,P3,feed,4,1.0,1,4,2,3,1,0,0,,,,1,1,0,1,0,0,0,0,0,u:demo_user_1252,0
demo_session_01199,demo_user_967,,2020-02-04 08:42:00,P2,self,4,1.0,1,1,1,3,1,0,0,0.0,,,1,1,1,0,0,0,0,0,0,u:demo_user_967,0
demo_session_01200,demo_user_1371,,2020-04-17 18:25:00,P4,search,4,1.0,0,0,0,0,0,0,0,,,,1,1,1,1,0,0,0,0,0,u:demo_user_1371,0
demo_session_01201,demo_user_744,,2020-03-17 12:15:00,P3,self,4,3.0,0,1,1,0,0,0,0,,,,1,1,0,0,0,0,0,0,0,u:demo_user_744,0
demo_session_01202,demo_user_1536,,2020-03-16 05:10:00,P3,self,5,2.0,0,1,0,0,0,0,0,,,,0,1,0,0,0,0,0,0,0,u:demo_user_1536,0
demo_session_01203,demo_user_1187,,2020-04-07 23:43:00,P4,search,5,2.0,1,3,0,4,2,1,0,,,,1,1,0,0,0,0,0,0,0,u:demo_user_1187,0
demo_session_01204,0,demo_anon_1015,2020-01-03 13:17:00,P1,feed,4,1.0,1,0,1,3,1,0,0,0.0,,,0,0,1,1,0,0,0,0,1,a:demo_anon_1015,0
demo_session_01205,demo_user_1409,,2020-02-01 12:13:00,P2,feed,4,2.0,1,2,1,3,1,0,0,2.0,,,0,1,1,1,0,0,0,0,0,u:demo_user_1409,0
demo_session_01206,demo_user_803,,2020-01-22 16:37:00,P1,self,4,0.0,1,1,1,5,1,1,0,0.0,,,0,1,1,0,0,0,0,0,0,u:demo_user_803,1
demo_session_01207,demo_user_1124,,2020-03-15 13:25:00,P3,self,5,1.0,1,3,1,6,1,0,0,,,,0,1,0,0,0,0,0,0,0,u:demo_user_1124,0
demo_session_01208,demo_user_444,,2020-02-11 01:41:00,P2,search,3,1.0,0,0,0,2,1,0,0,0.0,,,0,0,0,0,1,0,0,1,0,u:demo_user_444,0
demo_session_01209,demo_user_1502,,2020-03-26 00:25:00,P3,search,5,2.0,1,0,0,3,2,0,0,,,,0,1,0,0,0,0,0,0,0,u:demo_user_1502,0
demo_session_01210,demo_user_972,,2020-04-23 01:23:00,P4,self,2,1.0,0,2,1,4,3,0,0,,,,0,0,0,0,1,0,0,0,0,u:demo_user_972,0
demo_session_01211,demo_user_1219,,2020-02-14 09:37:00,P2,search,4,0.0,1,0,0,3,0,0,0,0.0,,,1,0,0,0,0,0,0,0,0,u:demo_user_1219,0
demo_session_01212,demo_user_718,,2020-02-09 16:09:00,P2,search,2,0.0,1,1,1,0,0,0,0,0.0,,,0,0,0,0,1,1,0,0,0,u:demo_user_718,0
demo_session_01213,demo_user_1352,,2020-02-28 12:06:00,P2,search,1,3.0,1,0,0,0,0,0,0,2.0,,,0,0,0,0,0,0,0,0,0,u:demo_user_1352,0
demo_session_01214,0,demo_anon_115,2020-02-28 16:50:00,P2,self,5,3.0,1,4,0,2,1,0,0,2.0,,,1,0,1,0,0,0,0,0,1,a:demo_anon_115,0
demo_session_01215,demo_user_178,,2020-02-13 01:23:00,P2,search,4,3.0,1,2,0,2,1,0,0,0.0,,,0,0,0,0,0,0,0,0,0,u:demo_user_178,0
demo_session_01216,demo_user_791,,2020-02-11 12:47:00,P2,self,4,2.0,1,1,0,0,0,0,0,0.0,,,1,1,1,0,0,0,0,0,0,u:demo_user_791,0
demo_session_01217,demo_user_1142,,2020-02-14 17:57:00,P2,search,4,0.0,1,0,1,0,0,0,0,1.0,,,0,0,1,1,0,0,0,0,0,u:demo_user_1142,0
demo_session_01218,demo_user_1262,,2020-02-28 11:40:00,P2,self,4,3.0,1,1,0,3,0,0,0,0.0,,,0,0,0,1,0,0,0,0,0,u:demo_user_1262,0
demo_session_01219,demo_user_686,,2020-02-23 13:06:00,P2,search,4,0.0,1,1,1,0,0,0,0,1.0,,,0,1,0,1,0,0,0,0,0,u:demo_user_686,0
demo_session_01220,demo_user_1013,,2020-02-24 18:54:00,P2,search,1,0.0,1,1,0,4,2,1,0,0.0,,,0,0,0,0,1,0,0,0,0,u:demo_user_1013,0
demo_session_01221,demo_user_862,,2020-02-05 10:49:00,P2,search,4,2.0,1,0,1,2,0,1,0,0.0,,,0,1,0,1,0,0,0,0,0,u:demo_user_862,0
demo_session_01222,demo_user_1499,,2020-03-17 01:02:00,P3,self,3,3.0,1,1,0,0,0,0,0,,,,0,0,0,0,0,0,0,0,0,u:demo_user_1499,0
demo_session_01223,0,demo_anon_1020,2020-02-28 14:23:00,P2,self,4,2.0,0,4,1,3,2,0,0,0.0,,,0,1,1,0,0,0,0,0,1,a:demo_anon_1020,0
demo_session_01224,0,demo_anon_650,2020-01-28 12:08:00,P1,search,5,3.0,1,1,2,0,0,1,0,0.0,,,1,1,0,0,0,0,0,0,1,a:demo_anon_650,0
demo_session_01225,demo_user_1512,,2020-03-31 06:27:00,P4,search,4,0.0,0,0,0,2,1,0,0,,,,1,0,0,0,0,0,0,0,0,u:demo_user_1512,0
demo_session_01226,demo_user_167,,2020-04-15 16:17:00,P4,feed,5,2.0,1,2,1,4,0,0,0,,,,0,1,0,0,0,0,0,0,0,u:demo_user_167,0
demo_session_01227,0,demo_anon_1535,2020-02-17 07:34:00,P2,self,5,3.0,1,3,1,5,2,0,0,0.0,,,0,1,0,0,0,0,0,0,1,a:demo_anon_1535,0
demo_session_01228,0,demo_anon_240,2020-03-03 16:58:00,P3,feed,4,0.0,0,1,1,3,0,0,0,,,,0,1,0,0,0,0,0,0,1,a:demo_anon_240,0
demo_session_01229,demo_user_449,,2020-04-23 10:51:00,P4,self,5,1.0,1,0,0,1,1,0,0,,,,0,1,0,0,0,0,0,0,0,u:demo_user_449,0
demo_session_01230,demo_user_1281,,2020-02-07 21:21:00,P2,self,3,0.0,0,1,0,0,0,0,0,0.0,,,0,0,0,0,1,1,0,0,0,u:demo_user_1281,0
demo_session_01231,demo_user_1144,,2020-01-27 03:49:00,P1,self,3,0.0,1,2,0,4,2,0,0,0.0,,,0,0,0,0,1,0,0,0,0,u:demo_user_1144,1
demo_session_01232,demo_user_1513,,2020-02-11 12:55:00,P2,search,3,2.0,1,0,1,2,1,0,0,0.0,,,0,0,0,0,0,0,0,0,0,u:demo_user_1513,0
demo_session_01233,demo_user_1169,,2020-02-23 22:34:00,P2,self,5,0.0,1,3,1,2,0,0,0,1.0,,,0,1,0,0,0,0,0,0,0,u:demo_user_1169,0
demo_session_01234,demo_user_993,,2020-02-23 06:13:00,P2,self,5,0.0,0,3,0,4,1,1,0,0.0,,,0,0,0,0,0,0,0,0,0,u:demo_user_993,0
demo_session_01235,0,demo_anon_540,2020-03-13 04:51:00,P3,search,3,2.0,0,0,0,1,0,1,0,,,,0,0,0,0,0,0,0,0,1,a:demo_anon_540,0
demo_session_01236,demo_user_7,,2020-02-03 04:17:00,P2,search,3,2.0,1,2,0,0,0,0,0,0.0,,,0,0,0,0,0,0,1,0,0,u:demo_user_7,0
demo_session_01237,demo_user_193,,2020-03-06 04:36:00,P3,self,4,0.0,1,1,1,1,1,0,0,,,,0,1,0,0,0,0,0,0,0,u:demo_user_193,0
demo_session_01238,demo_user_464,,2020-01-13 21:48:00,P1,self,3,0.0,1,0,0,0,0,0,0,0.0,,,0,0,0,0,0,0,1,0,0,u:demo_user_464,0
demo_session_01239,demo_user_63,,2020-04-23 15:11:00,P4,search,4,2.0,0,0,0,3,1,0,0,,,,1,0,0,0,0,0,0,0,0,u:demo_user_63,0
demo_session_01240,demo_user_792,,2020-02-05 08:49:00,P2,self,2,0.0,0,1,0,3,1,0,0,0.0,,,0,0,0,0,0,0,1,0,0,u:demo_user_792,1
demo_session_01241,demo_user_1212,,2020-02-08 22:03:00,P2,self,1,2.0,0,1,0,0,0,0,0,0.0,,,0,0,0,0,1,0,0,0,0,u:demo_user_1212,0
demo_session_01242,demo_user_1502,,2020-01-20 08:19:00,P1,search,4,2.0,1,2,1,5,2,0,0,1.0,,,1,1,1,0,0,0,0,0,0,u:demo_user_1502,0
demo_session_01243,demo_user_763,,2020-02-15 07:34:00,P2,self,1,1.0,1,1,0,1,1,0,0,1.0,,,0,0,0,0,1,0,0,0,0,u:demo_user_763,0
demo_session_01244,0,demo_anon_1365,2020-04-26 22:16:00,P4,search,3,1.0,0,0,2,2,1,0,0,,,,0,0,0,0,1,0,0,0,1,a:demo_anon_1365,0
demo_session_01245,demo_user_1537,,2020-03-12 11:33:00,P3,self,5,1.0,1,2,2,7,2,0,0,,,,0,0,1,1,0,0,0,0,0,u:demo_user_1537,0
demo_session_01246,demo_user_1341,,2020-03-21 01:17:00,P3,self,2,1.0,0,0,0,0,0,0,0,,,,0,0,0,0,0,0,0,0,0,u:demo_user_1341,0
demo_session_01247,0,demo_anon_725,2020-03-12 13:32:00,P3,self,5,3.0,1,5,3,7,2,0,0,,,,1,0,0,0,0,0,0,0,1,a:demo_anon_725,0
demo_session_01248,demo_user_507,,2020-02-10 02:19:00,P2,self,5,3.0,0,2,1,1,0,0,0,1.0,,,1,1,0,0,0,0,0,0,0,u:demo_user_507,0
demo_session_01249,0,demo_anon_1525,2020-04-04 11:49:00,P4,self,5,2.0,1,0,2,2,1,0,0,,,,0,1,0,0,0,0,0,0,1,a:demo_anon_1525,0
demo_session_01250,demo_user_377,,2020-02-11 03:16:00,P2,self,5,3.0,1,3,0,2,1,0,0,1.0,,,1,0,0,0,0,0,0,0,0,u:demo_user_377,0
demo_session_01251,demo_user_642,,2020-04-05 08:12:00,P4,feed,4,1.0,0,0,1,1,1,0,0,,,,1,1,0,0,0,0,0,0,0,u:demo_user_642,0
demo_session_01252,0,demo_anon_115,2020-04-28 07:33:00,P4,feed,5,3.0,1,2,0,1,0,0,0,,,,0,0,1,0,0,0,0,0,1,a:demo_anon_115,0
demo_session_01253,demo_user_1238,,2020-01-02 07:18:00,P1,self,2,0.0,1,2,1,6,3,0,0,0.0,,,0,0,0,0,0,1,0,1,0,u:demo_user_1238,0
demo_session_01254,demo_user_1013,,2020-01-21 01:53:00,P1,search,5,0.0,1,1,0,0,0,0,0,0.0,,,0,1,0,0,0,0,0,0,0,u:demo_user_1013,0
demo_session_01255,demo_user_132,,2020-04-01 16:53:00,P4,search,5,0.0,0,0,0,0,0,0,0,,,,1,1,0,0,0,0,0,0,0,u:demo_user_132,1
demo_session_01256,demo_user_346,,2020-01-15 12:52:00,P1,feed,3,0.0,1,0,1,0,0,0,0,1.0,,,0,0,0,0,0,0,0,0,0,u:demo_user_346,0
demo_session_01257,demo_user_866,,2020-03-27 03:27:00,P3,self,3,2.0,1,2,0,1,1,1,0,,,,0,0,0,0,1,0,0,0,0,u:demo_user_866,0
demo_session_01258,demo_user_843,,2020-01-30 12:53:00,P1,self,4,2.0,0,3,0,4,0,0,0,0.0,,,0,0,0,0,0,0,0,0,0,u:demo_user_843,0
demo_session_01259,demo_user_1251,,2020-03-11 07:01:00,P3,self,4,0.0,0,3,2,3,0,0,0,,,,0,1,0,0,0,0,0,0,0,u:demo_user_1251,0
demo_session_01260,0,demo_anon_415,2020-03-19 06:33:00,P3,self,2,0.0,1,0,0,2,0,0,0,,,,0,0,0,0,1,0,1,0,1,a:demo_anon_415,0
demo_session_01261,demo_user_1442,,2020-02-08 00:55:00,P2,self,5,2.0,1,2,0,0,0,0,0,0.0,,0.0,0,0,1,1,0,0,0,0,0,u:demo_user_1442,0
demo_session_01262,demo_user_693,,2020-04-12 21:53:00,P4,feed,5,0.0,0,0,0,0,0,0,0,,,,0,0,0,1,0,0,0,0,0,u:demo_user_693,1
demo_session_01263,demo_user_1283,,2020-04-18 20:19:00,P4,feed,5,2.0,1,1,1,2,1,0,0,,,,0,1,0,0,0,0,0,0,0,u:demo_user_1283,0
demo_session_01264,demo_user_371,,2020-01-27 05:21:00,P1,self,2,0.0,1,0,0,0,0,0,0,0.0,,,0,0,0,0,1,1,0,1,0,u:demo_user_371,0
demo_session_01265,demo_user_57,,2020-03-29 14:04:00,P3,search,4,3.0,0,2,1,4,1,0,0,,,,1,0,0,1,0,0,0,0,0,u:demo_user_57,0
demo_session_01266,0,demo_anon_85,2020-03-21 18:24:00,P3,self,5,1.0,1,3,0,2,0,0,0,,,,0,1,0,0,0,0,0,0,1,a:demo_anon_85,0
demo_session_01267,demo_user_581,,2020-01-31 20:59:00,P2,search,4,0.0,1,0,0,0,0,0,0,0.0,,,1,1,0,1,0,0,0,0,0,u:demo_user_581,0
demo_session_01268,demo_user_1486,,2020-04-07 21:58:00,P4,search,2,0.0,1,0,0,4,1,0,0,,,,0,0,0,0,0,0,0,0,0,u:demo_user_1486,0
demo_session_01269,0,demo_anon_75,2020-02-06 15:02:00,P2,self,5,1.0,0,3,1,1,1,0,0,0.0,,,0,1,0,1,0,0,0,0,1,a:demo_anon_75,0
demo_session_01270,0,demo_anon_575,2020-01-31 17:02:00,P2,feed,5,1.0,1,0,0,0,0,0,0,0.0,,,0,0,1,0,0,0,0,0,1,a:demo_anon_575,0
demo_session_01271,0,demo_anon_170,2020-03-26 06:06:00,P3,feed,5,3.0,1,0,0,1,1,0,0,,,,0,0,1,1,0,0,0,0,1,a:demo_anon_170,0
demo_session_01272,demo_user_1453,,2020-01-15 07:25:00,P1,search,4,1.0,1,1,1,5,2,0,0,0.0,,,0,0,1,0,0,0,0,0,0,u:demo_user_1453,0
demo_session_01273,demo_user_1053,,2020-04-20 02:50:00,P4,search,5,1.0,0,2,0,3,2,1,0,,,,1,1,0,0,0,0,0,0,0,u:demo_user_1053,0
demo_session_01274,demo_user_1189,,2020-02-16 03:32:00,P2,search,4,3.0,1,1,0,6,2,0,0,0.0,,,0,0,1,1,0,0,0,0,0,u:demo_user_1189,0
demo_session_01275,demo_user_1112,,2020-02-28 20:45:00,P2,self,5,0.0,1,2,0,2,1,0,0,3.0,,,0,0,1,1,0,0,0,0,0,u:demo_user_1112,0
demo_session_01276,demo_user_1024,,2020-03-22 12:41:00,P3,self,4,2.0,1,1,0,0,0,0,0,,,,0,1,0,1,0,0,0,0,0,u:demo_user_1024,0
demo_session_01277,demo_user_1207,,2020-04-15 12:05:00,P4,search,4,2.0,1,1,0,3,1,0,0,,,,0,1,0,1,0,0,0,0,0,u:demo_user_1207,0
demo_session_01278,demo_user_12,,2020-04-02 09:52:00,P4,self,3,3.0,0,2,1,4,2,0,0,,,,0,0,0,0,0,0,1,0,0,u:demo_user_12,0
demo_session_01279,0,demo_anon_1350,2020-02-15 20:29:00,P2,feed,2,2.0,0,0,1,1,1,0,0,0.0,,,0,0,0,0,0,0,0,0,1,a:demo_anon_1350,0
demo_session_01280,demo_user_1154,,2020-03-30 23:57:00,P3,search,5,1.0,1,1,0,3,1,1,0,,,,0,1,0,0,0,0,0,0,0,u:demo_user_1154,0
demo_session_01281,demo_user_1153,,2020-02-17 10:04:00,P2,search,5,2.0,1,1,1,1,0,0,0,2.0,,,0,0,0,0,0,0,0,0,0,u:demo_user_1153,0
demo_session_01282,demo_user_613,,2020-03-02 23:57:00,P3,self,5,2.0,1,2,1,2,0,0,0,,,,0,1,0,0,0,0,0,0,0,u:demo_user_613,0
demo_session_01283,demo_user_1249,,2020-03-23 07:30:00,P3,feed,4,2.0,1,1,1,0,0,0,0,,,,0,1,0,1,0,0,0,0,0,u:demo_user_1249,0
demo_session_01284,0,demo_anon_595,2020-03-07 01:33:00,P3,self,5,2.0,1,0,1,1,0,0,0,,,,0,0,0,0,0,0,0,0,1,a:demo_anon_595,0
demo_session_01285,demo_user_76,,2020-01-07 01:32:00,P1,self,3,2.0,1,0,0,1,0,0,0,0.0,,,0,0,0,0,0,0,0,0,0,u:demo_user_76,0
demo_session_01286,demo_user_1416,,2020-01-06 08:29:00,P1,self,4,1.0,0,3,0,1,0,0,0,1.0,,,0,1,1,1,0,0,0,0,0,u:demo_user_1416,0
demo_session_01287,0,demo_anon_365,2020-01-17 16:05:00,P1,search,4,2.0,1,1,0,0,0,0,0,0.0,,,1,0,1,1,0,0,0,0,1,a:demo_anon_365,0
demo_session_01288,demo_user_158,,2020-01-11 01:06:00,P1,feed,4,0.0,1,1,1,3,1,0,0,0.0,,,0,0,0,1,0,0,0,0,0,u:demo_user_158,0
demo_session_01289,0,demo_anon_970,2020-03-28 09:51:00,P3,self,5,3.0,1,1,0,0,0,0,0,,,,0,1,0,0,0,0,0,0,1,a:demo_anon_970,0
demo_session_01290,demo_user_364,,2020-01-24 01:36:00,P1,feed,4,0.0,1,0,0,0,0,0,0,1.0,,,0,1,1,0,0,0,0,0,0,u:demo_user_364,0
demo_session_01291,demo_user_1338,,2020-01-30 01:12:00,P1,self,5,2.0,0,2,2,2,0,1,0,0.0,,,1,1,0,0,0,0,0,0,0,u:demo_user_1338,0
demo_session_01292,demo_user_692,,2020-02-07 17:10:00,P2,search,5,2.0,1,2,0,3,2,0,0,0.0,,,0,0,1,0,0,0,0,0,0,u:demo_user_692,0
demo_session_01293,demo_user_7,,2020-01-22 00:13:00,P1,self,5,2.0,1,2,0,1,0,0,0,0.0,,,0,0,0,0,0,0,0,0,0,u:demo_user_7,0
demo_session_01294,demo_user_1484,,2020-04-14 03:12:00,P4,search,4,0.0,1,0,1,2,1,0,0,,,,0,1,0,0,0,0,0,0,0,u:demo_user_1484,0
demo_session_01295,demo_user_802,,2020-01-11 16:28:00,P1,search,4,3.0,1,1,3,3,1,0,0,0.0,,,1,1,0,0,0,0,0,0,0,u:demo_user_802,0
demo_session_01296,0,demo_anon_410,2020-01-24 00:05:00,P1,search,4,2.0,1,0,1,1,0,0,0,2.0,,,0,1,0,1,0,0,0,0,1,a:demo_anon_410,0
demo_session_01297,demo_user_1056,,2020-01-27 23:34:00,P1,self,2,0.0,0,4,0,2,0,0,0,2.0,,,0,0,0,0,0,0,0,0,0,u:demo_user_1056,1
demo_session_01298,demo_user_827,,2020-01-11 02:39:00,P1,feed,5,1.0,1,0,0,2,1,0,0,0.0,,,0,1,0,1,0,0,0,0,0,u:demo_user_827,0
demo_session_01299,demo_user_46,,2020-01-31 01:21:00,P2,feed,5,3.0,1,1,0,3,0,0,0,0.0,,,0,0,0,0,0,0,0,0,0,u:demo_user_46,0
demo_session_01300,0,demo_anon_1185,2020-01-23 08:24:00,P1,search,4,0.0,0,0,0,0,0,0,0,1.0,,2.0,0,0,0,0,0,0,0,0,1,a:demo_anon_1185,0
demo_session_01301,demo_user_626,,2020-02-10 22:32:00,P2,search,5,0.0,1,0,2,1,1,0,0,1.0,,,0,1,0,1,0,0,0,0,0,u:demo_user_626,0
demo_session_01302,demo_user_1091,,2020-01-19 09:06:00,P1,search,4,2.0,1,0,0,1,0,0,0,0.0,,,0,0,1,0,0,0,0,0,0,u:demo_user_1091,0
demo_session_01303,demo_user_1397,,2020-04-22 14:23:00,P4,self,4,0.0,1,3,0,3,1,0,0,,,,1,1,1,0,0,0,0,0,0,u:demo_user_1397,1
demo_session_01304,demo_user_952,,2020-04-04 08:39:00,P4,feed,5,0.0,1,1,0,2,0,0,0,,,,0,0,1,1,0,0,0,0,0,u:demo_user_952,0
demo_session_01305,demo_user_1047,,2020-03-18 08:30:00,P3,self,5,2.0,0,2,0,1,0,0,0,,,,0,0,0,1,0,0,0,0,0,u:demo_user_1047,0
demo_session_01306,demo_user_397,,2020-03-12 03:29:00,P3,search,4,2.0,1,0,1,0,0,0,0,,,,0,1,1,0,0,0,0,0,0,u:demo_user_397,0
demo_session_01307,0,demo_anon_370,2020-03-24 04:44:00,P3,self,5,2.0,1,4,2,6,1,0,0,,,,0,0,0,1,0,0,0,0,1,a:demo_anon_370,0
demo_session_01308,demo_user_647,,2020-04-22 22:44:00,P4,self,3,3.0,1,1,1,3,2,0,0,,,,0,0,0,0,1,1,0,1,0,u:demo_user_647,0
demo_session_01309,0,demo_anon_1330,2020-01-16 22:18:00,P1,search,5,2.0,1,3,0,3,0,0,0,1.0,,,0,0,0,0,0,0,0,0,1,a:demo_anon_1330,0
demo_session_01310,demo_user_817,,2020-03-04 18:07:00,P3,search,2,1.0,1,0,0,1,0,0,0,,,,0,0,0,0,1,0,0,1,0,u:demo_user_817,0
demo_session_01311,demo_user_542,,2020-01-24 02:52:00,P1,feed,5,3.0,1,2,0,2,0,0,0,0.0,,,0,1,0,0,0,0,0,0,0,u:demo_user_542,0
demo_session_01312,demo_user_1216,,2020-02-24 07:01:00,P2,feed,4,0.0,1,1,0,1,1,0,0,1.0,,,1,1,1,1,0,0,0,0,0,u:demo_user_1216,0
demo_session_01313,demo_user_1331,,2020-04-17 20:10:00,P4,self,5,0.0,1,2,0,2,1,0,0,,,2.0,0,1,0,0,0,0,0,0,0,u:demo_user_1331,1
demo_session_01314,demo_user_1407,,2020-03-16 17:57:00,P3,self,5,0.0,0,4,0,1,0,0,0,,,,1,1,0,0,0,0,0,0,0,u:demo_user_1407,0
demo_session_01315,demo_user_466,,2020-03-17 02:48:00,P3,self,4,1.0,1,2,1,4,1,0,0,,,,0,0,1,1,0,0,0,0,0,u:demo_user_466,0
demo_session_01316,demo_user_1107,,2020-01-12 12:14:00,P1,search,2,3.0,0,1,0,2,1,0,0,0.0,,,0,0,0,0,0,0,1,0,0,u:demo_user_1107,0
demo_session_01317,0,demo_anon_920,2020-04-07 03:47:00,P4,search,4,0.0,1,1,1,2,0,0,0,,,,0,1,0,0,0,0,0,0,1,a:demo_anon_920,0
demo_session_01318,0,demo_anon_700,2020-03-26 18:33:00,P3,feed,3,1.0,1,0,0,1,1,0,0,,,,0,0,0,0,0,0,1,0,1,a:demo_anon_700,0
demo_session_01319,demo_user_619,,2020-02-12 21:29:00,P2,search,5,2.0,1,2,1,4,2,0,0,0.0,,,1,1,1,0,0,0,0,0,0,u:demo_user_619,0
demo_session_01320,demo_user_178,,2020-02-10 00:42:00,P2,self,3,3.0,1,0,0,0,0,0,0,0.0,,,0,0,0,0,1,0,0,0,0,u:demo_user_178,0
demo_session_01321,demo_user_428,,2020-03-10 06:21:00,P3,search,5,2.0,1,2,0,1,0,0,0,,,,0,1,0,0,0,0,0,0,0,u:demo_user_428,0
demo_session_01322,demo_user_857,,2020-04-01 00:39:00,P4,search,4,0.0,1,1,0,0,0,0,0,,,,1,1,1,1,0,0,0,0,0,u:demo_user_857,0
demo_session_01323,demo_user_1383,,2020-03-01 06:21:00,P3,search,5,3.0,0,2,1,4,0,0,0,,,,0,0,0,1,0,0,0,0,0,u:demo_user_1383,0
demo_session_01324,demo_user_1351,,2020-04-12 18:43:00,P4,self,4,3.0,1,2,1,2,1,0,0,,,,1,1,0,1,0,0,0,0,0,u:demo_user_1351,0
demo_session_01325,demo_user_292,,2020-01-25 15:35:00,P1,self,5,3.0,1,2,1,2,0,0,0,1.0,,,1,1,1,1,0,0,0,0,0,u:demo_user_292,0
demo_session_01326,demo_user_1059,,2020-03-23 19:28:00,P3,search,5,1.0,0,0,0,0,0,0,0,,,,0,0,0,0,0,0,0,0,0,u:demo_user_1059,0
demo_session_01327,demo_user_132,,2020-04-08 23:20:00,P4,self,5,0.0,0,1,2,1,0,0,0,,,,0,1,0,0,0,0,0,0,0,u:demo_user_132,1
demo_session_01328,demo_user_1053,,2020-03-25 20:09:00,P3,search,5,1.0,0,2,0,2,0,0,0,,,,0,0,0,0,0,0,0,0,0,u:demo_user_1053,0
demo_session_01329,demo_user_533,,2020-02-10 01:13:00,P2,self,4,1.0,1,0,1,3,0,0,0,0.0,,,1,1,0,0,0,0,0,0,0,u:demo_user_533,0
demo_session_01330,demo_user_701,,2020-02-25 15:46:00,P2,search,4,0.0,1,1,0,1,1,0,0,0.0,,,0,1,0,0,0,0,0,0,0,u:demo_user_701,0
demo_session_01331,demo_user_1119,,2020-02-26 00:38:00,P2,search,5,3.0,0,0,1,1,0,0,0,1.0,,,0,0,1,0,0,0,0,0,0,u:demo_user_1119,0
demo_session_01332,demo_user_662,,2020-02-07 01:09:00,P2,feed,5,1.0,1,3,0,2,1,0,0,0.0,,,0,1,0,1,0,0,0,0,0,u:demo_user_662,0
demo_session_01333,demo_user_1259,,2020-01-16 23:01:00,P1,self,5,1.0,1,5,1,5,2,0,0,1.0,,,0,0,1,0,0,0,0,0,0,u:demo_user_1259,0
demo_session_01334,demo_user_832,,2020-01-23 09:48:00,P1,self,4,2.0,1,2,0,3,1,1,0,0.0,,,0,1,0,0,0,0,0,0,0,u:demo_user_832,0
demo_session_01335,demo_user_1558,,2020-03-17 14:28:00,P3,self,2,0.0,1,1,1,1,0,0,0,,,,0,0,0,0,0,0,0,0,0,u:demo_user_1558,0
demo_session_01336,0,demo_anon_995,2020-01-27 23:31:00,P1,search,4,3.0,1,1,0,2,2,0,0,0.0,,,0,1,1,0,0,0,0,0,1,a:demo_anon_995,0
demo_session_01337,demo_user_462,,2020-04-04 22:28:00,P4,self,2,0.0,0,0,1,2,0,0,0,,,2.0,0,0,0,0,0,0,1,0,0,u:demo_user_462,1
demo_session_01338,demo_user_1209,,2020-04-05 02:28:00,P4,search,4,2.0,0,0,0,0,0,0,0,,,,1,0,0,0,0,0,0,0,0,u:demo_user_1209,0
demo_session_01339,demo_user_636,,2020-02-19 05:55:00,P2,self,5,3.0,0,2,1,4,2,0,0,0.0,,,0,1,0,0,0,0,0,0,0,u:demo_user_636,0
demo_session_01340,demo_user_833,,2020-02-13 18:20:00,P2,self,5,0.0,1,2,0,0,0,0,0,1.0,,,0,1,0,0,0,0,0,0,0,u:demo_user_833,0
demo_session_01341,demo_user_213,,2020-04-27 09:01:00,P4,search,4,2.0,0,0,1,0,0,1,0,,,,0,1,0,0,0,0,0,0,0,u:demo_user_213,0
demo_session_01342,demo_user_186,,2020-01-02 12:38:00,P1,search,5,1.0,0,2,1,1,1,0,0,2.0,,,0,1,0,1,0,0,0,0,0,u:demo_user_186,0
demo_session_01343,demo_user_896,,2020-01-31 21:50:00,P2,feed,5,0.0,1,2,0,0,0,0,0,1.0,,,0,1,0,1,0,0,0,0,0,u:demo_user_896,0
demo_session_01344,demo_user_291,,2020-03-23 21:24:00,P3,search,3,2.0,0,2,1,2,1,0,0,,,,0,0,0,0,0,0,1,0,0,u:demo_user_291,0
demo_session_01345,demo_user_1556,,2020-04-14 18:28:00,P4,search,3,2.0,1,1,3,2,0,0,0,,,,0,0,0,0,1,0,0,0,0,u:demo_user_1556,0
demo_session_01346,demo_user_1334,,2020-02-25 02:08:00,P2,search,1,1.0,1,2,0,2,0,0,0,0.0,,,0,0,0,0,1,0,0,0,0,u:demo_user_1334,0
demo_session_01347,demo_user_1093,,2020-03-27 13:06:00,P3,search,5,2.0,1,0,1,1,0,0,0,,,,0,0,0,0,0,0,0,0,0,u:demo_user_1093,0
demo_session_01348,demo_user_1146,,2020-01-27 03:13:00,P1,self,1,1.0,0,2,2,3,2,0,0,0.0,,,0,0,0,0,0,0,0,0,0,u:demo_user_1146,0
demo_session_01349,demo_user_928,,2020-04-21 06:30:00,P4,search,4,1.0,1,0,0,1,1,0,0,,,,0,1,1,1,0,0,0,0,0,u:demo_user_928,0
demo_session_01350,demo_user_94,,2020-03-10 21:32:00,P3,search,4,1.0,1,1,1,3,1,0,0,,,,0,1,0,0,0,0,0,0,0,u:demo_user_94,0
demo_session_01351,demo_user_612,,2020-03-29 21:04:00,P3,self,4,0.0,0,2,0,0,0,0,0,,,1.0,1,1,0,0,0,0,0,0,0,u:demo_user_612,0
demo_session_01352,demo_user_773,,2020-01-22 03:48:00,P1,search,4,1.0,1,1,1,2,0,0,0,0.0,,,0,1,0,0,0,0,0,0,0,u:demo_user_773,0
demo_session_01353,demo_user_1427,,2020-02-29 09:10:00,P2,search,4,2.0,1,2,0,2,1,0,0,0.0,,,0,1,1,0,0,0,0,0,0,u:demo_user_1427,0
demo_session_01354,demo_user_342,,2020-03-28 08:45:00,P3,search,4,2.0,0,1,0,2,1,0,0,,,,1,1,1,0,0,0,0,0,0,u:demo_user_342,0
demo_session_01355,0,demo_anon_775,2020-02-19 14:47:00,P2,self,5,2.0,1,4,1,3,3,1,0,1.0,,,0,1,1,1,0,0,0,0,1,a:demo_anon_775,0
demo_session_01356,demo_user_536,,2020-04-25 06:03:00,P4,search,5,3.0,1,1,1,4,2,0,0,,,,0,1,0,1,0,0,0,0,0,u:demo_user_536,0
demo_session_01357,demo_user_209,,2020-04-09 12:40:00,P4,feed,5,0.0,1,1,2,2,1,0,0,,,,1,0,0,1,0,0,0,0,0,u:demo_user_209,1
demo_session_01358,0,demo_anon_160,2020-01-16 11:24:00,P1,self,4,2.0,1,2,0,0,0,0,0,0.0,,,0,0,0,0,0,0,0,0,1,a:demo_anon_160,0
demo_session_01359,demo_user_569,,2020-04-10 20:14:00,P4,self,5,2.0,1,4,0,3,1,0,0,,,,0,1,1,1,0,0,0,0,0,u:demo_user_569,0
demo_session_01360,demo_user_128,,2020-02-15 22:52:00,P2,self,4,0.0,1,1,0,0,0,0,0,0.0,,,1,1,1,0,0,0,0,0,0,u:demo_user_128,0
demo_session_01361,demo_user_104,,2020-03-11 16:02:00,P3,self,5,0.0,1,2,0,4,2,0,0,,,,0,1,0,1,0,0,0,0,0,u:demo_user_104,0
demo_session_01362,demo_user_547,,2020-02-19 00:30:00,P2,feed,2,1.0,1,0,0,0,0,0,0,1.0,,,0,0,0,0,0,0,1,0,0,u:demo_user_547,0
demo_session_01363,0,demo_anon_315,2020-03-25 06:07:00,P3,search,5,1.0,0,0,1,1,0,0,0,,,,0,0,0,0,0,0,0,0,1,a:demo_anon_315,0
demo_session_01364,0,demo_anon_865,2020-02-21 12:46:00,P2,self,4,2.0,1,1,1,2,1,0,0,1.0,,,0,0,0,0,0,0,0,0,1,a:demo_anon_865,0
demo_session_01365,demo_user_27,,2020-02-25 13:01:00,P2,self,3,1.0,0,1,1,1,0,0,0,0.0,,,0,0,0,0,1,0,0,0,0,u:demo_user_27,0
demo_session_01366,0,demo_anon_470,2020-03-10 22:04:00,P3,feed,5,1.0,1,0,1,1,0,0,0,,,,0,1,0,0,0,0,0,0,1,a:demo_anon_470,0
demo_session_01367,demo_user_707,,2020-01-27 04:54:00,P1,self,5,1.0,1,2,1,1,1,1,0,0.0,,,0,1,0,0,0,0,0,0,0,u:demo_user_707,0
demo_session_01368,demo_user_1502,,2020-02-21 04:46:00,P2,search,3,2.0,1,1,0,3,1,1,0,1.0,,,0,0,0,0,1,0,0,0,0,u:demo_user_1502,0
demo_session_01369,demo_user_989,,2020-01-06 23:56:00,P1,self,3,2.0,1,3,1,6,3,0,0,2.0,,,0,0,0,0,0,1,1,0,0,u:demo_user_989,0
demo_session_01370,demo_user_1373,,2020-01-08 00:34:00,P1,self,5,0.0,1,4,1,4,1,0,0,2.0,,,0,0,1,0,0,0,0,0,0,u:demo_user_1373,0
demo_session_01371,0,demo_anon_535,2020-03-19 10:40:00,P3,search,3,0.0,1,2,0,0,0,0,0,,,,0,0,0,0,1,0,0,0,1,a:demo_anon_535,0
demo_session_01372,demo_user_701,,2020-02-03 08:59:00,P2,self,5,0.0,1,2,1,2,1,0,0,0.0,,,0,1,1,0,0,0,0,0,0,u:demo_user_701,0
demo_session_01373,0,demo_anon_655,2020-03-21 07:20:00,P3,search,4,1.0,1,1,0,1,1,1,0,,,,1,0,1,1,0,0,0,0,1,a:demo_anon_655,0
demo_session_01374,demo_user_1384,,2020-04-01 04:33:00,P4,self,5,3.0,1,1,0,1,1,1,0,,,,1,0,0,0,0,0,0,0,0,u:demo_user_1384,0
demo_session_01375,demo_user_1496,,2020-03-20 19:57:00,P3,search,4,0.0,1,1,2,2,1,0,0,,,,0,1,0,0,0,0,0,0,0,u:demo_user_1496,1
demo_session_01376,demo_user_1501,,2020-02-20 12:16:00,P2,search,5,3.0,1,2,0,6,4,0,0,0.0,,,0,1,0,0,0,0,0,0,0,u:demo_user_1501,0
demo_session_01377,demo_user_1173,,2020-03-08 11:44:00,P3,search,5,1.0,0,2,0,1,0,0,0,,,,0,1,0,1,0,0,0,0,0,u:demo_user_1173,0
demo_session_01378,demo_user_784,,2020-04-03 22:39:00,P4,self,5,2.0,1,2,1,3,2,1,0,,,,0,1,1,1,0,0,0,0,0,u:demo_user_784,0
demo_session_01379,demo_user_843,,2020-02-11 02:06:00,P2,search,5,2.0,0,0,1,0,0,1,0,1.0,,,0,1,1,1,0,0,0,0,0,u:demo_user_843,0
demo_session_01380,demo_user_1529,,2020-02-20 02:09:00,P2,feed,5,0.0,1,1,1,0,0,0,0,2.0,,,1,1,0,0,0,0,0,0,0,u:demo_user_1529,1
demo_session_01381,demo_user_443,,2020-01-30 01:03:00,P1,self,5,1.0,1,2,0,3,1,0,0,0.0,,1.0,0,0,0,0,0,0,0,0,0,u:demo_user_443,0
demo_session_01382,0,demo_anon_540,2020-01-25 02:55:00,P1,self,5,2.0,0,0,0,1,0,0,0,1.0,,,0,1,0,1,0,0,0,0,1,a:demo_anon_540,0
demo_session_01383,demo_user_1399,,2020-01-08 21:13:00,P1,feed,5,0.0,1,1,0,1,0,0,0,0.0,,,0,1,1,0,0,0,0,0,0,u:demo_user_1399,0
demo_session_01384,demo_user_602,,2020-01-09 11:45:00,P1,self,3,3.0,1,0,0,2,1,0,0,1.0,,,0,0,0,0,0,1,0,1,0,u:demo_user_602,0
demo_session_01385,demo_user_366,,2020-01-18 18:15:00,P1,search,5,1.0,0,0,0,0,0,1,0,0.0,,,0,1,1,0,0,0,0,0,0,u:demo_user_366,0
demo_session_01386,demo_user_874,,2020-04-02 06:29:00,P4,search,5,0.0,1,1,1,2,0,0,0,,,1.0,0,1,1,0,0,0,0,0,0,u:demo_user_874,0
demo_session_01387,demo_user_507,,2020-03-16 09:29:00,P3,self,5,3.0,0,1,0,2,0,0,0,,,,0,0,0,0,0,0,0,0,0,u:demo_user_507,0
demo_session_01388,demo_user_1389,,2020-01-11 13:53:00,P1,search,4,1.0,0,1,0,1,0,0,0,0.0,,-1.0,0,1,0,0,0,0,0,0,0,u:demo_user_1389,0
demo_session_01389,demo_user_1418,,2020-04-02 04:02:00,P4,search,1,2.0,1,0,0,1,1,0,0,,,,0,0,0,0,0,0,0,0,0,u:demo_user_1418,0
demo_session_01390,demo_user_477,,2020-03-31 00:24:00,P4,self,5,3.0,0,3,1,2,1,0,0,,,,1,1,0,1,0,0,0,0,0,u:demo_user_477,0
demo_session_01391,demo_user_826,,2020-04-18 21:57:00,P4,feed,4,2.0,1,0,0,1,0,0,0,,,,1,0,0,0,0,0,0,0,0,u:demo_user_826,0
demo_session_01392,0,demo_anon_1535,2020-04-26 05:25:00,P4,self,2,3.0,1,1,0,1,1,0,0,,,,0,0,0,0,1,0,1,1,1,a:demo_anon_1535,0
demo_session_01393,demo_user_1158,,2020-01-11 01:40:00,P1,self,5,0.0,0,3,2,6,2,0,0,1.0,,,0,1,0,0,0,0,0,0,0,u:demo_user_1158,0
demo_session_01394,demo_user_336,,2020-03-03 19:20:00,P3,feed,2,2.0,0,0,1,3,2,0,0,,,,0,0,0,0,0,0,0,0,0,u:demo_user_336,0
demo_session_01395,demo_user_921,,2020-04-07 16:23:00,P4,self,4,0.0,0,2,1,5,2,0,0,,,,0,0,0,0,0,0,0,0,0,u:demo_user_921,0
demo_session_01396,demo_user_967,,2020-01-29 17:30:00,P1,feed,5,1.0,1,0,1,2,0,1,0,0.0,,,0,1,0,0,0,0,0,0,0,u:demo_user_967,0
demo_session_01397,demo_user_1019,,2020-03-12 16:34:00,P3,self,5,1.0,1,2,0,3,0,0,0,,,,1,0,0,0,0,0,0,0,0,u:demo_user_1019,0
demo_session_01398,demo_user_39,,2020-01-11 21:33:00,P1,search,2,0.0,0,0,0,0,0,0,0,0.0,,,0,0,0,0,1,0,0,0,0,u:demo_user_39,0
demo_session_01399,demo_user_467,,2020-02-06 03:47:00,P2,self,3,0.0,1,3,0,3,2,0,0,1.0,,,0,0,0,0,0,0,1,0,0,u:demo_user_467,0
demo_session_01400,demo_user_1333,,2020-04-27 13:37:00,P4,search,5,3.0,1,2,0,1,1,0,0,,,,0,0,1,0,0,0,0,0,0,u:demo_user_1333,0
demo_session_01401,demo_user_376,,2020-03-28 02:16:00,P3,search,4,2.0,1,0,0,1,1,0,0,,,,1,0,1,0,0,0,0,0,0,u:demo_user_376,0
demo_session_01402,demo_user_467,,2020-02-01 08:14:00,P2,feed,5,0.0,1,1,2,2,0,1,0,1.0,,,0,1,0,0,0,0,0,0,0,u:demo_user_467,0
demo_session_01403,demo_user_503,,2020-04-28 17:20:00,P4,feed,4,2.0,1,0,0,1,1,0,0,,,,0,0,1,1,0,0,0,0,0,u:demo_user_503,0
demo_session_01404,demo_user_276,,2020-01-25 07:33:00,P1,search,5,3.0,0,0,1,0,0,0,0,0.0,,,0,1,0,0,0,0,0,0,0,u:demo_user_276,0
demo_session_01405,demo_user_242,,2020-02-15 12:43:00,P2,search,4,0.0,1,1,0,2,1,0,0,2.0,,,1,1,0,1,0,0,0,0,0,u:demo_user_242,1
demo_session_01406,demo_user_541,,2020-02-23 07:28:00,P2,search,3,3.0,1,1,1,2,1,0,0,0.0,,,0,0,0,0,0,1,0,0,0,u:demo_user_541,0
demo_session_01407,demo_user_1363,,2020-03-16 07:01:00,P3,feed,2,2.0,1,1,0,3,0,0,0,,,,0,0,0,0,0,1,0,0,0,u:demo_user_1363,0
demo_session_01408,demo_user_2,,2020-02-01 11:19:00,P2,search,2,2.0,1,1,1,0,0,0,0,1.0,,,0,0,0,0,0,0,0,0,0,u:demo_user_2,0
demo_session_01409,demo_user_441,,2020-02-01 07:11:00,P2,feed,5,2.0,0,1,0,2,1,0,0,0.0,,,0,1,0,0,0,0,0,0,0,u:demo_user_441,0
demo_session_01410,demo_user_94,,2020-03-21 11:44:00,P3,self,3,1.0,1,2,2,2,2,0,0,,,,0,0,0,0,0,0,1,1,0,u:demo_user_94,0
demo_session_01411,0,demo_anon_875,2020-01-25 14:28:00,P1,search,3,3.0,1,0,1,4,1,0,0,0.0,,,0,0,0,0,0,0,0,0,1,a:demo_anon_875,0
demo_session_01412,0,demo_anon_390,2020-01-18 02:17:00,P1,search,4,3.0,0,1,0,2,1,0,0,0.0,,,1,1,1,1,0,0,0,0,1,a:demo_anon_390,0
demo_session_01413,0,demo_anon_1235,2020-01-18 21:29:00,P1,self,5,1.0,1,1,0,1,0,0,0,0.0,,,0,1,1,1,0,0,0,0,1,a:demo_anon_1235,0
demo_session_01414,demo_user_912,,2020-02-09 09:01:00,P2,self,4,3.0,0,2,0,0,0,0,0,1.0,,,0,0,1,0,0,0,0,0,0,u:demo_user_912,0
demo_session_01415,demo_user_1222,,2020-01-04 20:36:00,P1,feed,4,1.0,1,1,0,2,0,0,0,0.0,,,0,0,0,0,0,0,0,0,0,u:demo_user_1222,0
demo_session_01416,0,demo_anon_990,2020-01-05 05:05:00,P1,search,5,0.0,0,0,1,0,0,0,0,0.0,,,0,0,0,0,0,0,0,0,1,a:demo_anon_990,1
demo_session_01417,demo_user_683,,2020-03-27 20:34:00,P3,self,4,0.0,1,2,1,4,1,1,0,,,,0,0,1,0,0,0,0,0,0,u:demo_user_683,0
demo_session_01418,demo_user_1343,,2020-03-05 22:51:00,P3,self,4,1.0,1,1,1,3,2,0,0,,,,1,0,0,1,0,0,0,0,0,u:demo_user_1343,0
demo_session_01419,demo_user_742,,2020-01-18 12:21:00,P1,self,5,1.0,1,1,0,0,0,0,0,1.0,,,0,1,1,0,0,0,0,0,0,u:demo_user_742,0
demo_session_01420,demo_user_1481,,2020-01-31 15:15:00,P2,search,5,0.0,1,1,1,2,0,0,0,0.0,,,0,0,0,0,0,0,0,0,0,u:demo_user_1481,0
demo_session_01421,demo_user_1551,,2020-03-22 03:39:00,P3,feed,5,0.0,0,0,0,1,0,0,0,,,,0,0,0,0,0,0,0,0,0,u:demo_user_1551,1
demo_session_01422,demo_user_918,,2020-04-06 05:46:00,P4,feed,1,1.0,0,0,0,1,1,0,0,,,,0,0,0,0,1,0,0,0,0,u:demo_user_918,0
demo_session_01423,demo_user_1052,,2020-04-14 08:28:00,P4,search,4,1.0,1,2,1,1,0,0,0,,,,1,1,1,0,0,0,0,0,0,u:demo_user_1052,0
demo_session_01424,demo_user_398,,2020-01-27 02:13:00,P1,search,4,2.0,1,1,0,0,0,1,0,0.0,,,0,1,0,0,0,0,0,0,0,u:demo_user_398,0
demo_session_01425,0,demo_anon_1270,2020-04-11 14:12:00,P4,self,3,0.0,1,3,1,1,1,0,0,,,,0,0,0,0,1,0,0,1,1,a:demo_anon_1270,0
demo_session_01426,demo_user_1047,,2020-02-21 04:52:00,P2,feed,5,2.0,0,0,0,0,0,0,0,0.0,,,0,0,1,0,0,0,0,0,0,u:demo_user_1047,0
demo_session_01427,demo_user_1407,,2020-02-05 21:01:00,P2,self,3,0.0,0,1,2,2,1,0,0,0.0,,-1.0,0,0,0,0,0,0,0,1,0,u:demo_user_1407,0
demo_session_01428,demo_user_416,,2020-03-10 05:44:00,P3,self,3,2.0,1,0,0,0,0,0,0,,,,0,0,0,0,1,1,0,0,0,u:demo_user_416,0
demo_session_01429,demo_user_1228,,2020-01-15 22:17:00,P1,feed,4,3.0,1,2,0,0,0,0,0,0.0,,,0,1,0,1,0,0,0,0,0,u:demo_user_1228,0
demo_session_01430,demo_user_733,,2020-02-25 14:44:00,P2,feed,5,0.0,1,2,1,1,0,0,0,0.0,,,1,1,0,1,0,0,0,0,0,u:demo_user_733,0
demo_session_01431,demo_user_288,,2020-02-23 04:01:00,P2,self,5,2.0,0,3,0,1,1,0,0,0.0,,,0,0,1,1,0,0,0,0,0,u:demo_user_288,0
demo_session_01432,demo_user_267,,2020-03-12 12:05:00,P3,search,2,3.0,0,0,0,1,0,0,0,,,,0,0,0,0,0,0,1,0,0,u:demo_user_267,0
demo_session_01433,demo_user_876,,2020-01-22 18:06:00,P1,search,5,0.0,0,1,1,1,0,0,0,1.0,,,0,1,0,0,0,0,0,0,0,u:demo_user_876,0
demo_session_01434,demo_user_498,,2020-01-08 10:23:00,P1,self,5,3.0,0,0,1,1,0,0,0,0.0,,1.0,0,0,1,1,0,0,0,0,0,u:demo_user_498,0
demo_session_01435,demo_user_158,,2020-02-14 19:42:00,P2,self,5,0.0,1,2,0,6,4,0,0,1.0,,,0,1,1,1,0,0,0,0,0,u:demo_user_158,0
demo_session_01436,demo_user_666,,2020-04-28 00:27:00,P4,self,4,3.0,0,0,0,2,0,0,0,,,,0,1,1,0,0,0,0,0,0,u:demo_user_666,0
demo_session_01437,demo_user_1018,,2020-03-09 06:12:00,P3,search,5,0.0,1,0,0,0,0,0,0,,,,0,1,0,0,0,0,0,0,0,u:demo_user_1018,0
demo_session_01438,demo_user_497,,2020-03-06 17:37:00,P3,search,4,2.0,1,1,0,3,3,0,0,,,,0,1,1,0,0,0,0,0,0,u:demo_user_497,0
demo_session_01439,0,demo_anon_1490,2020-03-18 07:43:00,P3,search,1,2.0,1,0,0,1,1,0,0,,,,0,0,0,0,0,0,1,0,1,a:demo_anon_1490,0
demo_session_01440,demo_user_1216,,2020-03-01 23:12:00,P3,self,4,0.0,1,1,0,1,0,0,0,,,,0,1,0,1,0,0,0,0,0,u:demo_user_1216,0
demo_session_01441,demo_user_799,,2020-01-27 04:46:00,P1,feed,5,1.0,1,0,0,0,0,0,0,1.0,,,1,1,1,0,0,0,0,0,0,u:demo_user_799,0
demo_session_01442,demo_user_1458,,2020-04-28 04:45:00,P4,search,3,1.0,0,0,0,0,0,0,0,,,,0,0,0,0,0,0,1,0,0,u:demo_user_1458,0
demo_session_01443,0,demo_anon_675,2020-01-28 06:36:00,P1,feed,4,2.0,0,1,0,0,0,0,0,0.0,,,0,1,1,1,0,0,0,0,1,a:demo_anon_675,0
demo_session_01444,demo_user_217,,2020-03-17 19:26:00,P3,self,4,0.0,1,1,0,0,0,0,0,,,,1,1,1,1,0,0,0,0,0,u:demo_user_217,0
demo_session_01445,0,demo_anon_55,2020-04-13 21:59:00,P4,search,4,0.0,1,0,0,1,0,0,0,,,,0,0,0,1,0,0,0,0,1,a:demo_anon_55,1
demo_session_01446,demo_user_1463,,2020-03-19 23:41:00,P3,feed,5,0.0,1,0,2,2,0,0,0,,,,0,1,0,1,0,0,0,0,0,u:demo_user_1463,1
demo_session_01447,demo_user_1497,,2020-04-23 09:16:00,P4,self,3,0.0,0,0,0,3,1,1,0,,,,0,0,0,0,0,0,1,0,0,u:demo_user_1497,0
demo_session_01448,demo_user_1153,,2020-01-22 08:24:00,P1,self,3,2.0,1,0,2,2,0,0,0,1.0,,,0,0,0,0,0,0,0,0,0,u:demo_user_1153,0
demo_session_01449,0,demo_anon_160,2020-03-18 02:14:00,P3,self,5,2.0,1,2,0,0,0,0,0,,,,0,1,1,0,0,0,0,0,1,a:demo_anon_160,0
demo_session_01450,demo_user_458,,2020-01-12 01:45:00,P1,self,5,2.0,1,2,2,3,1,1,0,0.0,,,1,0,0,1,0,0,0,0,0,u:demo_user_458,0
demo_session_01451,demo_user_64,,2020-03-07 19:39:00,P3,search,4,1.0,1,0,1,2,0,0,0,,,,0,1,0,0,0,0,0,0,0,u:demo_user_64,0
demo_session_01452,demo_user_79,,2020-01-23 00:36:00,P1,self,5,0.0,1,1,1,1,1,0,0,0.0,,,0,0,0,1,0,0,0,0,0,u:demo_user_79,0
demo_session_01453,demo_user_383,,2020-03-19 23:15:00,P3,self,3,3.0,1,1,0,2,0,0,0,,,,0,0,0,0,1,0,0,1,0,u:demo_user_383,0
demo_session_01454,demo_user_892,,2020-02-09 03:57:00,P2,search,1,0.0,1,1,1,3,1,0,0,0.0,,,0,0,0,0,0,0,0,1,0,u:demo_user_892,0
demo_session_01455,demo_user_102,,2020-01-16 10:25:00,P1,self,5,3.0,0,5,0,3,1,1,0,1.0,,,0,0,0,0,0,0,0,0,0,u:demo_user_102,0
demo_session_01456,0,demo_anon_1535,2020-04-13 22:07:00,P4,self,5,3.0,1,0,0,1,0,1,0,,,,0,0,1,1,0,0,0,0,1,a:demo_anon_1535,0
demo_session_01457,demo_user_709,,2020-04-17 15:28:00,P4,search,5,0.0,1,0,0,0,0,0,0,,,,1,0,0,1,0,0,0,0,0,u:demo_user_709,0
demo_session_01458,demo_user_411,,2020-01-21 11:16:00,P1,self,5,1.0,0,1,0,1,0,0,0,0.0,,,0,0,1,1,0,0,0,0,0,u:demo_user_411,0
demo_session_01459,0,demo_anon_805,2020-01-26 00:45:00,P1,self,4,2.0,1,1,0,4,2,0,0,0.0,,,1,1,1,1,0,0,0,0,1,a:demo_anon_805,0
demo_session_01460,demo_user_1232,,2020-01-05 12:57:00,P1,self,5,0.0,1,2,0,3,1,0,0,1.0,,,0,1,0,0,0,0,0,0,0,u:demo_user_1232,1
demo_session_01461,demo_user_487,,2020-03-21 08:40:00,P3,self,3,0.0,1,2,0,1,0,0,0,,,,0,0,0,0,1,0,0,1,0,u:demo_user_487,0
demo_session_01462,demo_user_74,,2020-04-17 05:13:00,P4,search,1,0.0,1,0,0,3,2,0,0,,,,0,0,0,0,0,0,0,1,0,u:demo_user_74,0
demo_session_01463,demo_user_79,,2020-01-27 15:16:00,P1,self,5,0.0,1,1,1,0,0,1,0,0.0,,,0,0,0,0,0,0,0,0,0,u:demo_user_79,0
demo_session_01464,demo_user_1329,,2020-02-24 04:05:00,P2,self,3,2.0,0,2,1,3,0,0,0,0.0,,,0,0,0,0,1,0,0,1,0,u:demo_user_1329,0
demo_session_01465,demo_user_174,,2020-03-25 16:40:00,P3,feed,5,3.0,0,3,0,2,1,0,0,,,,0,1,1,1,0,0,0,0,0,u:demo_user_174,0
demo_session_01466,demo_user_991,,2020-02-23 02:22:00,P2,feed,1,2.0,1,1,2,1,0,0,0,1.0,,,0,0,0,0,0,0,0,1,0,u:demo_user_991,0
demo_session_01467,demo_user_599,,2020-03-31 09:53:00,P4,self,5,2.0,1,2,1,4,2,1,0,,,,0,0,0,1,0,0,0,0,0,u:demo_user_599,0
demo_session_01468,demo_user_1212,,2020-03-31 11:41:00,P4,self,4,2.0,0,1,0,2,2,0,0,,,,0,0,0,0,0,0,0,0,0,u:demo_user_1212,0
demo_session_01469,demo_user_94,,2020-03-29 22:12:00,P3,search,2,1.0,1,0,0,1,1,0,0,,,,0,0,0,0,0,0,0,0,0,u:demo_user_94,0
demo_session_01470,0,demo_anon_1400,2020-03-26 18:18:00,P3,feed,5,3.0,1,0,0,1,0,0,0,,,,1,1,0,0,0,0,0,0,1,a:demo_anon_1400,0
demo_session_01471,demo_user_1089,,2020-02-21 10:39:00,P2,feed,5,0.0,0,0,0,0,0,0,0,0.0,,,1,0,0,0,0,0,0,0,0,u:demo_user_1089,1
demo_session_01472,0,demo_anon_700,2020-02-17 05:30:00,P2,self,5,1.0,1,1,1,2,1,0,0,0.0,,,0,0,1,0,0,0,0,0,1,a:demo_anon_700,0
demo_session_01473,demo_user_322,,2020-03-13 20:15:00,P3,self,4,0.0,1,1,1,4,2,0,0,,,,0,0,0,1,0,0,0,0,0,u:demo_user_322,0
demo_session_01474,demo_user_1524,,2020-01-13 20:53:00,P1,search,4,2.0,0,0,1,2,1,1,0,1.0,,,0,0,1,0,0,0,0,0,0,u:demo_user_1524,0
demo_session_01475,demo_user_471,,2020-03-12 18:12:00,P3,feed,5,3.0,0,0,0,1,0,0,0,,,,0,0,0,0,0,0,0,0,0,u:demo_user_471,0
demo_session_01476,0,demo_anon_765,2020-01-04 21:19:00,P1,feed,3,1.0,0,2,0,1,0,0,0,0.0,,,0,0,0,0,0,0,0,0,1,a:demo_anon_765,0
demo_session_01477,demo_user_614,,2020-03-27 10:30:00,P3,self,5,1.0,1,0,1,4,0,0,0,,,,1,0,0,1,0,0,0,0,0,u:demo_user_614,0
demo_session_01478,demo_user_359,,2020-03-13 15:23:00,P3,search,4,1.0,1,0,1,2,1,0,0,,,,0,1,1,0,0,0,0,0,0,u:demo_user_359,0
demo_session_01479,demo_user_649,,2020-02-29 21:07:00,P2,self,5,0.0,1,4,0,3,0,0,0,0.0,,,1,1,1,0,0,0,0,0,0,u:demo_user_649,1
demo_session_01480,demo_user_236,,2020-02-06 08:25:00,P2,search,4,1.0,1,0,2,3,1,0,0,0.0,,,1,1,0,0,0,0,0,0,0,u:demo_user_236,0
demo_session_01481,demo_user_2,,2020-03-01 21:00:00,P3,feed,5,2.0,1,2,1,2,0,1,0,,,,0,0,0,1,0,0,0,0,0,u:demo_user_2,0
demo_session_01482,demo_user_452,,2020-03-17 06:05:00,P3,search,3,0.0,1,1,1,0,0,0,0,,,,0,0,0,0,1,0,0,0,0,u:demo_user_452,0
demo_session_01483,demo_user_174,,2020-03-23 03:05:00,P3,self,4,3.0,0,2,0,1,0,1,0,,,,0,0,0,1,0,0,0,0,0,u:demo_user_174,0
demo_session_01484,demo_user_647,,2020-04-20 18:08:00,P4,search,4,3.0,1,0,0,0,0,1,0,,,,0,1,0,0,0,0,0,0,0,u:demo_user_647,0
demo_session_01485,0,demo_anon_1345,2020-01-21 10:02:00,P1,search,4,3.0,1,1,0,3,0,0,0,1.0,,,1,1,1,0,0,0,0,0,1,a:demo_anon_1345,0
demo_session_01486,demo_user_253,,2020-01-06 06:57:00,P1,feed,4,0.0,1,0,1,1,1,1,0,1.0,,0.0,1,1,1,0,0,0,0,0,0,u:demo_user_253,1
demo_session_01487,demo_user_1,,2020-03-19 07:08:00,P3,self,5,2.0,1,4,0,4,1,1,0,,,,0,1,0,0,0,0,0,0,0,u:demo_user_1,0
demo_session_01488,demo_user_173,,2020-01-20 13:16:00,P1,feed,3,1.0,1,1,0,0,0,0,0,0.0,,,0,0,0,0,0,0,0,0,0,u:demo_user_173,0
demo_session_01489,demo_user_792,,2020-01-18 18:54:00,P1,self,5,0.0,0,2,0,2,1,0,0,1.0,,,0,0,0,0,0,0,0,0,0,u:demo_user_792,1
demo_session_01490,demo_user_428,,2020-02-02 23:22:00,P2,self,5,2.0,1,1,1,1,1,0,0,0.0,,,1,1,0,1,0,0,0,0,0,u:demo_user_428,0
demo_session_01491,demo_user_763,,2020-03-27 23:31:00,P3,self,4,1.0,1,1,2,1,0,0,0,,,,1,1,0,0,0,0,0,0,0,u:demo_user_763,0
demo_session_01492,0,demo_anon_45,2020-01-08 12:09:00,P1,self,5,3.0,0,1,1,2,0,0,0,0.0,,,0,0,0,0,0,0,0,0,1,a:demo_anon_45,0
demo_session_01493,demo_user_519,,2020-02-16 16:04:00,P2,self,4,1.0,0,1,0,1,0,0,0,0.0,,,1,0,0,0,0,0,0,0,0,u:demo_user_519,0
demo_session_01494,demo_user_639,,2020-01-13 16:02:00,P1,search,4,0.0,0,5,0,6,1,0,0,0.0,,-1.0,0,0,0,0,0,0,0,0,0,u:demo_user_639,0
demo_session_01495,demo_user_672,,2020-04-10 17:59:00,P4,self,4,0.0,0,5,0,3,1,0,0,,,,1,0,0,1,0,0,0,0,0,u:demo_user_672,0
demo_session_01496,demo_user_859,,2020-04-01 11:01:00,P4,self,5,1.0,1,2,0,0,0,0,0,,,,0,0,0,1,0,0,0,0,0,u:demo_user_859,0
demo_session_01497,demo_user_1217,,2020-01-11 14:37:00,P1,self,4,1.0,1,6,0,4,1,0,0,0.0,,,0,1,1,0,0,0,0,0,0,u:demo_user_1217,0
demo_session_01498,demo_user_728,,2020-02-02 20:35:00,P2,self,5,2.0,1,1,1,1,1,0,0,1.0,,,1,1,0,1,0,0,0,0,0,u:demo_user_728,0
demo_session_01499,demo_user_1312,,2020-02-25 06:18:00,P2,feed,3,3.0,1,1,1,1,0,0,0,0.0,,,0,0,0,0,1,1,0,0,0,u:demo_user_1312,0
demo_session_01500,demo_user_826,,2020-02-24 20:14:00,P2,feed,5,2.0,1,1,1,6,1,0,0,0.0,,,0,1,1,0,0,0,0,0,0,u:demo_user_826,0
demo_session_01501,demo_user_406,,2020-01-21 01:35:00,P1,self,3,1.0,1,0,0,1,0,0,0,1.0,,,0,0,0,0,0,0,0,0,0,u:demo_user_406,0
demo_session_01502,demo_user_357,,2020-02-25 23:50:00,P2,search,3,2.0,0,2,0,3,0,1,0,0.0,,,0,0,0,0,0,1,1,1,0,u:demo_user_357,0
demo_session_01503,demo_user_503,,2020-04-14 06:19:00,P4,search,5,2.0,1,1,2,0,0,1,0,,,,0,1,1,1,0,0,0,0,0,u:demo_user_503,0
demo_session_01504,demo_user_932,,2020-01-27 12:06:00,P1,feed,4,0.0,1,0,1,0,0,1,0,0.0,,,0,1,0,0,0,0,0,0,0,u:demo_user_932,0
demo_session_01505,demo_user_378,,2020-01-16 00:42:00,P1,self,4,1.0,0,0,0,0,0,0,0,0.0,,,1,0,0,1,0,0,0,0,0,u:demo_user_378,0
demo_session_01506,demo_user_1426,,2020-02-16 07:02:00,P2,self,3,1.0,1,4,0,3,1,0,0,1.0,,,0,0,0,0,0,1,1,0,0,u:demo_user_1426,0
demo_session_01507,demo_user_748,,2020-02-28 05:21:00,P2,search,4,0.0,1,2,1,5,3,0,0,1.0,,,1,1,0,1,0,0,0,0,0,u:demo_user_748,1
demo_session_01508,demo_user_1346,,2020-02-04 04:33:00,P2,feed,5,1.0,1,0,0,2,1,0,0,2.0,,,0,1,0,0,0,0,0,0,0,u:demo_user_1346,0
demo_session_01509,0,demo_anon_1065,2020-01-13 15:07:00,P1,search,3,2.0,0,0,0,0,0,0,0,1.0,,,0,0,0,0,1,1,0,0,1,a:demo_anon_1065,0
demo_session_01510,0,demo_anon_520,2020-01-11 05:25:00,P1,search,5,1.0,1,1,0,2,1,0,0,1.0,,,1,1,1,1,0,0,0,0,1,a:demo_anon_520,0
demo_session_01511,demo_user_356,,2020-04-05 17:24:00,P4,self,5,3.0,1,1,1,3,1,0,0,,,,1,1,1,0,0,0,0,0,0,u:demo_user_356,0
demo_session_01512,0,demo_anon_1160,2020-01-16 19:02:00,P1,search,5,0.0,1,1,0,2,1,0,0,0.0,,,0,0,1,1,0,0,0,0,1,a:demo_anon_1160,0
demo_session_01513,0,demo_anon_515,2020-02-03 20:16:00,P2,feed,5,1.0,1,0,0,1,0,0,0,0.0,,,0,1,0,0,0,0,0,0,1,a:demo_anon_515,0
demo_session_01514,0,demo_anon_385,2020-04-01 11:08:00,P4,self,5,0.0,1,1,2,4,2,1,0,,,,0,1,1,1,0,0,0,0,1,a:demo_anon_385,1
demo_session_01515,demo_user_1451,,2020-03-12 06:53:00,P3,search,4,0.0,1,2,0,1,0,0,0,,,,0,1,0,1,0,0,0,0,0,u:demo_user_1451,0
demo_session_01516,demo_user_752,,2020-01-03 23:45:00,P1,search,4,0.0,1,1,1,1,0,0,0,0.0,,,0,1,0,0,0,0,0,0,0,u:demo_user_752,0
demo_session_01517,0,demo_anon_75,2020-01-21 10:00:00,P1,search,4,1.0,0,0,0,1,0,0,0,1.0,,0.0,0,1,0,1,0,0,0,0,1,a:demo_anon_75,0
demo_session_01518,demo_user_771,,2020-02-26 12:56:00,P2,search,5,3.0,0,0,1,1,0,0,0,1.0,,,1,1,0,1,0,0,0,0,0,u:demo_user_771,0
demo_session_01519,demo_user_718,,2020-02-12 04:37:00,P2,search,4,0.0,1,1,0,0,0,1,0,0.0,,,0,1,1,0,0,0,0,0,0,u:demo_user_718,0
demo_session_01520,demo_user_1347,,2020-04-28 16:06:00,P4,feed,4,3.0,0,1,0,1,0,0,0,,,,0,0,1,0,0,0,0,0,0,u:demo_user_1347,0
demo_session_01521,0,demo_anon_1110,2020-01-14 15:26:00,P1,search,5,3.0,0,1,1,3,0,0,0,0.0,,,0,1,0,0,0,0,0,0,1,a:demo_anon_1110,0
demo_session_01522,demo_user_298,,2020-01-04 03:52:00,P1,self,5,0.0,1,3,0,3,1,0,0,2.0,,,0,1,0,0,0,0,0,0,0,u:demo_user_298,0
demo_session_01523,demo_user_234,,2020-03-07 02:23:00,P3,self,5,0.0,0,4,2,7,2,0,0,,,,0,1,1,1,0,0,0,0,0,u:demo_user_234,0
demo_session_01524,demo_user_941,,2020-04-25 01:51:00,P4,self,5,1.0,1,1,0,3,1,0,0,,,,1,0,0,0,0,0,0,0,0,u:demo_user_941,0
demo_session_01525,demo_user_73,,2020-01-01 09:56:00,P1,self,5,0.0,1,0,0,0,0,0,0,1.0,,2.0,1,1,1,0,0,0,0,0,0,u:demo_user_73,0
demo_session_01526,demo_user_497,,2020-04-09 11:07:00,P4,self,4,2.0,1,2,1,1,0,0,0,,,,1,0,1,0,0,0,0,0,0,u:demo_user_497,0
demo_session_01527,0,demo_anon_215,2020-04-29 04:02:00,P4,search,5,2.0,1,2,0,0,0,0,0,,,,0,1,1,0,0,0,0,0,1,a:demo_anon_215,0
demo_session_01528,demo_user_32,,2020-02-19 22:47:00,P2,self,5,0.0,1,1,0,1,0,0,0,1.0,,,0,1,0,0,0,0,0,0,0,u:demo_user_32,0
demo_session_01529,demo_user_1433,,2020-02-19 22:52:00,P2,self,4,2.0,1,0,1,2,1,0,0,1.0,,,1,1,0,0,0,0,0,0,0,u:demo_user_1433,0
demo_session_01530,0,demo_anon_140,2020-04-29 02:28:00,P4,search,5,1.0,1,0,0,1,0,0,0,,,,1,0,0,0,0,0,0,0,1,a:demo_anon_140,0
demo_session_01531,demo_user_14,,2020-03-16 12:48:00,P3,self,5,1.0,1,1,1,0,0,0,0,,,,1,1,0,0,0,0,0,0,0,u:demo_user_14,0
demo_session_01532,0,demo_anon_1455,2020-03-06 14:30:00,P3,search,1,2.0,0,0,0,1,0,0,0,,,,0,0,0,0,0,0,0,0,1,a:demo_anon_1455,0
demo_session_01533,demo_user_293,,2020-02-04 09:55:00,P2,feed,4,1.0,1,0,0,0,0,0,0,1.0,,,0,1,1,0,0,0,0,0,0,u:demo_user_293,0
demo_session_01534,demo_user_1273,,2020-04-21 19:02:00,P4,search,5,0.0,1,2,0,3,1,1,0,,,,1,1,0,0,0,0,0,0,0,u:demo_user_1273,0
demo_session_01535,demo_user_48,,2020-01-31 09:21:00,P2,self,5,3.0,0,2,1,2,0,0,0,1.0,,,0,1,1,1,0,0,0,0,0,u:demo_user_48,0
demo_session_01536,demo_user_239,,2020-02-17 02:59:00,P2,self,4,3.0,1,2,1,2,0,1,0,0.0,,,0,1,0,0,0,0,0,0,0,u:demo_user_239,0
demo_session_01537,demo_user_172,,2020-04-11 12:52:00,P4,search,5,2.0,1,0,0,2,1,0,0,,,,0,0,0,0,0,0,0,0,0,u:demo_user_172,0
demo_session_01538,demo_user_1101,,2020-03-02 06:26:00,P3,search,4,2.0,0,1,0,5,1,0,0,,,,0,0,0,1,0,0,0,0,0,u:demo_user_1101,0
demo_session_01539,demo_user_967,,2020-03-31 23:34:00,P4,self,5,1.0,1,1,0,1,1,0,0,,,,0,1,0,0,0,0,0,0,0,u:demo_user_967,0
demo_session_01540,demo_user_741,,2020-04-29 09:04:00,P4,search,3,1.0,0,0,0,0,0,0,0,,,,0,0,0,0,0,0,0,0,0,u:demo_user_741,0
demo_session_01541,demo_user_376,,2020-03-18 04:40:00,P3,search,5,2.0,1,1,0,3,2,0,0,,,,0,1,1,0,0,0,0,0,0,u:demo_user_376,0
demo_session_01542,demo_user_138,,2020-01-20 12:24:00,P1,self,5,2.0,0,4,1,2,0,0,0,0.0,,,0,0,0,0,0,0,0,0,0,u:demo_user_138,0
demo_session_01543,demo_user_887,,2020-03-31 06:38:00,P4,search,5,0.0,1,0,1,0,0,1,0,,,,0,1,1,0,0,0,0,0,0,u:demo_user_887,0
demo_session_01544,demo_user_359,,2020-03-12 23:17:00,P3,self,5,1.0,1,2,0,4,1,0,0,,,,0,1,0,1,0,0,0,0,0,u:demo_user_359,0
demo_session_01545,0,demo_anon_920,2020-01-22 00:54:00,P1,self,4,0.0,1,2,1,2,2,0,0,0.0,,,0,1,0,0,0,0,0,0,1,a:demo_anon_920,0
demo_session_01546,demo_user_1072,,2020-01-14 06:47:00,P1,feed,5,2.0,1,1,0,2,1,0,0,0.0,,,0,1,1,1,0,0,0,0,0,u:demo_user_1072,0
demo_session_01547,0,demo_anon_1325,2020-04-22 02:11:00,P4,self,5,3.0,1,0,0,1,1,0,0,,,,0,1,1,0,0,0,0,0,1,a:demo_anon_1325,0
demo_session_01548,0,demo_anon_770,2020-01-13 16:58:00,P1,search,5,0.0,1,3,0,1,1,0,0,0.0,,,1,0,0,0,0,0,0,0,1,a:demo_anon_770,1
demo_session_01549,demo_user_7,,2020-02-24 13:40:00,P2,search,3,2.0,1,0,1,3,0,0,0,0.0,,,0,0,0,0,1,0,0,0,0,u:demo_user_7,0
demo_session_01550,demo_user_437,,2020-04-28 05:09:00,P4,self,3,3.0,1,2,1,6,1,0,0,,,,0,0,0,0,0,0,1,0,0,u:demo_user_437,0
demo_session_01551,demo_user_1331,,2020-04-14 05:53:00,P4,feed,4,0.0,1,0,0,1,0,0,0,,,,1,0,0,0,0,0,0,0,0,u:demo_user_1331,1
demo_session_01552,demo_user_831,,2020-04-10 16:42:00,P4,self,3,0.0,0,0,0,1,1,0,0,,,,0,0,0,0,1,0,0,0,0,u:demo_user_831,0
demo_session_01553,0,demo_anon_965,2020-03-29 07:50:00,P3,self,5,2.0,1,3,0,1,0,1,0,,,,0,1,0,1,0,0,0,0,1,a:demo_anon_965,0
demo_session_01554,demo_user_714,,2020-02-27 06:25:00,P2,feed,4,1.0,0,1,2,4,2,0,0,1.0,,,0,1,0,0,0,0,0,0,0,u:demo_user_714,0
demo_session_01555,demo_user_253,,2020-02-04 07:27:00,P2,search,4,0.0,1,0,0,1,0,0,0,0.0,,,1,0,0,0,0,0,0,0,0,u:demo_user_253,1
demo_session_01556,demo_user_1398,,2020-04-17 16:00:00,P4,search,4,0.0,0,0,1,3,2,1,0,,,,0,0,0,1,0,0,0,0,0,u:demo_user_1398,0
demo_session_01557,0,demo_anon_1205,2020-03-09 07:37:00,P3,self,3,0.0,1,1,0,2,1,0,0,,,,0,0,0,0,0,0,0,0,1,a:demo_anon_1205,0
demo_session_01558,demo_user_1552,,2020-02-17 12:07:00,P2,self,4,2.0,1,2,0,0,0,0,0,1.0,,,1,1,0,0,0,0,0,0,0,u:demo_user_1552,0
demo_session_01559,demo_user_1334,,2020-04-25 23:56:00,P4,search,4,1.0,1,1,0,2,0,0,0,,,,0,0,1,0,0,0,0,0,0,u:demo_user_1334,0
demo_session_01560,demo_user_454,,2020-02-14 09:22:00,P2,self,5,2.0,1,0,0,0,0,0,0,0.0,,0.0,0,0,0,0,0,0,0,0,0,u:demo_user_454,0
demo_session_01561,demo_user_396,,2020-01-05 10:48:00,P1,self,5,0.0,0,1,0,1,0,1,0,0.0,,,0,1,0,1,0,0,0,0,0,u:demo_user_396,1
demo_session_01562,demo_user_387,,2020-03-13 02:44:00,P3,search,3,0.0,0,0,1,3,1,0,0,,,,0,0,0,0,1,0,0,0,0,u:demo_user_387,0
demo_session_01563,demo_user_1433,,2020-02-21 04:16:00,P2,self,5,2.0,1,2,2,2,1,0,0,1.0,,,0,1,1,0,0,0,0,0,0,u:demo_user_1433,0
demo_session_01564,demo_user_868,,2020-03-15 17:26:00,P3,self,2,0.0,1,0,0,0,0,0,0,,,1.0,0,0,0,0,0,1,0,0,0,u:demo_user_868,0
demo_session_01565,demo_user_708,,2020-03-15 11:09:00,P3,self,5,3.0,0,1,0,0,0,0,0,,,,0,0,0,0,0,0,0,0,0,u:demo_user_708,0
demo_session_01566,0,demo_anon_1510,2020-03-16 14:06:00,P3,search,4,0.0,1,2,1,1,1,0,0,,,,0,0,1,0,0,0,0,0,1,a:demo_anon_1510,0
demo_session_01567,demo_user_941,,2020-02-10 18:54:00,P2,search,4,1.0,1,0,1,0,0,0,0,0.0,,,0,1,1,1,0,0,0,0,0,u:demo_user_941,0
demo_session_01568,demo_user_1418,,2020-01-31 05:55:00,P2,feed,5,2.0,1,1,1,0,0,0,0,1.0,,,0,0,1,1,0,0,0,0,0,u:demo_user_1418,0
demo_session_01569,demo_user_1536,,2020-02-08 03:35:00,P2,self,4,2.0,0,1,0,1,0,0,0,0.0,,,0,1,0,0,0,0,0,0,0,u:demo_user_1536,0
demo_session_01570,demo_user_123,,2020-04-25 19:27:00,P4,self,1,1.0,0,0,1,2,1,1,0,,,,0,0,0,0,1,0,0,1,0,u:demo_user_123,0
demo_session_01571,demo_user_563,,2020-03-30 20:13:00,P3,search,4,0.0,1,2,0,0,0,0,0,,,,0,1,1,1,0,0,0,0,0,u:demo_user_563,0
demo_session_01572,0,demo_anon_1145,2020-02-17 02:39:00,P2,self,5,2.0,1,3,1,0,0,1,0,0.0,,,0,0,0,0,0,0,0,0,1,a:demo_anon_1145,0
demo_session_01573,demo_user_1268,,2020-04-19 23:01:00,P4,search,4,1.0,1,1,1,2,1,0,0,,,,0,0,0,0,0,0,0,0,0,u:demo_user_1268,0
demo_session_01574,demo_user_231,,2020-04-01 18:27:00,P4,feed,5,0.0,0,0,0,0,0,0,0,,,,0,1,0,1,0,0,0,0,0,u:demo_user_231,1
demo_session_01575,demo_user_496,,2020-03-05 12:22:00,P3,search,3,2.0,1,1,1,1,0,0,0,,,,0,0,0,0,0,1,1,0,0,u:demo_user_496,0
demo_session_01576,0,demo_anon_855,2020-04-06 00:04:00,P4,search,5,0.0,0,0,0,1,1,0,0,,,,1,1,1,0,0,0,0,0,1,a:demo_anon_855,0
demo_session_01577,demo_user_1246,,2020-04-23 18:50:00,P4,feed,5,2.0,1,1,1,4,1,0,0,,,,1,1,0,0,0,0,0,0,0,u:demo_user_1246,0
demo_session_01578,demo_user_176,,2020-03-09 03:41:00,P3,self,3,0.0,1,0,1,2,1,0,0,,,,0,0,0,0,1,0,1,1,0,u:demo_user_176,1
demo_session_01579,demo_user_937,,2020-01-13 03:40:00,P1,feed,5,0.0,1,0,0,0,0,0,0,1.0,,,1,0,1,0,0,0,0,0,0,u:demo_user_937,0
demo_session_01580,demo_user_462,,2020-02-21 16:50:00,P2,search,4,0.0,0,0,1,2,0,0,0,0.0,,0.0,1,1,0,0,0,0,0,0,0,u:demo_user_462,1
demo_session_01581,demo_user_337,,2020-01-28 07:06:00,P1,search,5,0.0,1,2,0,4,2,0,0,0.0,,,1,1,0,1,0,0,0,0,0,u:demo_user_337,0
demo_session_01582,demo_user_804,,2020-03-24 22:12:00,P3,feed,5,1.0,0,3,0,1,0,0,0,,,,0,1,0,1,0,0,0,0,0,u:demo_user_804,0
demo_session_01583,0,demo_anon_645,2020-01-11 12:36:00,P1,search,5,3.0,0,1,0,3,1,1,0,3.0,,,1,1,0,0,0,0,0,0,1,a:demo_anon_645,0
demo_session_01584,demo_user_991,,2020-02-26 03:20:00,P2,search,5,2.0,1,0,1,2,0,0,0,1.0,,,0,1,0,1,0,0,0,0,0,u:demo_user_991,0
demo_session_01585,0,demo_anon_495,2020-02-22 06:20:00,P2,self,2,0.0,0,1,0,0,0,0,0,0.0,,,0,0,0,0,1,0,0,0,1,a:demo_anon_495,1
demo_session_01586,demo_user_1284,,2020-02-16 07:15:00,P2,search,5,3.0,0,1,2,2,1,1,0,0.0,,,1,1,0,0,0,0,0,0,0,u:demo_user_1284,0
demo_session_01587,demo_user_121,,2020-03-16 04:56:00,P3,search,3,0.0,1,0,1,2,0,0,0,,,,0,0,0,0,0,0,0,0,0,u:demo_user_121,1
demo_session_01588,demo_user_1344,,2020-03-06 11:01:00,P3,self,5,0.0,0,3,1,2,0,1,0,,,,1,1,0,0,0,0,0,0,0,u:demo_user_1344,0
demo_session_01589,demo_user_46,,2020-01-25 01:21:00,P1,search,5,3.0,1,3,0,0,0,0,0,1.0,,,0,1,0,0,0,0,0,0,0,u:demo_user_46,0
demo_session_01590,demo_user_1147,,2020-04-06 00:36:00,P4,search,5,3.0,1,2,0,7,2,0,0,,,,1,0,0,0,0,0,0,0,0,u:demo_user_1147,0
demo_session_01591,0,demo_anon_540,2020-02-23 19:47:00,P2,self,5,2.0,0,4,1,4,1,0,0,0.0,,,0,0,0,0,0,0,0,0,1,a:demo_anon_540,0
demo_session_01592,demo_user_598,,2020-01-19 20:08:00,P1,self,5,1.0,1,2,0,2,1,0,0,0.0,,,0,0,0,0,0,0,0,0,0,u:demo_user_598,0
demo_session_01593,demo_user_29,,2020-03-23 03:03:00,P3,search,2,1.0,1,0,1,2,1,0,0,,,-1.0,0,0,0,0,1,0,1,0,0,u:demo_user_29,0
demo_session_01594,0,demo_anon_1095,2020-02-17 03:13:00,P2,self,5,2.0,0,2,1,3,1,0,0,1.0,,,0,1,0,0,0,0,0,0,1,a:demo_anon_1095,0
demo_session_01595,demo_user_258,,2020-03-17 17:43:00,P3,self,5,2.0,0,2,0,2,1,0,0,,,,0,1,0,0,0,0,0,0,0,u:demo_user_258,0
demo_session_01596,demo_user_1028,,2020-03-31 13:43:00,P4,search,5,3.0,1,2,0,2,1,0,0,,,,0,1,1,0,0,0,0,0,0,u:demo_user_1028,0
demo_session_01597,demo_user_1131,,2020-03-16 12:19:00,P3,self,2,0.0,0,0,0,0,0,0,0,,,,0,0,0,0,1,1,0,0,0,u:demo_user_1131,0
demo_session_01598,demo_user_1318,,2020-04-22 22:19:00,P4,self,3,2.0,1,0,0,0,0,0,0,,,,0,0,0,0,1,1,1,0,0,u:demo_user_1318,0
demo_session_01599,demo_user_1104,,2020-03-13 17:22:00,P3,search,3,0.0,0,0,0,0,0,0,0,,,,0,0,0,0,0,0,1,0,0,u:demo_user_1104,0
demo_session_01600,0,demo_anon_470,2020-02-15 17:28:00,P2,self,2,1.0,1,2,1,5,1,0,0,1.0,,,0,0,0,0,0,1,1,0,1,a:demo_anon_470,0
demo_session_01601,demo_user_1152,,2020-04-28 09:26:00,P4,feed,1,3.0,0,0,0,2,1,0,0,,,,0,0,0,0,1,0,1,1,0,u:demo_user_1152,0
demo_session_01602,demo_user_1288,,2020-03-02 18:34:00,P3,feed,5,3.0,1,0,1,4,3,0,0,,,,0,0,0,1,0,0,0,0,0,u:demo_user_1288,0
demo_session_01603,demo_user_494,,2020-03-26 16:05:00,P3,search,3,1.0,1,0,1,0,0,0,0,,,,0,0,0,0,1,0,0,0,0,u:demo_user_494,0
demo_session_01604,demo_user_193,,2020-02-09 17:21:00,P2,feed,4,0.0,1,1,0,2,1,0,0,1.0,,,0,0,0,1,0,0,0,0,0,u:demo_user_193,0
demo_session_01605,demo_user_1388,,2020-04-18 22:05:00,P4,feed,5,3.0,1,0,2,2,2,0,0,,,,0,1,0,0,0,0,0,0,0,u:demo_user_1388,0
demo_session_01606,0,demo_anon_230,2020-04-22 19:06:00,P4,self,4,3.0,1,7,1,7,1,1,0,,,,0,0,0,0,0,0,0,0,1,a:demo_anon_230,0
demo_session_01607,demo_user_926,,2020-04-24 04:58:00,P4,search,4,0.0,1,3,0,2,1,1,0,,,,0,1,1,0,0,0,0,0,0,u:demo_user_926,0
demo_session_01608,demo_user_368,,2020-02-16 13:59:00,P2,self,4,1.0,1,1,0,1,1,0,0,1.0,,,0,1,1,0,0,0,0,0,0,u:demo_user_368,0
demo_session_01609,demo_user_196,,2020-04-13 03:52:00,P4,search,4,2.0,1,1,0,1,1,0,0,,,,0,1,1,0,0,0,0,0,0,u:demo_user_196,0
demo_session_01610,demo_user_1211,,2020-03-21 15:41:00,P3,search,1,2.0,1,1,1,1,1,0,0,,,,0,0,0,0,0,1,0,0,0,u:demo_user_1211,0
demo_session_01611,demo_user_224,,2020-01-12 10:05:00,P1,self,4,3.0,1,1,2,1,0,0,0,1.0,,,1,1,0,0,0,0,0,0,0,u:demo_user_224,0
demo_session_01612,0,demo_anon_1045,2020-04-20 01:38:00,P4,self,5,0.0,1,2,1,3,2,0,0,,,,0,1,1,0,0,0,0,0,1,a:demo_anon_1045,1
demo_session_01613,demo_user_1081,,2020-03-04 12:13:00,P3,feed,5,0.0,1,1,2,1,0,0,0,,,,0,1,0,0,0,0,0,0,0,u:demo_user_1081,0
demo_session_01614,demo_user_93,,2020-03-04 21:48:00,P3,self,5,2.0,0,2,1,3,1,0,0,,,,1,0,1,1,0,0,0,0,0,u:demo_user_93,0
demo_session_01615,demo_user_269,,2020-02-15 18:45:00,P2,self,4,3.0,1,1,0,1,0,0,0,1.0,,,1,1,1,0,0,0,0,0,0,u:demo_user_269,0
demo_session_01616,demo_user_1239,,2020-04-12 08:44:00,P4,self,4,2.0,0,1,0,1,0,0,0,,,,1,1,0,0,0,0,0,0,0,u:demo_user_1239,0
demo_session_01617,demo_user_791,,2020-01-12 15:33:00,P1,search,4,2.0,1,0,0,0,0,0,0,2.0,,,1,1,0,1,0,0,0,0,0,u:demo_user_791,0
demo_session_01618,demo_user_189,,2020-02-16 03:16:00,P2,feed,4,1.0,0,0,0,1,1,0,0,0.0,,,0,0,1,1,0,0,0,0,0,u:demo_user_189,0
demo_session_01619,demo_user_1547,,2020-03-08 16:55:00,P3,search,4,1.0,1,0,0,1,0,0,0,,,,0,0,1,0,0,0,0,0,0,u:demo_user_1547,0
demo_session_01620,demo_user_413,,2020-01-24 12:31:00,P1,search,4,3.0,1,0,1,1,0,0,0,0.0,,,0,1,1,0,0,0,0,0,0,u:demo_user_413,0
demo_session_01621,demo_user_6,,2020-01-26 12:56:00,P1,self,5,1.0,0,3,3,1,0,0,0,1.0,,,0,0,0,0,0,0,0,0,0,u:demo_user_6,0
demo_session_01622,demo_user_1441,,2020-03-14 21:37:00,P3,self,4,0.0,1,1,0,0,0,0,0,,,,1,0,0,0,0,0,0,0,0,u:demo_user_1441,1
demo_session_01623,0,demo_anon_25,2020-03-10 19:24:00,P3,search,5,2.0,1,0,1,1,0,0,0,,,,0,1,0,1,0,0,0,0,1,a:demo_anon_25,0
demo_session_01624,demo_user_863,,2020-04-08 03:31:00,P4,feed,5,3.0,1,0,0,0,0,0,0,,,,0,1,0,0,0,0,0,0,0,u:demo_user_863,0
demo_session_01625,demo_user_1549,,2020-04-08 02:04:00,P4,search,2,0.0,1,1,0,1,1,0,0,,,,0,0,0,0,1,0,0,0,0,u:demo_user_1549,0
demo_session_01626,demo_user_901,,2020-01-03 03:58:00,P1,search,1,1.0,1,0,0,0,0,0,0,2.0,,,0,0,0,0,0,0,1,1,0,u:demo_user_901,0
demo_session_01627,demo_user_912,,2020-02-17 06:15:00,P2,search,5,3.0,0,2,1,4,3,0,0,0.0,,,0,1,0,0,0,0,0,0,0,u:demo_user_912,0
demo_session_01628,0,demo_anon_605,2020-04-11 15:12:00,P4,search,4,0.0,1,1,1,2,1,1,0,,,,0,1,0,1,0,0,0,0,1,a:demo_anon_605,1
demo_session_01629,demo_user_197,,2020-04-23 23:30:00,P4,search,4,2.0,1,2,0,3,1,0,0,,,,0,1,0,0,0,0,0,0,0,u:demo_user_197,0
demo_session_01630,demo_user_893,,2020-01-12 09:00:00,P1,search,1,1.0,1,0,0,3,0,0,0,0.0,,,0,0,0,0,1,1,0,0,0,u:demo_user_893,0
demo_session_01631,demo_user_1399,,2020-04-01 23:25:00,P4,search,5,0.0,1,0,0,1,0,0,0,,,,0,1,0,1,0,0,0,0,0,u:demo_user_1399,0
demo_session_01632,demo_user_142,,2020-01-28 21:04:00,P1,search,4,3.0,1,1,1,1,0,0,0,2.0,,,0,0,0,1,0,0,0,0,0,u:demo_user_142,0
demo_session_01633,demo_user_1373,,2020-04-06 12:19:00,P4,feed,4,0.0,1,1,0,1,1,0,0,,,,1,0,0,0,0,0,0,0,0,u:demo_user_1373,0
demo_session_01634,demo_user_647,,2020-02-23 13:01:00,P2,search,5,3.0,1,1,0,5,0,0,0,0.0,,,0,1,0,0,0,0,0,0,0,u:demo_user_647,0
demo_session_01635,demo_user_836,,2020-01-14 11:23:00,P1,self,4,0.0,1,2,2,4,1,0,0,1.0,,,1,1,0,1,0,0,0,0,0,u:demo_user_836,1
demo_session_01636,demo_user_258,,2020-01-25 12:05:00,P1,self,5,2.0,0,3,1,7,3,0,0,0.0,,,0,1,1,0,0,0,0,0,0,u:demo_user_258,0
demo_session_01637,demo_user_969,,2020-04-23 00:35:00,P4,search,5,0.0,0,2,0,1,0,0,0,,,,0,0,0,0,0,0,0,0,0,u:demo_user_969,0
demo_session_01638,demo_user_284,,2020-04-02 03:04:00,P4,search,5,2.0,1,2,0,3,1,0,0,,,,0,0,1,0,0,0,0,0,0,u:demo_user_284,0
demo_session_01639,demo_user_426,,2020-01-05 03:26:00,P1,search,5,1.0,0,1,0,1,0,0,0,0.0,,,0,0,0,0,0,0,0,0,0,u:demo_user_426,0
demo_session_01640,0,demo_anon_1125,2020-04-23 18:25:00,P4,search,4,0.0,0,1,0,2,0,0,0,,,,0,0,0,1,0,0,0,0,1,a:demo_anon_1125,0
demo_session_01641,demo_user_78,,2020-04-11 06:25:00,P4,self,5,0.0,0,2,0,6,2,0,0,,,,0,1,1,1,0,0,0,0,0,u:demo_user_78,0
demo_session_01642,demo_user_697,,2020-03-06 10:23:00,P3,search,5,1.0,1,0,0,2,0,0,0,,,,0,1,0,0,0,0,0,0,0,u:demo_user_697,0
demo_session_01643,demo_user_927,,2020-01-04 13:23:00,P1,search,3,0.0,0,1,0,3,1,0,0,1.0,,,0,0,0,0,1,0,1,0,0,u:demo_user_927,0
demo_session_01644,0,demo_anon_205,2020-02-22 04:30:00,P2,search,5,3.0,1,1,0,2,0,0,0,0.0,,,0,0,0,1,0,0,0,0,1,a:demo_anon_205,0
demo_session_01645,demo_user_459,,2020-01-20 11:52:00,P1,search,3,1.0,0,0,0,1,0,0,0,1.0,,,0,0,0,0,1,0,1,0,0,u:demo_user_459,0
demo_session_01646,0,demo_anon_535,2020-02-13 20:52:00,P2,self,3,0.0,1,2,0,2,2,0,0,1.0,,,0,0,0,0,1,0,0,0,1,a:demo_anon_535,0
demo_session_01647,0,demo_anon_1035,2020-02-07 20:11:00,P2,search,5,2.0,0,1,2,1,0,0,0,0.0,,,0,1,0,0,0,0,0,0,1,a:demo_anon_1035,0
demo_session_01648,demo_user_1523,,2020-03-26 13:07:00,P3,search,5,1.0,1,1,0,3,0,0,0,,,,1,1,0,0,0,0,0,0,0,u:demo_user_1523,0
demo_session_01649,demo_user_1304,,2020-03-29 12:45:00,P3,feed,4,3.0,1,1,0,2,2,0,0,,,,0,0,1,1,0,0,0,0,0,u:demo_user_1304,0
demo_session_01650,demo_user_296,,2020-01-21 17:23:00,P1,search,5,0.0,1,0,0,2,0,0,0,0.0,,,0,1,0,1,0,0,0,0,0,u:demo_user_296,0
demo_session_01651,demo_user_28,,2020-04-17 22:19:00,P4,self,5,3.0,1,1,0,2,1,0,0,,,,0,1,0,0,0,0,0,0,0,u:demo_user_28,0
demo_session_01652,0,demo_anon_80,2020-03-21 10:34:00,P3,search,2,2.0,1,2,0,1,0,0,0,,,,0,0,0,0,1,0,1,0,1,a:demo_anon_80,0
demo_session_01653,demo_user_929,,2020-03-20 23:30:00,P3,search,5,3.0,1,1,2,2,1,0,0,,,,0,1,1,0,0,0,0,0,0,u:demo_user_929,0
demo_session_01654,demo_user_243,,2020-04-03 03:22:00,P4,self,4,1.0,0,0,1,1,0,0,0,,,,0,0,0,0,0,0,0,0,0,u:demo_user_243,0
demo_session_01655,0,demo_anon_360,2020-03-28 07:58:00,P3,feed,1,0.0,0,0,2,2,0,0,0,,,,0,0,0,0,1,1,0,0,1,a:demo_anon_360,0
demo_session_01656,demo_user_1321,,2020-04-04 15:50:00,P4,self,2,2.0,1,1,2,5,4,0,0,,,,0,0,0,0,1,0,1,0,0,u:demo_user_1321,0
demo_session_01657,demo_user_1363,,2020-02-04 18:32:00,P2,self,5,2.0,1,3,0,3,1,0,0,1.0,,,1,0,0,0,0,0,0,0,0,u:demo_user_1363,0
demo_session_01658,demo_user_1308,,2020-03-23 09:46:00,P3,self,3,1.0,0,2,0,5,1,0,0,,,,0,0,0,0,0,0,0,1,0,u:demo_user_1308,0
demo_session_01659,0,demo_anon_395,2020-04-27 01:05:00,P4,self,4,3.0,1,0,0,0,0,0,0,,,,0,0,0,0,0,0,0,0,1,a:demo_anon_395,0
demo_session_01660,demo_user_966,,2020-03-31 12:28:00,P4,feed,4,2.0,0,0,0,1,0,0,0,,,,1,0,1,0,0,0,0,0,0,u:demo_user_966,0
demo_session_01661,demo_user_952,,2020-02-18 22:16:00,P2,search,4,0.0,1,0,0,0,0,0,0,0.0,,,0,0,1,0,0,0,0,0,0,u:demo_user_952,0
demo_session_01662,demo_user_288,,2020-03-16 20:34:00,P3,self,4,2.0,0,1,0,1,0,0,0,,,,0,0,1,1,0,0,0,0,0,u:demo_user_288,0
demo_session_01663,demo_user_863,,2020-04-19 13:11:00,P4,search,5,3.0,1,0,0,1,0,0,0,,,,0,1,0,1,0,0,0,0,0,u:demo_user_863,0
demo_session_01664,demo_user_819,,2020-03-19 15:52:00,P3,self,5,1.0,0,4,1,1,0,0,0,,,,1,1,1,0,0,0,0,0,0,u:demo_user_819,0
demo_session_01665,demo_user_618,,2020-04-03 12:15:00,P4,self,2,2.0,0,0,0,0,0,0,0,,,,0,0,0,0,0,1,1,0,0,u:demo_user_618,0
demo_session_01666,demo_user_1172,,2020-04-16 19:07:00,P4,self,4,2.0,1,1,0,2,1,0,0,,,,1,0,0,1,0,0,0,0,0,u:demo_user_1172,0
demo_session_01667,demo_user_1057,,2020-02-14 01:43:00,P2,search,4,0.0,1,0,0,1,1,0,0,0.0,,,1,1,0,0,0,0,0,0,0,u:demo_user_1057,0
demo_session_01668,0,demo_anon_830,2020-02-10 05:38:00,P2,self,4,3.0,1,6,1,6,3,0,0,0.0,,,0,1,0,1,0,0,0,0,1,a:demo_anon_830,0
demo_session_01669,demo_user_1132,,2020-02-11 04:13:00,P2,search,4,0.0,1,1,0,0,0,0,0,0.0,,,0,0,1,1,0,0,0,0,0,u:demo_user_1132,0
demo_session_01670,0,demo_anon_1190,2020-02-14 06:28:00,P2,self,5,0.0,1,1,0,0,0,0,0,1.0,,2.0,0,0,0,1,0,0,0,0,1,a:demo_anon_1190,0
demo_session_01671,demo_user_884,,2020-03-22 12:54:00,P3,search,3,1.0,1,1,0,0,0,0,0,,,,0,0,0,0,0,0,0,0,0,u:demo_user_884,0
demo_session_01672,demo_user_417,,2020-02-28 07:06:00,P2,feed,2,3.0,0,1,2,2,2,0,0,1.0,,,0,0,0,0,0,0,1,1,0,u:demo_user_417,0
demo_session_01673,demo_user_1183,,2020-04-22 20:33:00,P4,self,2,1.0,1,1,0,0,0,0,0,,,,0,0,0,0,1,0,1,0,0,u:demo_user_1183,0
demo_session_01674,demo_user_1119,,2020-03-23 09:10:00,P3,self,4,3.0,0,0,2,0,0,0,0,,,,0,0,1,0,0,0,0,0,0,u:demo_user_1119,0
demo_session_01675,demo_user_1534,,2020-03-21 16:21:00,P3,feed,5,0.0,1,1,0,1,0,1,0,,,,1,1,0,1,0,0,0,0,0,u:demo_user_1534,0
demo_session_01676,demo_user_233,,2020-04-24 00:08:00,P4,search,5,2.0,1,0,0,1,0,1,0,,,,0,1,0,0,0,0,0,0,0,u:demo_user_233,0
demo_session_01677,demo_user_654,,2020-04-12 21:23:00,P4,search,5,3.0,0,0,0,1,0,0,0,,,,0,0,0,1,0,0,0,0,0,u:demo_user_654,0
demo_session_01678,demo_user_1441,,2020-01-04 21:37:00,P1,self,4,0.0,1,3,0,2,0,0,0,3.0,,,1,1,0,1,0,0,0,0,0,u:demo_user_1441,1
demo_session_01679,demo_user_802,,2020-04-25 22:53:00,P4,self,5,3.0,1,3,1,3,0,0,0,,,,0,0,0,0,0,0,0,0,0,u:demo_user_802,0
demo_session_01680,0,demo_anon_1470,2020-04-15 19:36:00,P4,search,4,0.0,0,0,0,0,0,0,0,,,,1,1,0,0,0,0,0,0,1,a:demo_anon_1470,0
demo_session_01681,demo_user_19,,2020-02-09 14:24:00,P2,feed,3,1.0,1,0,1,2,1,0,0,0.0,,,0,0,0,0,0,0,0,0,0,u:demo_user_19,0
demo_session_01682,demo_user_54,,2020-01-29 06:32:00,P1,self,5,3.0,0,4,3,3,1,0,0,1.0,,,0,1,0,0,0,0,0,0,0,u:demo_user_54,0
demo_session_01683,demo_user_1241,,2020-03-05 14:51:00,P3,search,5,3.0,1,1,0,3,1,0,0,,,,1,0,0,0,0,0,0,0,0,u:demo_user_1241,0
demo_session_01684,demo_user_559,,2020-04-29 21:48:00,P4,search,5,1.0,1,0,0,3,1,0,0,,,,1,1,0,0,0,0,0,0,0,u:demo_user_559,0
demo_session_01685,demo_user_811,,2020-03-14 02:13:00,P3,self,5,1.0,1,1,1,1,0,1,0,,,,0,0,0,0,0,0,0,0,0,u:demo_user_811,0
demo_session_01686,demo_user_667,,2020-03-10 11:17:00,P3,self,5,2.0,1,5,0,5,2,0,0,,,,0,1,1,0,0,0,0,0,0,u:demo_user_667,0
demo_session_01687,demo_user_636,,2020-01-27 01:28:00,P1,self,5,3.0,0,3,1,2,0,1,0,1.0,,,0,0,0,0,0,0,0,0,0,u:demo_user_636,0
demo_session_01688,0,demo_anon_1465,2020-04-17 17:23:00,P4,search,1,3.0,1,0,0,0,0,0,0,,,,0,0,0,0,1,0,0,0,1,a:demo_anon_1465,0
demo_session_01689,demo_user_146,,2020-04-05 16:56:00,P4,search,5,3.0,1,0,0,1,1,0,0,,,,0,1,1,0,0,0,0,0,0,u:demo_user_146,0
demo_session_01690,demo_user_1204,,2020-01-07 20:08:00,P1,search,5,3.0,1,3,0,2,1,0,0,0.0,,,0,0,1,0,0,0,0,0,0,u:demo_user_1204,0
demo_session_01691,demo_user_1387,,2020-02-01 09:51:00,P2,self,4,0.0,1,1,1,2,0,0,0,1.0,,,1,1,1,0,0,0,0,0,0,u:demo_user_1387,0
demo_session_01692,0,demo_anon_1025,2020-04-15 18:17:00,P4,search,4,3.0,1,0,0,1,1,1,0,,,,1,1,0,0,0,0,0,0,1,a:demo_anon_1025,0
demo_session_01693,demo_user_616,,2020-03-25 19:47:00,P3,search,4,0.0,1,0,0,0,0,0,0,,,,0,1,1,0,0,0,0,0,0,u:demo_user_616,1
demo_session_01694,demo_user_249,,2020-02-18 10:06:00,P2,search,3,1.0,0,1,1,4,3,0,0,0.0,,,0,0,0,0,0,1,1,0,0,u:demo_user_249,0
demo_session_01695,demo_user_1064,,2020-03-03 20:36:00,P3,search,2,1.0,1,0,0,1,1,0,0,,,,0,0,0,0,0,0,0,0,0,u:demo_user_1064,0
demo_session_01696,demo_user_731,,2020-01-16 03:09:00,P1,self,3,1.0,1,2,1,6,2,1,0,0.0,,,0,0,0,0,1,1,0,0,0,u:demo_user_731,0
demo_session_01697,demo_user_233,,2020-04-10 09:36:00,P4,search,5,2.0,1,0,1,2,0,0,0,,,,0,1,0,1,0,0,0,0,0,u:demo_user_233,0
demo_session_01698,demo_user_561,,2020-03-16 17:42:00,P3,self,5,0.0,0,3,0,1,1,0,0,,,,0,1,0,1,0,0,0,0,0,u:demo_user_561,1
demo_session_01699,0,demo_anon_1500,2020-03-02 09:16:00,P3,self,4,2.0,0,3,0,3,2,0,0,,,,0,1,0,1,0,0,0,0,1,a:demo_anon_1500,0
demo_session_01700,demo_user_414,,2020-03-14 10:12:00,P3,self,4,0.0,0,1,1,1,1,0,0,,,,0,0,0,1,0,0,0,0,0,u:demo_user_414,0
demo_session_01701,demo_user_278,,2020-03-11 09:36:00,P3,search,5,2.0,1,2,0,1,0,1,0,,,,1,1,1,1,0,0,0,0,0,u:demo_user_278,0
demo_session_01702,demo_user_1063,,2020-02-22 02:23:00,P2,search,5,0.0,1,1,0,0,0,0,0,0.0,,,0,1,1,0,0,0,0,0,0,u:demo_user_1063,0
demo_session_01703,demo_user_311,,2020-01-22 17:29:00,P1,self,4,0.0,1,3,0,0,0,0,0,0.0,,,0,1,0,0,0,0,0,0,0,u:demo_user_311,0
demo_session_01704,0,demo_anon_1435,2020-02-27 16:40:00,P2,feed,3,2.0,1,2,2,6,3,0,0,0.0,,,0,0,0,0,0,0,1,0,1,a:demo_anon_1435,0
demo_session_01705,0,demo_anon_1340,2020-04-06 23:34:00,P4,feed,5,0.0,1,1,0,1,0,0,0,,,,0,0,0,1,0,0,0,0,1,a:demo_anon_1340,0
demo_session_01706,demo_user_1534,,2020-01-07 10:18:00,P1,self,5,0.0,1,1,0,5,0,0,0,0.0,,,0,1,0,1,0,0,0,0,0,u:demo_user_1534,0
demo_session_01707,demo_user_1423,,2020-02-18 06:07:00,P2,search,4,0.0,1,0,1,2,0,0,0,1.0,,,0,1,0,0,0,0,0,0,0,u:demo_user_1423,0
demo_session_01708,0,demo_anon_380,2020-04-08 12:02:00,P4,self,4,1.0,1,4,0,4,0,0,0,,,,0,1,1,0,0,0,0,0,1,a:demo_anon_380,0
demo_session_01709,0,demo_anon_330,2020-03-10 13:39:00,P3,feed,4,0.0,0,1,2,3,1,0,0,,,,0,1,1,0,0,0,0,0,1,a:demo_anon_330,1
demo_session_01710,demo_user_534,,2020-01-03 23:05:00,P1,self,5,3.0,0,3,0,4,1,0,0,1.0,,,1,0,0,0,0,0,0,0,0,u:demo_user_534,0
demo_session_01711,demo_user_732,,2020-04-11 12:38:00,P4,self,4,3.0,0,3,1,1,1,0,0,,,,0,0,0,0,0,0,0,0,0,u:demo_user_732,0
demo_session_01712,demo_user_1372,,2020-01-07 10:18:00,P1,search,4,2.0,1,0,0,1,0,0,0,2.0,,,0,1,1,1,0,0,0,0,0,u:demo_user_1372,0
demo_session_01713,demo_user_1144,,2020-02-27 12:38:00,P2,self,5,0.0,1,1,0,2,0,0,0,0.0,,,0,0,1,0,0,0,0,0,0,u:demo_user_1144,1
demo_session_01714,0,demo_anon_1005,2020-01-14 16:40:00,P1,search,2,1.0,0,2,0,0,0,0,0,1.0,,,0,0,0,0,1,0,0,0,1,a:demo_anon_1005,0
demo_session_01715,0,demo_anon_1370,2020-02-02 22:27:00,P2,search,5,1.0,1,1,0,3,1,0,0,0.0,,,0,1,0,0,0,0,0,0,1,a:demo_anon_1370,0
demo_session_01716,demo_user_1007,,2020-02-17 05:15:00,P2,self,4,2.0,1,1,0,2,0,0,0,1.0,,,0,0,1,0,0,0,0,0,0,u:demo_user_1007,0
demo_session_01717,demo_user_591,,2020-02-01 20:22:00,P2,search,5,2.0,0,0,1,2,0,1,0,0.0,,,0,0,0,0,0,0,0,0,0,u:demo_user_591,0
demo_session_01718,demo_user_644,,2020-04-15 01:55:00,P4,feed,4,0.0,1,1,0,3,3,0,0,,,,0,1,1,0,0,0,0,0,0,u:demo_user_644,0
demo_session_01719,demo_user_806,,2020-03-08 23:01:00,P3,search,4,3.0,1,1,1,2,0,0,0,,,,0,1,0,0,0,0,0,0,0,u:demo_user_806,0
demo_session_01720,demo_user_138,,2020-02-13 08:31:00,P2,search,5,2.0,0,1,0,2,0,0,0,0.0,,,0,1,0,0,0,0,0,0,0,u:demo_user_138,0
demo_session_01721,demo_user_1157,,2020-02-04 22:40:00,P2,self,3,1.0,1,1,1,6,2,0,0,0.0,,,0,0,0,0,0,1,1,0,0,u:demo_user_1157,0
demo_session_01722,demo_user_1018,,2020-02-29 17:16:00,P2,self,3,0.0,1,1,1,0,0,1,0,1.0,,0.0,0,0,0,0,0,0,1,0,0,u:demo_user_1018,0
demo_session_01723,0,demo_anon_1140,2020-02-10 15:01:00,P2,feed,4,2.0,0,2,0,4,1,0,0,1.0,,,0,0,1,0,0,0,0,0,1,a:demo_anon_1140,0
demo_session_01724,demo_user_832,,2020-04-06 18:16:00,P4,search,5,2.0,1,1,1,2,0,0,0,,,,0,1,1,0,0,0,0,0,0,u:demo_user_832,0
demo_session_01725,demo_user_1221,,2020-01-29 04:14:00,P1,search,5,0.0,0,1,0,4,2,0,0,0.0,,,0,0,0,0,0,0,0,0,0,u:demo_user_1221,1
demo_session_01726,demo_user_1481,,2020-03-23 18:42:00,P3,feed,2,0.0,1,0,0,0,0,0,0,,,,0,0,0,0,0,0,0,0,0,u:demo_user_1481,0
demo_session_01727,demo_user_889,,2020-02-23 13:18:00,P2,self,5,0.0,1,2,0,0,0,0,0,1.0,,3.0,0,1,1,0,0,0,0,0,0,u:demo_user_889,0
demo_session_01728,demo_user_693,,2020-02-01 15:45:00,P2,search,2,0.0,0,1,0,0,0,0,0,0.0,,,0,0,0,0,1,0,1,0,0,u:demo_user_693,1
demo_session_01729,demo_user_163,,2020-02-25 22:19:00,P2,self,4,1.0,1,0,1,1,0,0,0,1.0,,,0,1,0,0,0,0,0,0,0,u:demo_user_163,0
demo_session_01730,demo_user_1214,,2020-01-15 08:34:00,P1,self,5,3.0,1,2,0,1,0,0,0,0.0,,,1,0,1,0,0,0,0,0,0,u:demo_user_1214,0
demo_session_01731,0,demo_anon_1410,2020-03-04 02:39:00,P3,search,4,0.0,0,0,0,0,0,0,0,,,,0,1,0,1,0,0,0,0,1,a:demo_anon_1410,0
demo_session_01732,demo_user_1091,,2020-03-27 01:26:00,P3,self,4,2.0,1,3,0,4,3,0,0,,,,1,0,1,0,0,0,0,0,0,u:demo_user_1091,0
demo_session_01733,0,demo_anon_1350,2020-03-12 03:25:00,P3,feed,5,2.0,0,1,0,1,0,1,0,,,,0,0,0,1,0,0,0,0,1,a:demo_anon_1350,0
demo_session_01734,demo_user_1343,,2020-01-02 19:56:00,P1,self,5,1.0,1,1,0,2,1,0,0,0.0,,,1,0,0,0,0,0,0,0,0,u:demo_user_1343,0
demo_session_01735,0,demo_anon_1245,2020-03-11 13:09:00,P3,feed,5,2.0,0,0,1,2,0,0,0,,,,0,0,0,0,0,0,0,0,1,a:demo_anon_1245,0
demo_session_01736,demo_user_784,,2020-01-04 01:33:00,P1,search,4,2.0,1,1,0,0,0,0,0,0.0,,,0,1,0,1,0,0,0,0,0,u:demo_user_784,0
demo_session_01737,0,demo_anon_155,2020-02-14 01:41:00,P2,search,4,0.0,1,1,1,2,0,0,0,1.0,,,1,1,1,0,0,0,0,0,1,a:demo_anon_155,0
demo_session_01738,0,demo_anon_5,2020-03-17 04:23:00,P3,feed,3,3.0,1,0,0,0,0,0,0,,,1.0,0,0,0,0,0,0,0,0,1,a:demo_anon_5,0
demo_session_01739,demo_user_318,,2020-04-18 01:57:00,P4,search,4,2.0,0,2,1,4,3,0,0,,,,0,0,0,1,0,0,0,0,0,u:demo_user_318,0
demo_session_01740,demo_user_672,,2020-04-27 04:26:00,P4,self,4,0.0,0,2,0,3,2,0,0,,,,0,1,1,1,0,0,0,0,0,u:demo_user_672,0
demo_session_01741,0,demo_anon_1160,2020-03-02 09:34:00,P3,self,3,0.0,1,2,0,3,0,0,0,,,,0,0,0,0,0,0,1,0,1,a:demo_anon_1160,0
demo_session_01742,demo_user_711,,2020-01-26 14:03:00,P1,self,5,3.0,0,3,0,3,1,0,0,0.0,,,0,0,0,0,0,0,0,0,0,u:demo_user_711,0
demo_session_01743,demo_user_36,,2020-04-09 20:29:00,P4,feed,3,2.0,0,0,1,2,0,0,0,,,,0,0,0,0,0,0,1,0,0,u:demo_user_36,0
demo_session_01744,demo_user_328,,2020-02-12 16:43:00,P2,search,4,2.0,1,0,1,3,1,0,0,0.0,,,0,1,0,0,0,0,0,0,0,u:demo_user_328,0
demo_session_01745,demo_user_1527,,2020-03-07 21:15:00,P3,self,4,0.0,0,3,1,4,1,0,0,,,,0,1,1,0,0,0,0,0,0,u:demo_user_1527,0
demo_session_01746,demo_user_1541,,2020-01-24 18:42:00,P1,self,5,1.0,1,5,0,4,3,0,0,0.0,,,0,1,1,0,0,0,0,0,0,u:demo_user_1541,0
demo_session_01747,demo_user_588,,2020-02-14 11:21:00,P2,search,5,3.0,0,2,0,2,0,0,0,3.0,,,0,1,1,0,0,0,0,0,0,u:demo_user_588,0
demo_session_01748,0,demo_anon_1255,2020-02-27 13:30:00,P2,search,4,1.0,1,0,0,3,1,1,0,1.0,,,0,0,1,0,0,0,0,0,1,a:demo_anon_1255,0
demo_session_01749,demo_user_1122,,2020-03-29 15:18:00,P3,self,5,0.0,0,1,0,2,2,0,0,,,,0,1,1,1,0,0,0,0,0,u:demo_user_1122,1
demo_session_01750,demo_user_1452,,2020-04-17 23:20:00,P4,search,4,0.0,0,0,1,1,1,0,0,,,,0,1,0,0,0,0,0,0,0,u:demo_user_1452,1
demo_session_01751,demo_user_1384,,2020-01-22 05:38:00,P1,search,5,3.0,1,0,0,0,0,0,0,0.0,,,0,0,0,0,0,0,0,0,0,u:demo_user_1384,0
demo_session_01752,0,demo_anon_980,2020-03-08 02:36:00,P3,search,5,3.0,1,1,0,2,0,0,0,,,,0,1,1,0,0,0,0,0,1,a:demo_anon_980,0
demo_session_01753,0,demo_anon_615,2020-04-26 08:40:00,P4,self,5,1.0,0,3,1,1,0,1,0,,,,0,1,1,0,0,0,0,0,1,a:demo_anon_615,0
demo_session_01754,demo_user_977,,2020-01-02 23:35:00,P1,search,5,2.0,1,2,2,3,2,0,0,1.0,,,0,1,0,0,0,0,0,0,0,u:demo_user_977,0
demo_session_01755,demo_user_497,,2020-03-09 16:13:00,P3,self,4,2.0,1,0,1,1,1,1,0,,,-0.0,1,0,1,0,0,0,0,0,0,u:demo_user_497,0
demo_session_01756,demo_user_543,,2020-04-02 03:00:00,P4,self,2,0.0,0,3,0,3,1,0,0,,,,0,0,0,0,0,0,1,0,0,u:demo_user_543,0
demo_session_01757,demo_user_949,,2020-01-13 11:59:00,P1,search,4,3.0,1,2,0,3,1,0,0,0.0,,,0,1,0,0,0,0,0,0,0,u:demo_user_949,0
demo_session_01758,demo_user_891,,2020-03-21 04:19:00,P3,search,5,0.0,0,3,0,6,4,0,0,,,,0,0,0,0,0,0,0,0,0,u:demo_user_891,1
demo_session_01759,demo_user_906,,2020-02-20 13:30:00,P2,self,4,1.0,0,2,2,1,0,0,0,1.0,,,0,1,1,0,0,0,0,0,0,u:demo_user_906,0
demo_session_01760,0,demo_anon_600,2020-03-13 03:19:00,P3,feed,5,3.0,0,1,0,0,0,1,0,,,,1,1,0,0,0,0,0,0,1,a:demo_anon_600,0
demo_session_01761,demo_user_638,,2020-03-26 12:06:00,P3,self,4,0.0,1,1,0,3,0,0,0,,,,0,1,1,1,0,0,0,0,0,u:demo_user_638,1
demo_session_01762,0,demo_anon_15,2020-01-18 07:44:00,P1,search,3,1.0,0,2,0,4,1,0,0,1.0,,,0,0,0,0,1,0,0,1,1,a:demo_anon_15,0
demo_session_01763,demo_user_938,,2020-01-09 04:09:00,P1,feed,4,3.0,1,0,1,1,1,0,0,0.0,,,1,0,1,0,0,0,0,0,0,u:demo_user_938,0
demo_session_01764,demo_user_898,,2020-02-07 23:05:00,P2,search,5,2.0,1,0,1,1,0,0,0,0.0,,,0,1,0,0,0,0,0,0,0,u:demo_user_898,0
demo_session_01765,demo_user_1459,,2020-02-01 08:46:00,P2,feed,5,1.0,1,3,1,2,0,0,0,1.0,,,0,1,0,0,0,0,0,0,0,u:demo_user_1459,0
demo_session_01766,demo_user_786,,2020-02-04 15:34:00,P2,search,4,3.0,0,1,0,2,1,0,0,0.0,,,0,1,1,0,0,0,0,0,0,u:demo_user_786,0
demo_session_01767,demo_user_729,,2020-04-20 22:11:00,P4,search,3,3.0,0,1,1,0,0,0,0,,,,0,0,0,0,0,0,1,0,0,u:demo_user_729,0
demo_session_01768,0,demo_anon_105,2020-03-23 11:58:00,P3,search,4,0.0,0,0,0,1,0,0,0,,,,0,1,1,1,0,0,0,0,1,a:demo_anon_105,0
demo_session_01769,demo_user_306,,2020-02-12 17:51:00,P2,search,5,2.0,0,1,1,1,1,0,0,0.0,,,0,0,0,1,0,0,0,0,0,u:demo_user_306,0
demo_session_01770,demo_user_527,,2020-03-13 15:46:00,P3,self,4,1.0,1,2,0,2,0,0,0,,,,1,0,1,0,0,0,0,0,0,u:demo_user_527,0
demo_session_01771,demo_user_588,,2020-01-20 02:23:00,P1,search,5,3.0,0,0,0,5,2,0,0,1.0,,,0,0,1,0,0,0,0,0,0,u:demo_user_588,0
demo_session_01772,0,demo_anon_565,2020-01-22 23:05:00,P1,self,2,2.0,1,3,0,3,1,0,0,0.0,,,0,0,0,0,1,0,0,0,1,a:demo_anon_565,0
demo_session_01773,demo_user_614,,2020-01-12 19:20:00,P1,feed,5,1.0,1,1,1,0,0,0,0,0.0,,,0,1,1,0,0,0,0,0,0,u:demo_user_614,0
demo_session_01774,demo_user_1199,,2020-02-21 03:52:00,P2,self,5,0.0,1,2,0,1,0,1,0,0.0,,,0,1,1,1,0,0,0,0,0,u:demo_user_1199,1
demo_session_01775,demo_user_204,,2020-03-15 06:54:00,P3,self,3,3.0,0,2,0,1,0,0,0,,,,0,0,0,0,0,0,0,0,0,u:demo_user_204,0
demo_session_01776,demo_user_518,,2020-03-02 00:39:00,P3,feed,5,3.0,1,2,0,1,0,0,0,,,,0,1,0,0,0,0,0,0,0,u:demo_user_518,0
demo_session_01777,demo_user_254,,2020-03-07 23:25:00,P3,self,5,3.0,1,2,0,1,1,0,0,,,,0,1,1,1,0,0,0,0,0,u:demo_user_254,0
demo_session_01778,0,demo_anon_480,2020-01-20 13:41:00,P1,self,4,0.0,0,2,1,1,1,0,0,0.0,,,1,1,0,1,0,0,0,0,1,a:demo_anon_480,0
demo_session_01779,demo_user_1067,,2020-03-18 17:29:00,P3,search,3,0.0,1,0,1,1,0,0,0,,,,0,0,0,0,1,0,0,0,0,u:demo_user_1067,1
demo_session_01780,demo_user_72,,2020-03-07 07:49:00,P3,self,5,1.0,0,3,1,5,2,0,0,,,,0,1,0,0,0,0,0,0,0,u:demo_user_72,0
demo_session_01781,demo_user_529,,2020-04-24 23:08:00,P4,self,5,2.0,1,1,0,1,1,1,0,,,1.0,0,0,0,0,0,0,0,0,0,u:demo_user_529,0
demo_session_01782,demo_user_36,,2020-01-30 15:23:00,P1,search,5,2.0,0,0,1,1,0,0,0,0.0,,,1,1,0,0,0,0,0,0,0,u:demo_user_36,0
demo_session_01783,demo_user_1489,,2020-01-08 05:08:00,P1,self,2,3.0,1,0,0,3,2,0,0,0.0,,,0,0,0,0,0,1,1,0,0,u:demo_user_1489,0
demo_session_01784,demo_user_1134,,2020-02-24 14:48:00,P2,self,5,0.0,0,3,2,4,0,0,0,0.0,,,1,0,1,0,0,0,0,0,0,u:demo_user_1134,0
demo_session_01785,0,demo_anon_380,2020-01-24 17:17:00,P1,self,5,1.0,1,1,1,1,0,0,0,0.0,,,0,0,0,0,0,0,0,0,1,a:demo_anon_380,0
demo_session_01786,demo_user_309,,2020-01-21 23:39:00,P1,self,5,3.0,0,2,1,2,1,0,0,0.0,,,1,1,0,1,0,0,0,0,0,u:demo_user_309,0
demo_session_01787,demo_user_154,,2020-01-29 01:24:00,P1,self,2,0.0,1,2,0,2,0,0,0,0.0,,,0,0,0,0,0,0,1,1,0,u:demo_user_154,1
demo_session_01788,demo_user_737,,2020-03-22 14:14:00,P3,self,3,0.0,1,1,0,1,1,0,0,,,,0,0,0,0,1,0,0,0,0,u:demo_user_737,1
demo_session_01789,0,demo_anon_1175,2020-02-21 06:00:00,P2,search,2,2.0,1,0,2,3,1,0,0,0.0,,,0,0,0,0,1,1,0,0,1,a:demo_anon_1175,0
demo_session_01790,demo_user_911,,2020-04-14 21:33:00,P4,search,2,1.0,1,0,0,0,0,0,0,,,,0,0,0,0,1,0,1,0,0,u:demo_user_911,0
demo_session_01791,demo_user_1374,,2020-01-15 12:33:00,P1,self,5,1.0,0,3,0,0,0,0,0,0.0,,,1,0,0,0,0,0,0,0,0,u:demo_user_1374,0
demo_session_01792,demo_user_536,,2020-04-21 19:56:00,P4,self,5,3.0,1,3,0,6,3,0,0,,,,0,1,0,1,0,0,0,0,0,u:demo_user_536,0
demo_session_01793,demo_user_433,,2020-02-19 04:25:00,P2,feed,3,2.0,1,3,1,5,2,0,0,0.0,,,0,0,0,0,1,0,0,0,0,u:demo_user_433,0
demo_session_01794,0,demo_anon_745,2020-03-05 01:19:00,P3,search,3,2.0,1,1,2,2,1,0,0,,,,0,0,0,0,0,0,0,0,1,a:demo_anon_745,0
demo_session_01795,0,demo_anon_315,2020-04-07 22:38:00,P4,search,5,1.0,0,2,0,1,1,0,0,,,,0,1,1,1,0,0,0,0,1,a:demo_anon_315,0
demo_session_01796,demo_user_1522,,2020-02-28 23:54:00,P2,search,3,1.0,1,3,3,3,1,0,0,1.0,,,0,0,0,0,0,0,1,0,0,u:demo_user_1522,0
demo_session_01797,demo_user_289,,2020-01-20 15:20:00,P1,self,5,3.0,1,0,0,0,0,0,0,0.0,,,0,1,0,0,0,0,0,0,0,u:demo_user_289,0
demo_session_01798,demo_user_747,,2020-01-29 20:51:00,P1,feed,4,3.0,0,0,1,0,0,1,0,0.0,,,0,0,0,0,0,0,0,0,0,u:demo_user_747,0
demo_session_01799,demo_user_814,,2020-04-19 23:45:00,P4,feed,4,0.0,1,0,1,1,1,0,0,,,,0,0,0,0,0,0,0,0,0,u:demo_user_814,1
demo_session_01800,demo_user_88,,2020-01-09 08:56:00,P1,feed,5,0.0,1,1,0,3,1,0,0,1.0,,,1,1,0,0,0,0,0,0,0,u:demo_user_88,1
demo_session_01801,0,demo_anon_730,2020-04-19 08:24:00,P4,self,4,1.0,1,3,0,2,0,0,0,,,,0,0,1,0,0,0,0,0,1,a:demo_anon_730,0
demo_session_01802,demo_user_709,,2020-03-22 00:12:00,P3,self,4,0.0,1,3,0,1,0,0,0,,,,0,1,0,1,0,0,0,0,0,u:demo_user_709,0
demo_session_01803,demo_user_404,,2020-03-02 13:24:00,P3,self,5,0.0,1,1,1,3,1,0,0,,,,0,1,0,0,0,0,0,0,0,u:demo_user_404,0
demo_session_01804,demo_user_199,,2020-02-07 22:12:00,P2,self,4,1.0,1,2,0,2,0,0,0,0.0,,,0,0,0,1,0,0,0,0,0,u:demo_user_199,0
demo_session_01805,0,demo_anon_70,2020-04-13 05:15:00,P4,self,2,3.0,1,1,2,1,0,0,0,,,,0,0,0,0,0,0,1,0,1,a:demo_anon_70,0
demo_session_01806,demo_user_13,,2020-01-04 21:44:00,P1,search,3,2.0,1,2,1,1,0,0,0,0.0,,,0,0,0,0,0,0,0,0,0,u:demo_user_13,0
demo_session_01807,demo_user_751,,2020-03-26 09:07:00,P3,self,2,0.0,1,1,2,3,0,0,0,,,,0,0,0,0,1,0,0,1,0,u:demo_user_751,0
demo_session_01808,0,demo_anon_140,2020-01-26 04:17:00,P1,feed,5,1.0,1,2,0,3,2,0,0,2.0,,,0,0,0,0,0,0,0,0,1,a:demo_anon_140,0
demo_session_01809,demo_user_1496,,2020-02-12 19:24:00,P2,self,5,0.0,1,1,0,0,0,0,0,0.0,,,0,1,0,0,0,0,0,0,0,u:demo_user_1496,1
demo_session_01810,demo_user_381,,2020-01-08 15:54:00,P1,self,5,3.0,0,2,1,3,2,0,0,0.0,,,1,1,0,1,0,0,0,0,0,u:demo_user_381,0
demo_session_01811,demo_user_1017,,2020-03-08 09:50:00,P3,feed,4,3.0,0,1,0,0,0,0,0,,,,1,1,1,0,0,0,0,0,0,u:demo_user_1017,0
demo_session_01812,0,demo_anon_1050,2020-01-18 16:50:00,P1,search,4,1.0,0,1,1,2,0,0,0,0.0,,,0,0,0,0,0,0,0,0,1,a:demo_anon_1050,0
demo_session_01813,demo_user_772,,2020-01-14 23:51:00,P1,self,4,1.0,1,3,1,6,4,0,0,0.0,,,0,1,0,0,0,0,0,0,0,u:demo_user_772,0
demo_session_01814,demo_user_1378,,2020-02-09 10:51:00,P2,search,4,3.0,1,1,0,1,1,0,0,1.0,,,1,1,1,0,0,0,0,0,0,u:demo_user_1378,0
demo_session_01815,demo_user_172,,2020-02-29 11:47:00,P2,self,4,2.0,1,1,0,0,0,0,0,0.0,,,0,0,0,0,0,0,0,0,0,u:demo_user_172,0
demo_session_01816,0,demo_anon_365,2020-04-23 09:02:00,P4,self,5,2.0,1,4,1,4,2,0,0,,,,0,0,0,0,0,0,0,0,1,a:demo_anon_365,0
demo_session_01817,demo_user_393,,2020-04-09 14:20:00,P4,search,5,2.0,0,0,0,0,0,0,0,,,,0,1,1,0,0,0,0,0,0,u:demo_user_393,0
demo_session_01818,demo_user_211,,2020-02-18 01:25:00,P2,self,4,3.0,1,3,1,5,0,1,0,3.0,,,0,1,0,0,0,0,0,0,0,u:demo_user_211,0
demo_session_01819,demo_user_459,,2020-03-11 05:29:00,P3,search,5,1.0,0,1,0,0,0,0,0,,,,0,0,1,0,0,0,0,0,0,u:demo_user_459,0
demo_session_01820,demo_user_487,,2020-04-02 09:46:00,P4,self,4,0.0,1,1,1,1,0,1,0,,,,0,0,1,1,0,0,0,0,0,u:demo_user_487,0
demo_session_01821,demo_user_1193,,2020-02-15 20:14:00,P2,search,4,2.0,1,0,1,0,0,0,0,0.0,,,0,0,0,1,0,0,0,0,0,u:demo_user_1193,0
demo_session_01822,0,demo_anon_470,2020-04-02 03:43:00,P4,search,4,1.0,1,0,0,0,0,0,0,,,,0,1,1,0,0,0,0,0,1,a:demo_anon_470,0
demo_session_01823,demo_user_1367,,2020-03-20 15:03:00,P3,self,4,2.0,1,2,0,4,1,1,0,,,,1,1,0,1,0,0,0,0,0,u:demo_user_1367,0
demo_session_01824,0,demo_anon_1205,2020-03-25 08:44:00,P3,self,5,0.0,1,2,0,2,1,0,0,,,,0,1,0,1,0,0,0,0,1,a:demo_anon_1205,0
demo_session_01825,demo_user_1406,,2020-04-27 05:20:00,P4,search,5,0.0,1,0,0,0,0,0,0,,,,1,0,1,0,0,0,0,0,0,u:demo_user_1406,0
demo_session_01826,demo_user_164,,2020-02-15 04:30:00,P2,search,3,1.0,1,1,1,2,1,0,0,2.0,,,0,0,0,0,1,0,1,0,0,u:demo_user_164,0
demo_session_01827,0,demo_anon_1535,2020-01-09 02:20:00,P1,search,5,3.0,1,1,1,0,0,1,0,0.0,,,0,0,0,0,0,0,0,0,1,a:demo_anon_1535,0
demo_session_01828,demo_user_957,,2020-03-05 08:48:00,P3,search,5,0.0,0,1,0,2,1,0,0,,,2.0,0,1,1,0,0,0,0,0,0,u:demo_user_957,1
demo_session_01829,demo_user_1532,,2020-02-09 15:26:00,P2,search,5,2.0,1,1,1,3,2,0,0,1.0,,,0,1,1,0,0,0,0,0,0,u:demo_user_1532,0
demo_session_01830,demo_user_553,,2020-01-08 01:45:00,P1,self,5,1.0,1,3,1,4,3,0,0,1.0,,,0,0,1,0,0,0,0,0,0,u:demo_user_553,0
demo_session_01831,demo_user_1486,,2020-01-19 17:06:00,P1,search,1,0.0,1,1,1,1,0,0,0,0.0,,,0,0,0,0,0,0,0,0,0,u:demo_user_1486,0
demo_session_01832,demo_user_918,,2020-03-05 00:55:00,P3,self,1,1.0,0,1,0,0,0,0,0,,,,0,0,0,0,0,0,1,0,0,u:demo_user_918,0
demo_session_01833,demo_user_112,,2020-04-24 20:00:00,P4,search,5,3.0,1,0,1,0,0,0,0,,,,0,0,0,0,0,0,0,0,0,u:demo_user_112,0
demo_session_01834,demo_user_639,,2020-02-10 14:44:00,P2,self,3,0.0,0,1,1,3,2,0,0,1.0,,,0,0,0,0,0,1,1,1,0,u:demo_user_639,0
demo_session_01835,demo_user_214,,2020-03-06 12:11:00,P3,self,2,0.0,1,2,0,1,1,0,0,,,,0,0,0,0,0,1,0,0,0,u:demo_user_214,0
demo_session_01836,demo_user_1468,,2020-01-22 06:24:00,P1,search,4,0.0,1,1,2,3,1,0,0,1.0,,,0,0,0,0,0,0,0,0,0,u:demo_user_1468,0
demo_session_01837,demo_user_474,,2020-01-16 13:26:00,P1,search,5,1.0,0,1,1,1,1,0,0,0.0,,0.0,1,1,1,0,0,0,0,0,0,u:demo_user_474,0
demo_session_01838,demo_user_346,,2020-04-03 21:05:00,P4,search,5,0.0,1,0,0,0,0,0,0,,,,1,0,0,0,0,0,0,0,0,u:demo_user_346,0
demo_session_01839,demo_user_862,,2020-03-14 11:02:00,P3,search,5,2.0,1,1,1,4,0,0,0,,,,0,1,0,1,0,0,0,0,0,u:demo_user_862,0
demo_session_01840,demo_user_663,,2020-01-23 17:52:00,P1,feed,5,0.0,0,2,0,3,0,0,0,0.0,,,0,1,0,1,0,0,0,0,0,u:demo_user_663,0
demo_session_01841,demo_user_151,,2020-03-01 01:12:00,P3,feed,3,1.0,1,1,2,2,2,0,0,,,,0,0,0,0,0,0,1,0,0,u:demo_user_151,0
demo_session_01842,demo_user_1273,,2020-03-10 14:51:00,P3,feed,4,0.0,1,0,1,0,0,0,0,,,,0,0,0,0,0,0,0,0,0,u:demo_user_1273,0
demo_session_01843,demo_user_1319,,2020-01-08 02:50:00,P1,search,5,1.0,1,1,0,0,0,0,0,1.0,,2.0,0,1,1,0,0,0,0,0,0,u:demo_user_1319,0
demo_session_01844,demo_user_1159,,2020-02-06 00:33:00,P2,search,4,1.0,1,1,0,2,1,0,0,1.0,,,0,0,1,0,0,0,0,0,0,u:demo_user_1159,0
demo_session_01845,demo_user_962,,2020-04-13 17:48:00,P4,search,4,0.0,1,1,1,1,0,0,0,,,,0,1,0,0,0,0,0,0,0,u:demo_user_962,0
demo_session_01846,demo_user_627,,2020-02-13 12:58:00,P2,search,5,0.0,0,0,0,0,0,0,0,1.0,,,0,0,0,1,0,0,0,0,0,u:demo_user_627,1
demo_session_01847,demo_user_846,,2020-03-26 02:29:00,P3,self,5,3.0,0,4,1,1,1,0,0,,,,0,1,0,1,0,0,0,0,0,u:demo_user_846,0
demo_session_01848,demo_user_812,,2020-03-13 15:20:00,P3,search,5,1.0,1,2,0,3,1,1,0,,,,0,1,0,1,0,0,0,0,0,u:demo_user_812,0
demo_session_01849,demo_user_257,,2020-01-01 15:05:00,P1,self,4,1.0,1,1,0,0,0,0,0,0.0,,,0,1,1,0,0,0,0,0,0,u:demo_user_257,0
demo_session_01850,demo_user_127,,2020-04-23 17:21:00,P4,self,5,3.0,1,1,1,1,0,1,0,,,,0,0,0,0,0,0,0,0,0,u:demo_user_127,0
demo_session_01851,0,demo_anon_395,2020-04-25 03:51:00,P4,feed,4,3.0,1,0,1,3,0,0,0,,,,0,0,0,1,0,0,0,0,1,a:demo_anon_395,0
demo_session_01852,demo_user_708,,2020-03-21 04:47:00,P3,self,3,3.0,0,2,0,2,1,0,0,,,,0,0,0,0,1,0,0,1,0,u:demo_user_708,0
demo_session_01853,0,demo_anon_250,2020-01-20 02:41:00,P1,search,5,3.0,1,3,1,3,0,0,0,0.0,,,1,1,0,0,0,0,0,0,1,a:demo_anon_250,0
demo_session_01854,demo_user_166,,2020-04-11 08:05:00,P4,search,4,3.0,1,1,0,1,0,0,0,,,,0,1,1,0,0,0,0,0,0,u:demo_user_166,0
demo_session_01855,demo_user_1329,,2020-01-01 00:45:00,P1,self,5,2.0,0,3,0,4,2,0,0,0.0,,,0,1,0,0,0,0,0,0,0,u:demo_user_1329,0
demo_session_01856,demo_user_584,,2020-03-02 04:40:00,P3,feed,5,2.0,1,1,0,1,0,0,0,,,,0,1,0,1,0,0,0,0,0,u:demo_user_584,0
demo_session_01857,demo_user_911,,2020-02-21 06:32:00,P2,self,4,1.0,1,2,0,1,0,0,0,1.0,,,0,0,0,1,0,0,0,0,0,u:demo_user_911,0
demo_session_01858,demo_user_817,,2020-03-24 17:06:00,P3,feed,5,1.0,1,2,1,4,0,0,0,,,,0,1,0,1,0,0,0,0,0,u:demo_user_817,0
demo_session_01859,demo_user_1146,,2020-01-17 21:27:00,P1,search,5,1.0,0,0,1,1,0,0,0,0.0,,,0,1,0,0,0,0,0,0,0,u:demo_user_1146,0
demo_session_01860,demo_user_1154,,2020-04-15 01:04:00,P4,self,4,1.0,1,1,1,1,0,0,0,,,,1,0,0,0,0,0,0,0,0,u:demo_user_1154,0
demo_session_01861,demo_user_461,,2020-03-09 10:01:00,P3,self,4,3.0,1,1,1,3,1,0,0,,,,0,1,1,1,0,0,0,0,0,u:demo_user_461,0
demo_session_01862,demo_user_1322,,2020-02-01 05:54:00,P2,self,5,3.0,1,3,1,2,0,1,0,0.0,,,0,1,1,1,0,0,0,0,0,u:demo_user_1322,0
demo_session_01863,demo_user_579,,2020-02-07 08:55:00,P2,self,5,1.0,0,1,1,2,0,1,0,1.0,,,1,0,1,1,0,0,0,0,0,u:demo_user_579,0
demo_session_01864,demo_user_1302,,2020-03-23 08:51:00,P3,self,5,0.0,0,2,1,5,0,1,0,,,,1,0,0,0,0,0,0,0,0,u:demo_user_1302,0
demo_session_01865,demo_user_631,,2020-01-23 05:18:00,P1,feed,4,1.0,1,3,2,6,1,1,0,0.0,,,0,1,0,0,0,0,0,0,0,u:demo_user_631,0
demo_session_01866,demo_user_173,,2020-02-05 14:35:00,P2,self,1,1.0,1,0,0,4,1,0,0,1.0,,,0,0,0,0,0,1,0,1,0,u:demo_user_173,0
demo_session_01867,0,demo_anon_1185,2020-04-28 05:47:00,P4,feed,2,0.0,0,1,0,4,0,0,0,,,,0,0,0,0,0,0,1,0,1,a:demo_anon_1185,0
demo_session_01868,demo_user_47,,2020-04-15 14:10:00,P4,self,5,2.0,1,2,1,3,0,0,0,,,-0.0,0,1,0,0,0,0,0,0,0,u:demo_user_47,0
demo_session_01869,demo_user_1204,,2020-02-09 22:15:00,P2,feed,5,3.0,1,1,0,0,0,1,0,0.0,,,0,1,1,0,0,0,0,0,0,u:demo_user_1204,0
demo_session_01870,demo_user_67,,2020-03-07 16:11:00,P3,self,3,2.0,1,5,0,4,0,0,0,,,,0,0,0,0,1,0,0,0,0,u:demo_user_67,0
demo_session_01871,demo_user_322,,2020-02-19 18:25:00,P2,search,5,0.0,1,3,0,6,3,0,0,1.0,,,0,0,0,0,0,0,0,0,0,u:demo_user_322,0
demo_session_01872,demo_user_941,,2020-01-25 02:07:00,P1,search,4,1.0,1,0,0,2,1,0,0,1.0,,,1,1,1,0,0,0,0,0,0,u:demo_user_941,0
demo_session_01873,demo_user_1468,,2020-02-05 07:24:00,P2,self,5,0.0,1,2,0,2,1,0,0,0.0,,,0,1,1,0,0,0,0,0,0,u:demo_user_1468,0
demo_session_01874,demo_user_637,,2020-01-13 23:27:00,P1,feed,4,0.0,1,0,0,0,0,0,0,0.0,,,0,0,0,1,0,0,0,0,0,u:demo_user_637,0
demo_session_01875,demo_user_188,,2020-04-10 10:31:00,P4,self,5,3.0,1,1,1,3,1,1,0,,,,1,1,1,0,0,0,0,0,0,u:demo_user_188,0
demo_session_01876,demo_user_363,,2020-01-30 13:06:00,P1,search,5,0.0,0,1,0,1,0,1,0,0.0,,,0,1,0,1,0,0,0,0,0,u:demo_user_363,1
demo_session_01877,demo_user_1397,,2020-01-24 14:44:00,P1,search,5,0.0,1,0,0,0,0,0,0,1.0,,,0,0,0,1,0,0,0,0,0,u:demo_user_1397,1
demo_session_01878,demo_user_1133,,2020-03-17 13:24:00,P3,search,4,0.0,1,0,0,0,0,0,0,,,,1,0,1,0,0,0,0,0,0,u:demo_user_1133,1
demo_session_01879,demo_user_156,,2020-01-16 07:39:00,P1,self,4,3.0,0,2,0,2,0,0,0,2.0,,,0,1,0,0,0,0,0,0,0,u:demo_user_156,0
demo_session_01880,0,demo_anon_600,2020-04-24 17:56:00,P4,self,4,3.0,0,0,0,0,0,0,0,,,,0,0,1,0,0,0,0,0,1,a:demo_anon_600,0
demo_session_01881,demo_user_412,,2020-04-15 18:35:00,P4,self,1,0.0,1,1,0,1,0,0,0,,,,0,0,0,0,0,0,0,1,0,u:demo_user_412,0
demo_session_01882,demo_user_277,,2020-02-19 12:49:00,P2,self,4,3.0,1,1,1,0,0,0,0,0.0,,,0,1,1,0,0,0,0,0,0,u:demo_user_277,0
demo_session_01883,0,demo_anon_1320,2020-01-23 00:04:00,P1,self,5,0.0,0,2,0,4,1,0,0,1.0,,,1,1,0,0,0,0,0,0,1,a:demo_anon_1320,1
demo_session_01884,demo_user_963,,2020-01-17 19:34:00,P1,feed,4,3.0,0,0,0,2,0,0,0,1.0,,,0,0,0,0,0,0,0,0,0,u:demo_user_963,0
demo_session_01885,0,demo_anon_280,2020-04-12 22:51:00,P4,search,3,0.0,1,0,0,0,0,0,0,,,,0,0,0,0,0,0,0,1,1,a:demo_anon_280,0
demo_session_01886,0,demo_anon_1015,2020-02-22 21:57:00,P2,search,1,1.0,1,0,0,0,0,0,0,0.0,,,0,0,0,0,0,0,0,0,1,a:demo_anon_1015,0
demo_session_01887,0,demo_anon_645,2020-03-10 09:09:00,P3,self,4,3.0,0,0,0,0,0,0,0,,,,0,1,0,0,0,0,0,0,1,a:demo_anon_645,0
demo_session_01888,0,demo_anon_95,2020-01-15 21:21:00,P1,self,2,0.0,1,0,0,0,0,0,0,0.0,,,0,0,0,0,1,0,0,1,1,a:demo_anon_95,0
demo_session_01889,demo_user_701,,2020-04-08 19:18:00,P4,search,5,0.0,1,1,0,1,0,0,0,,,,0,0,0,1,0,0,0,0,0,u:demo_user_701,0
demo_session_01890,demo_user_288,,2020-03-03 02:56:00,P3,self,5,2.0,0,1,1,3,2,1,0,,,,1,1,0,0,0,0,0,0,0,u:demo_user_288,0
demo_session_01891,demo_user_382,,2020-01-09 10:03:00,P1,self,5,3.0,1,5,0,2,1,0,0,2.0,,,0,1,0,1,0,0,0,0,0,u:demo_user_382,0
demo_session_01892,demo_user_1371,,2020-01-10 03:11:00,P1,search,4,1.0,0,2,0,1,0,0,0,0.0,,,0,1,0,0,0,0,0,0,0,u:demo_user_1371,0
demo_session_01893,demo_user_1107,,2020-04-25 15:13:00,P4,search,5,3.0,0,1,0,1,1,1,0,,,,0,0,0,0,0,0,0,0,0,u:demo_user_1107,0
demo_session_01894,demo_user_209,,2020-01-07 19:44:00,P1,feed,5,0.0,1,0,1,1,0,0,0,0.0,,2.0,1,1,1,1,0,0,0,0,0,u:demo_user_209,1
demo_session_01895,demo_user_1328,,2020-02-05 23:18:00,P2,self,4,1.0,1,1,0,1,0,0,0,0.0,,,0,1,1,0,0,0,0,0,0,u:demo_user_1328,0
demo_session_01896,0,demo_anon_895,2020-01-02 12:58:00,P1,search,5,3.0,1,2,1,1,0,0,0,1.0,,,0,1,0,0,0,0,0,0,1,a:demo_anon_895,0
demo_session_01897,demo_user_1364,,2020-01-08 00:50:00,P1,self,3,0.0,1,2,0,3,2,0,0,1.0,,,0,0,0,0,0,0,0,0,0,u:demo_user_1364,1
demo_session_01898,0,demo_anon_1165,2020-04-07 12:35:00,P4,self,4,1.0,1,1,2,6,1,0,0,,,,0,1,0,0,0,0,0,0,1,a:demo_anon_1165,0
demo_session_01899,demo_user_529,,2020-04-01 18:52:00,P4,search,5,2.0,1,2,1,1,1,0,0,,,,0,1,0,0,0,0,0,0,0,u:demo_user_529,0
demo_session_01900,demo_user_834,,2020-02-09 17:22:00,P2,self,4,2.0,0,2,1,3,1,1,0,1.0,,,0,1,0,1,0,0,0,0,0,u:demo_user_834,0
demo_session_01901,demo_user_828,,2020-01-22 09:56:00,P1,search,5,2.0,0,0,1,1,0,0,0,1.0,,,0,1,0,0,0,0,0,0,0,u:demo_user_828,0
demo_session_01902,demo_user_1123,,2020-01-30 20:28:00,P1,search,4,0.0,1,1,0,2,0,0,0,0.0,,,1,1,1,1,0,0,0,0,0,u:demo_user_1123,0
demo_session_01903,demo_user_387,,2020-02-12 03:12:00,P2,self,4,0.0,0,0,0,0,0,0,0,2.0,,,0,1,1,1,0,0,0,0,0,u:demo_user_387,0
demo_session_01904,demo_user_519,,2020-04-03 04:44:00,P4,feed,4,1.0,0,1,1,0,0,0,0,,,,0,1,1,0,0,0,0,0,0,u:demo_user_519,0
demo_session_01905,demo_user_381,,2020-03-12 08:36:00,P3,search,5,3.0,0,1,2,2,0,0,0,,,,0,1,0,1,0,0,0,0,0,u:demo_user_381,0
demo_session_01906,demo_user_461,,2020-02-23 07:02:00,P2,search,5,3.0,1,1,1,3,1,1,0,1.0,,,0,0,0,0,0,0,0,0,0,u:demo_user_461,0
demo_session_01907,demo_user_251,,2020-01-09 05:36:00,P1,search,4,3.0,1,2,1,4,1,0,0,2.0,,,0,1,0,1,0,0,0,0,0,u:demo_user_251,0
demo_session_01908,demo_user_57,,2020-01-14 20:44:00,P1,feed,4,3.0,0,2,0,1,0,0,0,1.0,,,0,1,1,0,0,0,0,0,0,u:demo_user_57,0
demo_session_01909,demo_user_1466,,2020-01-25 05:34:00,P1,self,5,2.0,1,3,0,5,0,0,0,0.0,,,1,1,1,1,0,0,0,0,0,u:demo_user_1466,0
demo_session_01910,0,demo_anon_115,2020-01-26 11:02:00,P1,search,5,3.0,1,1,2,2,1,0,0,1.0,,,0,0,0,0,0,0,0,0,1,a:demo_anon_115,0
demo_session_01911,0,demo_anon_1385,2020-02-28 16:31:00,P2,search,5,2.0,1,1,0,1,1,0,0,0.0,,,0,0,0,0,0,0,0,0,1,a:demo_anon_1385,0
demo_session_01912,demo_user_4,,2020-04-13 12:53:00,P4,self,4,1.0,1,0,0,4,1,0,0,,,,0,0,0,1,0,0,0,0,0,u:demo_user_4,0
demo_session_01913,demo_user_1212,,2020-02-20 15:04:00,P2,self,5,2.0,0,2,2,4,1,0,0,0.0,,,0,0,0,1,0,0,0,0,0,u:demo_user_1212,0
demo_session_01914,demo_user_512,,2020-02-09 11:25:00,P2,feed,5,1.0,1,1,1,1,0,0,0,0.0,,,0,1,0,0,0,0,0,0,0,u:demo_user_512,0
demo_session_01915,demo_user_807,,2020-03-07 21:48:00,P3,search,4,3.0,0,1,1,3,1,0,0,,,,0,1,0,0,0,0,0,0,0,u:demo_user_807,0
demo_session_01916,0,demo_anon_440,2020-01-10 02:51:00,P1,search,5,0.0,1,0,2,3,0,0,0,1.0,,,1,1,1,0,0,0,0,0,1,a:demo_anon_440,1
demo_session_01917,0,demo_anon_765,2020-03-28 10:27:00,P3,search,3,1.0,0,2,0,1,1,0,0,,,,0,0,0,0,0,0,0,0,1,a:demo_anon_765,0
demo_session_01918,demo_user_704,,2020-01-07 15:54:00,P1,feed,5,0.0,1,0,0,1,0,1,0,1.0,,,1,0,1,0,0,0,0,0,0,u:demo_user_704,1
demo_session_01919,demo_user_826,,2020-02-12 08:37:00,P2,feed,5,2.0,1,2,1,5,0,1,0,2.0,,,0,1,0,1,0,0,0,0,0,u:demo_user_826,0
demo_session_01920,demo_user_613,,2020-04-24 08:23:00,P4,search,5,2.0,1,1,1,2,0,0,0,,,,0,1,0,0,0,0,0,0,0,u:demo_user_613,0
demo_session_01921,demo_user_837,,2020-02-18 12:41:00,P2,self,4,3.0,0,0,0,0,0,0,0,1.0,,,1,1,0,1,0,0,0,0,0,u:demo_user_837,0
demo_session_01922,demo_user_1287,,2020-03-30 17:30:00,P3,self,5,0.0,0,3,2,5,1,0,0,,,,1,0,0,0,0,0,0,0,0,u:demo_user_1287,1
demo_session_01923,demo_user_677,,2020-02-02 16:27:00,P2,search,5,3.0,1,1,0,2,1,0,0,0.0,,,0,0,0,0,0,0,0,0,0,u:demo_user_677,0
demo_session_01924,demo_user_563,,2020-04-12 06:09:00,P4,feed,5,0.0,1,0,0,1,1,0,0,,,,0,0,0,1,0,0,0,0,0,u:demo_user_563,0
demo_session_01925,0,demo_anon_205,2020-02-10 18:19:00,P2,search,2,3.0,1,1,0,0,0,0,0,0.0,,,0,0,0,0,0,0,1,0,1,a:demo_anon_205,0
demo_session_01926,demo_user_561,,2020-01-28 06:41:00,P1,self,3,0.0,0,1,0,1,0,0,0,1.0,,,0,0,0,0,0,0,0,0,0,u:demo_user_561,1
demo_session_01927,demo_user_196,,2020-01-07 02:57:00,P1,self,4,2.0,1,2,0,4,1,0,0,0.0,,,0,0,1,0,0,0,0,0,0,u:demo_user_196,0
demo_session_01928,demo_user_284,,2020-02-06 18:51:00,P2,search,4,2.0,1,0,0,0,0,0,0,1.0,,,0,0,0,0,0,0,0,0,0,u:demo_user_284,0
demo_session_01929,0,demo_anon_1485,2020-03-10 14:45:00,P3,feed,4,0.0,0,0,1,1,0,0,0,,,,1,1,0,0,0,0,0,0,1,a:demo_anon_1485,1
demo_session_01930,demo_user_139,,2020-01-08 14:48:00,P1,self,5,1.0,1,0,1,1,0,0,0,0.0,,,0,1,0,1,0,0,0,0,0,u:demo_user_139,0
demo_session_01931,demo_user_751,,2020-01-21 17:36:00,P1,search,5,0.0,1,0,0,1,1,0,0,0.0,,,0,0,1,0,0,0,0,0,0,u:demo_user_751,0
demo_session_01932,demo_user_1301,,2020-02-11 15:15:00,P2,search,4,0.0,1,1,0,0,0,0,0,1.0,,,1,0,1,1,0,0,0,0,0,u:demo_user_1301,0
demo_session_01933,demo_user_1487,,2020-03-26 22:54:00,P3,feed,5,0.0,1,0,1,2,1,0,0,,,,0,1,0,0,0,0,0,0,0,u:demo_user_1487,0
demo_session_01934,demo_user_228,,2020-03-12 15:13:00,P3,self,5,2.0,0,0,1,2,1,0,0,,,,1,1,0,0,0,0,0,0,0,u:demo_user_228,0
demo_session_01935,0,demo_anon_255,2020-01-06 01:31:00,P1,feed,3,2.0,0,0,1,1,1,0,0,3.0,,,0,0,0,0,0,1,0,1,1,a:demo_anon_255,0
demo_session_01936,demo_user_581,,2020-01-05 09:19:00,P1,search,4,0.0,1,0,0,0,0,0,0,0.0,,,1,0,0,0,0,0,0,0,0,u:demo_user_581,0
demo_session_01937,demo_user_864,,2020-01-08 04:26:00,P1,search,5,2.0,0,1,1,1,1,0,0,0.0,,,0,1,0,0,0,0,0,0,0,u:demo_user_864,0
demo_session_01938,demo_user_1497,,2020-02-09 16:21:00,P2,self,3,0.0,0,1,1,1,0,0,0,0.0,,,0,0,0,0,1,0,1,0,0,u:demo_user_1497,0
demo_session_01939,demo_user_324,,2020-02-04 03:54:00,P2,search,5,3.0,0,2,2,3,1,1,0,0.0,,,1,1,0,0,0,0,0,0,0,u:demo_user_324,0
demo_session_01940,demo_user_256,,2020-01-15 00:50:00,P1,search,4,0.0,1,0,2,0,0,0,0,0.0,,,0,1,1,0,0,0,0,0,0,u:demo_user_256,0
demo_session_01941,demo_user_394,,2020-02-22 14:36:00,P2,self,5,0.0,1,2,0,2,1,0,0,0.0,,,1,1,0,0,0,0,0,0,0,u:demo_user_394,0
demo_session_01942,demo_user_1363,,2020-03-11 23:05:00,P3,search,5,2.0,1,1,0,1,0,0,0,,,,1,1,0,0,0,0,0,0,0,u:demo_user_1363,0
demo_session_01943,demo_user_46,,2020-03-24 05:35:00,P3,search,5,3.0,1,1,1,1,0,0,0,,,,0,1,0,0,0,0,0,0,0,u:demo_user_46,0
demo_session_01944,demo_user_593,,2020-04-29 10:40:00,P4,search,5,3.0,1,0,1,5,3,1,0,,,,0,1,0,1,0,0,0,0,0,u:demo_user_593,0
demo_session_01945,0,demo_anon_185,2020-03-24 01:29:00,P3,self,5,2.0,1,0,1,0,0,0,0,,,,0,1,1,1,0,0,0,0,1,a:demo_anon_185,0
demo_session_01946,0,demo_anon_245,2020-04-28 07:07:00,P4,search,5,0.0,1,0,1,0,0,1,0,,,,0,1,0,0,0,0,0,0,1,a:demo_anon_245,0
demo_session_01947,0,demo_anon_1430,2020-04-26 19:19:00,P4,self,5,0.0,1,4,0,5,2,0,0,,,,1,1,0,1,0,0,0,0,1,a:demo_anon_1430,1
demo_session_01948,demo_user_2,,2020-04-11 14:54:00,P4,feed,3,2.0,1,0,0,0,0,0,0,,,,0,0,0,0,1,0,1,1,0,u:demo_user_2,0
demo_session_01949,demo_user_501,,2020-02-12 04:44:00,P2,feed,4,3.0,0,0,1,2,0,0,0,2.0,,,1,1,0,1,0,0,0,0,0,u:demo_user_501,0
demo_session_01950,demo_user_1428,,2020-01-06 05:01:00,P1,self,5,2.0,0,3,1,2,0,0,0,3.0,,,0,0,0,1,0,0,0,0,0,u:demo_user_1428,0
demo_session_01951,demo_user_948,,2020-01-08 02:55:00,P1,self,4,0.0,0,1,0,1,0,0,0,0.0,,,0,1,0,0,0,0,0,0,0,u:demo_user_948,0
demo_session_01952,demo_user_111,,2020-04-14 11:30:00,P4,self,5,3.0,0,3,1,2,0,0,0,,,,0,1,0,1,0,0,0,0,0,u:demo_user_111,0
demo_session_01953,0,demo_anon_725,2020-04-13 08:26:00,P4,search,4,3.0,1,0,0,1,0,0,0,,,,0,1,0,1,0,0,0,0,1,a:demo_anon_725,0
demo_session_01954,demo_user_1514,,2020-02-07 03:13:00,P2,feed,5,3.0,1,1,0,3,1,0,0,0.0,,,0,1,1,0,0,0,0,0,0,u:demo_user_1514,0
demo_session_01955,demo_user_624,,2020-03-28 16:14:00,P3,search,5,1.0,0,2,2,4,1,0,0,,,,1,0,1,0,0,0,0,0,0,u:demo_user_624,0
demo_session_01956,demo_user_824,,2020-02-24 12:37:00,P2,self,5,2.0,1,1,1,0,0,0,0,1.0,,,1,0,0,0,0,0,0,0,0,u:demo_user_824,0
demo_session_01957,demo_user_829,,2020-01-09 04:11:00,P1,self,2,3.0,1,1,1,1,0,0,0,0.0,,,0,0,0,0,1,0,0,0,0,u:demo_user_829,0
demo_session_01958,0,demo_anon_1030,2020-03-19 12:02:00,P3,self,4,0.0,1,2,1,2,1,0,0,,,,1,1,0,1,0,0,0,0,1,a:demo_anon_1030,0
demo_session_01959,demo_user_292,,2020-01-11 00:00:00,P1,feed,5,3.0,1,0,1,1,0,1,0,2.0,,,0,0,0,0,0,0,0,0,0,u:demo_user_292,0
demo_session_01960,demo_user_1309,,2020-01-16 16:36:00,P1,search,4,0.0,1,0,3,4,1,0,0,0.0,,,0,0,0,0,0,0,0,0,0,u:demo_user_1309,1
demo_session_01961,demo_user_1542,,2020-02-27 04:42:00,P2,search,5,3.0,0,1,1,3,1,1,0,0.0,,,0,0,1,0,0,0,0,0,0,u:demo_user_1542,0
demo_session_01962,demo_user_222,,2020-01-09 09:55:00,P1,self,3,0.0,0,0,1,2,0,0,0,0.0,,,0,0,0,0,1,0,1,0,0,u:demo_user_222,0
demo_session_01963,demo_user_1276,,2020-02-10 23:56:00,P2,feed,3,0.0,1,0,1,1,1,0,0,2.0,,,0,0,0,0,0,1,0,1,0,u:demo_user_1276,1
demo_session_01964,demo_user_1274,,2020-03-31 08:30:00,P4,self,4,2.0,1,0,0,0,0,0,0,,,,1,0,1,1,0,0,0,0,0,u:demo_user_1274,0
demo_session_01965,demo_user_1156,,2020-03-12 13:33:00,P3,feed,5,2.0,1,1,0,1,0,0,0,,,,0,1,1,0,0,0,0,0,0,u:demo_user_1156,0
demo_session_01966,demo_user_578,,2020-01-07 15:37:00,P1,feed,3,1.0,1,1,0,1,0,0,0,0.0,,,0,0,0,0,0,0,1,0,0,u:demo_user_578,0
demo_session_01967,demo_user_731,,2020-01-27 07:11:00,P1,search,5,1.0,1,0,0,1,0,0,0,1.0,,,1,0,0,0,0,0,0,0,0,u:demo_user_731,0
demo_session_01968,demo_user_1309,,2020-04-29 05:44:00,P4,feed,4,0.0,1,1,2,5,0,1,0,,,,1,1,1,0,0,0,0,0,0,u:demo_user_1309,1
demo_session_01969,demo_user_238,,2020-04-25 02:53:00,P4,self,4,0.0,1,1,1,0,0,1,0,,,,0,1,0,1,0,0,0,0,0,u:demo_user_238,0
demo_session_01970,demo_user_1292,,2020-04-20 07:03:00,P4,search,5,0.0,1,0,0,0,0,0,0,,,,1,1,0,1,0,0,0,0,0,u:demo_user_1292,0
demo_session_01971,demo_user_1436,,2020-03-02 10:56:00,P3,self,3,0.0,1,0,0,0,0,0,0,,,,0,0,0,0,0,0,1,0,0,u:demo_user_1436,0
demo_session_01972,demo_user_1063,,2020-02-21 15:47:00,P2,search,5,0.0,1,1,0,2,0,0,0,0.0,,,1,0,0,0,0,0,0,0,0,u:demo_user_1063,0
demo_session_01973,demo_user_532,,2020-03-31 02:04:00,P4,self,5,0.0,1,1,1,2,2,0,0,,,,0,1,1,1,0,0,0,0,0,u:demo_user_532,0
demo_session_01974,demo_user_872,,2020-04-24 19:50:00,P4,self,5,2.0,1,2,1,0,0,0,0,,,,1,0,0,0,0,0,0,0,0,u:demo_user_872,0
demo_session_01975,demo_user_78,,2020-01-16 02:15:00,P1,self,2,0.0,0,1,0,2,1,0,0,0.0,,,0,0,0,0,0,0,0,1,0,u:demo_user_78,0
demo_session_01976,demo_user_1453,,2020-04-17 10:23:00,P4,self,4,1.0,1,2,1,0,0,0,0,,,,0,1,0,1,0,0,0,0,0,u:demo_user_1453,0
demo_session_01977,demo_user_534,,2020-03-15 00:44:00,P3,search,5,3.0,0,0,1,2,1,1,0,,,,0,1,1,1,0,0,0,0,0,u:demo_user_534,0
demo_session_01978,demo_user_89,,2020-01-17 21:49:00,P1,search,5,1.0,1,0,0,2,1,0,0,0.0,,,0,0,0,0,0,0,0,0,0,u:demo_user_89,0
demo_session_01979,demo_user_1239,,2020-04-13 19:43:00,P4,self,4,2.0,0,0,0,0,0,0,0,,,,0,1,0,0,0,0,0,0,0,u:demo_user_1239,0
demo_session_01980,0,demo_anon_1025,2020-01-04 20:32:00,P1,feed,4,3.0,1,1,0,2,2,0,0,1.0,,0.0,1,1,0,0,0,0,0,0,1,a:demo_anon_1025,0
demo_session_01981,demo_user_971,,2020-01-03 18:12:00,P1,feed,3,0.0,1,0,0,3,2,0,0,0.0,,,0,0,0,0,0,0,0,0,0,u:demo_user_971,0
demo_session_01982,demo_user_84,,2020-02-14 03:01:00,P2,self,4,1.0,0,3,0,2,0,0,0,0.0,,,1,0,1,0,0,0,0,0,0,u:demo_user_84,0
demo_session_01983,demo_user_1171,,2020-03-05 19:09:00,P3,search,4,3.0,1,2,0,2,0,0,0,,,,0,1,1,1,0,0,0,0,0,u:demo_user_1171,0
demo_session_01984,demo_user_994,,2020-02-21 07:41:00,P2,search,4,1.0,1,0,1,2,0,0,0,0.0,,,0,0,1,1,0,0,0,0,0,u:demo_user_994,0
demo_session_01985,demo_user_1238,,2020-01-30 14:40:00,P1,search,5,0.0,1,2,0,1,0,0,0,0.0,,,0,0,0,1,0,0,0,0,0,u:demo_user_1238,0
demo_session_01986,0,demo_anon_1290,2020-03-19 21:05:00,P3,self,5,1.0,0,4,1,5,2,0,0,,,,0,0,0,0,0,0,0,0,1,a:demo_anon_1290,0
demo_session_01987,0,demo_anon_330,2020-02-27 09:45:00,P2,search,4,0.0,0,0,1,1,0,1,0,0.0,,,0,0,0,1,0,0,0,0,1,a:demo_anon_330,1
demo_session_01988,demo_user_328,,2020-01-15 08:50:00,P1,self,4,2.0,1,3,0,5,3,0,0,0.0,,,0,1,1,0,0,0,0,0,0,u:demo_user_328,0
demo_session_01989,demo_user_1441,,2020-04-07 22:03:00,P4,self,2,0.0,1,2,0,3,0,0,0,,,,0,0,0,0,1,0,0,1,0,u:demo_user_1441,1
demo_session_01990,demo_user_828,,2020-02-07 02:10:00,P2,search,4,2.0,0,1,0,1,1,0,0,1.0,,,1,1,1,0,0,0,0,0,0,u:demo_user_828,0
demo_session_01991,demo_user_683,,2020-03-23 19:24:00,P3,search,5,0.0,1,2,1,3,1,0,0,,,,0,1,0,0,0,0,0,0,0,u:demo_user_683,0
demo_session_01992,demo_user_448,,2020-02-12 02:57:00,P2,feed,1,1.0,1,0,0,2,0,0,0,1.0,,,0,0,0,0,0,0,0,0,0,u:demo_user_448,0
demo_session_01993,demo_user_996,,2020-03-31 12:57:00,P4,self,4,1.0,0,1,1,3,2,0,0,,,,1,1,0,0,0,0,0,0,0,u:demo_user_996,0
demo_session_01994,demo_user_1176,,2020-02-03 20:27:00,P2,self,5,2.0,0,1,0,2,1,0,0,0.0,,,0,1,0,1,0,0,0,0,0,u:demo_user_1176,0
demo_session_01995,demo_user_3,,2020-01-26 09:38:00,P1,self,4,2.0,0,1,2,3,2,0,0,0.0,,,0,1,0,1,0,0,0,0,0,u:demo_user_3,0
demo_session_01996,demo_user_862,,2020-01-09 21:40:00,P1,self,5,2.0,1,2,0,3,2,0,0,0.0,,,0,1,1,0,0,0,0,0,0,u:demo_user_862,0
demo_session_01997,demo_user_1549,,2020-04-09 21:39:00,P4,self,3,0.0,1,0,0,2,0,1,0,,,0.0,0,0,0,0,0,1,1,0,0,u:demo_user_1549,0
demo_session_01998,demo_user_437,,2020-03-27 13:38:00,P3,search,5,3.0,1,2,0,0,0,0,0,,,,0,1,1,0,0,0,0,0,0,u:demo_user_437,0
demo_session_01999,demo_user_438,,2020-03-14 16:17:00,P3,search,5,0.0,0,1,1,7,2,0,0,,,,0,1,0,0,0,0,0,0,0,u:demo_user_438,0
demo_session_02000,demo_user_1369,,2020-03-13 21:56:00,P3,search,5,1.0,1,0,1,2,0,0,0,,,,1,0,0,1,0,0,0,0,0,u:demo_user_1369,0
demo_session_02001,demo_user_96,,2020-01-09 07:35:00,P1,self,4,3.0,0,2,0,5,0,0,0,1.0,,,0,1,1,1,0,0,0,0,0,u:demo_user_96,0
demo_session_02002,0,demo_anon_620,2020-02-19 10:38:00,P2,self,5,1.0,1,2,0,0,0,0,0,0.0,,,0,0,1,1,0,0,0,0,1,a:demo_anon_620,0
demo_session_02003,demo_user_714,,2020-04-13 12:36:00,P4,search,4,1.0,0,0,0,2,2,0,0,,,,0,1,1,0,0,0,0,0,0,u:demo_user_714,0
demo_session_02004,demo_user_1244,,2020-02-04 17:24:00,P2,self,5,3.0,1,3,0,4,2,0,0,0.0,,,0,0,0,1,0,0,0,0,0,u:demo_user_1244,0
demo_session_02005,demo_user_201,,2020-01-07 16:34:00,P1,feed,4,0.0,0,2,3,3,1,0,0,1.0,,,1,1,1,0,0,0,0,0,0,u:demo_user_201,0
demo_session_02006,demo_user_677,,2020-04-10 17:19:00,P4,self,4,3.0,1,0,3,2,1,0,0,,,,0,0,1,0,0,0,0,0,0,u:demo_user_677,0
demo_session_02007,demo_user_237,,2020-01-04 10:51:00,P1,search,3,2.0,0,1,0,0,0,0,0,2.0,,,0,0,0,0,0,0,0,0,0,u:demo_user_237,0
demo_session_02008,demo_user_1228,,2020-03-23 15:49:00,P3,feed,5,3.0,1,1,1,1,1,0,0,,,,1,1,1,0,0,0,0,0,0,u:demo_user_1228,0
demo_session_02009,demo_user_986,,2020-04-10 01:11:00,P4,search,4,3.0,1,0,0,0,0,0,0,,,,0,0,0,1,0,0,0,0,0,u:demo_user_986,0
demo_session_02010,demo_user_774,,2020-03-30 10:27:00,P3,search,3,3.0,0,2,0,3,0,1,0,,,,0,0,0,0,1,0,0,0,0,u:demo_user_774,0
demo_session_02011,demo_user_612,,2020-01-02 13:30:00,P1,search,5,0.0,0,1,0,0,0,0,0,2.0,,,1,0,1,1,0,0,0,0,0,u:demo_user_612,0
demo_session_02012,demo_user_238,,2020-04-17 13:08:00,P4,self,4,0.0,1,1,0,0,0,0,0,,,,0,1,0,0,0,0,0,0,0,u:demo_user_238,0
demo_session_02013,demo_user_1438,,2020-01-11 14:41:00,P1,search,4,3.0,1,0,1,2,0,0,0,3.0,,,0,1,0,0,0,0,0,0,0,u:demo_user_1438,0
demo_session_02014,0,demo_anon_1010,2020-04-12 04:42:00,P4,feed,5,0.0,1,0,0,2,1,0,0,,,,0,1,1,1,0,0,0,0,1,a:demo_anon_1010,0
demo_session_02015,demo_user_497,,2020-01-03 00:49:00,P1,feed,2,2.0,1,1,0,1,1,0,0,1.0,,,0,0,0,0,0,0,0,0,0,u:demo_user_497,0
demo_session_02016,0,demo_anon_645,2020-02-28 21:53:00,P2,search,5,3.0,0,0,1,2,0,0,0,1.0,,,0,0,0,0,0,0,0,0,1,a:demo_anon_645,0
demo_session_02017,demo_user_1132,,2020-04-15 15:12:00,P4,self,4,0.0,1,1,0,1,0,0,0,,,,1,0,0,1,0,0,0,0,0,u:demo_user_1132,0
demo_session_02018,demo_user_1122,,2020-02-01 13:47:00,P2,search,5,0.0,0,0,0,0,0,0,0,1.0,,,0,0,0,0,0,0,0,0,0,u:demo_user_1122,1
demo_session_02019,demo_user_719,,2020-01-06 08:43:00,P1,search,4,3.0,1,0,0,2,0,0,0,1.0,,,0,1,0,1,0,0,0,0,0,u:demo_user_719,0
demo_session_02020,demo_user_472,,2020-01-11 15:06:00,P1,self,3,3.0,1,1,1,2,1,0,0,1.0,,,0,0,0,0,0,0,0,0,0,u:demo_user_472,0
demo_session_02021,demo_user_1029,,2020-02-14 17:19:00,P2,self,5,1.0,0,2,1,1,0,0,0,0.0,,,0,0,1,0,0,0,0,0,0,u:demo_user_1029,0
demo_session_02022,demo_user_1026,,2020-02-13 06:08:00,P2,self,5,1.0,0,3,2,2,0,0,0,0.0,,2.0,0,0,0,0,0,0,0,0,0,u:demo_user_1026,0
demo_session_02023,0,demo_anon_935,2020-01-27 00:56:00,P1,search,2,0.0,1,2,0,2,1,0,0,1.0,,,0,0,0,0,1,0,0,1,1,a:demo_anon_935,1
demo_session_02024,demo_user_113,,2020-02-24 20:51:00,P2,self,5,3.0,1,0,0,1,0,0,0,1.0,,,1,1,0,0,0,0,0,0,0,u:demo_user_113,0
demo_session_02025,demo_user_737,,2020-02-10 23:59:00,P2,self,5,0.0,1,1,2,6,3,0,0,0.0,,,0,1,0,1,0,0,0,0,0,u:demo_user_737,1
demo_session_02026,demo_user_957,,2020-03-11 20:37:00,P3,self,5,0.0,0,6,0,1,0,0,0,,,,0,0,0,1,0,0,0,0,0,u:demo_user_957,1
demo_session_02027,demo_user_1482,,2020-02-04 20:54:00,P2,feed,2,2.0,0,0,2,1,0,0,0,1.0,,,0,0,0,0,0,0,0,0,0,u:demo_user_1482,0
demo_session_02028,demo_user_819,,2020-02-07 17:36:00,P2,self,5,1.0,0,1,0,2,0,0,0,0.0,,,0,1,0,0,0,0,0,0,0,u:demo_user_819,0
demo_session_02029,demo_user_534,,2020-04-16 13:04:00,P4,self,5,3.0,0,1,0,4,1,0,0,,,,1,1,0,0,0,0,0,0,0,u:demo_user_534,0
demo_session_02030,demo_user_867,,2020-04-04 04:03:00,P4,search,5,2.0,0,0,1,1,1,0,0,,,,0,1,0,1,0,0,0,0,0,u:demo_user_867,0
demo_session_02031,demo_user_276,,2020-04-02 05:52:00,P4,self,5,3.0,0,1,1,2,1,0,0,,,,0,1,0,0,0,0,0,0,0,u:demo_user_276,0
demo_session_02032,demo_user_141,,2020-02-15 13:11:00,P2,feed,5,3.0,0,0,1,0,0,1,0,0.0,,,0,0,0,0,0,0,0,0,0,u:demo_user_141,0
demo_session_02033,demo_user_1057,,2020-04-16 04:50:00,P4,feed,2,0.0,1,0,1,0,0,0,0,,,,0,0,0,0,0,0,1,0,0,u:demo_user_1057,0
demo_session_02034,demo_user_1538,,2020-02-10 22:13:00,P2,search,3,2.0,1,1,1,3,1,0,0,0.0,,,0,0,0,0,1,0,1,0,0,u:demo_user_1538,0
demo_session_02035,demo_user_1319,,2020-03-27 09:43:00,P3,search,3,1.0,1,1,2,3,3,0,0,,,,0,0,0,0,0,0,0,0,0,u:demo_user_1319,0
demo_session_02036,0,demo_anon_910,2020-03-31 03:49:00,P4,self,2,2.0,1,0,0,0,0,0,0,,,,0,0,0,0,0,0,1,0,1,a:demo_anon_910,0
demo_session_02037,demo_user_62,,2020-02-09 15:24:00,P2,self,5,1.0,1,1,1,5,3,0,0,0.0,,,0,0,0,0,0,0,0,0,0,u:demo_user_62,0
demo_session_02038,demo_user_1541,,2020-03-14 20:43:00,P3,self,5,1.0,1,2,0,3,0,0,0,,,,0,0,1,0,0,0,0,0,0,u:demo_user_1541,0
demo_session_02039,demo_user_701,,2020-01-23 07:14:00,P1,self,1,0.0,1,2,2,2,0,0,0,1.0,,,0,0,0,0,1,0,0,0,0,u:demo_user_701,0
demo_session_02040,demo_user_451,,2020-02-16 02:02:00,P2,self,4,0.0,1,0,1,0,0,1,0,0.0,,,0,1,1,1,0,0,0,0,0,u:demo_user_451,1
demo_session_02041,demo_user_1392,,2020-03-04 13:45:00,P3,search,5,1.0,0,0,3,2,1,0,0,,,,0,0,0,0,0,0,0,0,0,u:demo_user_1392,0
demo_session_02042,demo_user_1164,,2020-03-20 21:36:00,P3,self,5,3.0,0,1,2,1,0,0,0,,,,0,1,1,1,0,0,0,0,0,u:demo_user_1164,0
demo_session_02043,demo_user_1169,,2020-02-12 19:12:00,P2,self,3,0.0,1,2,0,3,3,0,0,0.0,,,0,0,0,0,1,0,0,0,0,u:demo_user_1169,0
demo_session_02044,demo_user_433,,2020-03-26 10:08:00,P3,search,5,2.0,1,1,1,4,2,1,0,,,,0,1,0,0,0,0,0,0,0,u:demo_user_433,0
demo_session_02045,demo_user_1547,,2020-03-18 05:01:00,P3,search,5,1.0,1,0,1,0,0,0,0,,,,0,1,0,1,0,0,0,0,0,u:demo_user_1547,0
demo_session_02046,demo_user_706,,2020-04-13 16:04:00,P4,self,5,3.0,1,2,1,3,0,1,0,,,,0,1,0,1,0,0,0,0,0,u:demo_user_706,0
demo_session_02047,demo_user_829,,2020-01-05 16:07:00,P1,self,5,3.0,1,0,2,0,0,0,0,0.0,,,1,0,0,0,0,0,0,0,0,u:demo_user_829,0
demo_session_02048,demo_user_1171,,2020-03-02 14:36:00,P3,self,4,3.0,1,1,1,0,0,0,0,,,,0,0,0,0,0,0,0,0,0,u:demo_user_1171,0
demo_session_02049,demo_user_1029,,2020-03-26 13:23:00,P3,self,5,1.0,0,4,2,4,1,0,0,,,,0,1,0,0,0,0,0,0,0,u:demo_user_1029,0
demo_session_02050,demo_user_268,,2020-02-20 15:58:00,P2,feed,3,0.0,1,0,0,0,0,0,0,0.0,,,0,0,0,0,0,0,0,0,0,u:demo_user_268,0
demo_session_02051,demo_user_471,,2020-02-05 22:43:00,P2,feed,5,3.0,0,4,0,4,1,0,0,1.0,,,1,1,0,0,0,0,0,0,0,u:demo_user_471,0
demo_session_02052,demo_user_563,,2020-03-10 19:13:00,P3,search,1,0.0,1,1,0,0,0,0,0,,,,0,0,0,0,1,0,1,0,0,u:demo_user_563,0
demo_session_02053,demo_user_1478,,2020-02-25 11:15:00,P2,search,2,0.0,1,1,1,3,1,0,0,0.0,,,0,0,0,0,1,0,0,0,0,u:demo_user_1478,0
demo_session_02054,demo_user_1114,,2020-02-21 13:33:00,P2,search,5,1.0,1,1,3,3,0,0,0,0.0,,,1,1,0,0,0,0,0,0,0,u:demo_user_1114,0
demo_session_02055,demo_user_571,,2020-04-27 10:24:00,P4,search,5,0.0,1,1,0,3,2,0,0,,,,0,0,1,0,0,0,0,0,0,u:demo_user_571,0
demo_session_02056,demo_user_1146,,2020-02-20 17:41:00,P2,self,4,1.0,0,3,1,4,2,0,0,1.0,,,0,1,0,1,0,0,0,0,0,u:demo_user_1146,0
demo_session_02057,demo_user_1152,,2020-01-26 20:51:00,P1,self,3,3.0,0,0,1,2,2,0,0,0.0,,0.0,0,0,0,0,0,0,0,1,0,u:demo_user_1152,0
demo_session_02058,demo_user_614,,2020-01-03 00:09:00,P1,search,4,1.0,1,1,0,1,0,0,0,0.0,,,1,0,0,1,0,0,0,0,0,u:demo_user_614,0
demo_session_02059,demo_user_628,,2020-01-15 02:50:00,P1,search,5,0.0,1,1,2,2,0,0,0,0.0,,,1,1,0,0,0,0,0,0,0,u:demo_user_628,0
demo_session_02060,0,demo_anon_1395,2020-03-05 10:27:00,P3,self,4,1.0,0,0,1,3,2,1,0,,,,0,1,0,0,0,0,0,0,1,a:demo_anon_1395,0
demo_session_02061,demo_user_876,,2020-01-26 04:15:00,P1,self,5,0.0,0,4,0,3,1,0,0,0.0,,,0,1,0,0,0,0,0,0,0,u:demo_user_876,0
demo_session_02062,demo_user_233,,2020-01-14 03:34:00,P1,self,3,2.0,1,1,0,1,0,0,0,0.0,,,0,0,0,0,0,1,1,0,0,u:demo_user_233,0
demo_session_02063,demo_user_1122,,2020-02-12 04:19:00,P2,self,4,0.0,0,4,0,4,4,0,0,2.0,,,1,1,0,1,0,0,0,0,0,u:demo_user_1122,1
demo_session_02064,demo_user_919,,2020-01-29 20:24:00,P1,search,2,0.0,1,0,0,1,1,0,0,1.0,,,0,0,0,0,0,0,1,1,0,u:demo_user_919,0
demo_session_02065,demo_user_793,,2020-03-05 08:21:00,P3,search,4,0.0,1,2,0,0,0,0,0,,,,0,1,1,0,0,0,0,0,0,u:demo_user_793,0
demo_session_02066,demo_user_1131,,2020-01-07 18:09:00,P1,search,5,0.0,0,1,0,0,0,0,0,0.0,,,0,1,1,1,0,0,0,0,0,u:demo_user_1131,0
demo_session_02067,0,demo_anon_1415,2020-04-27 15:03:00,P4,self,5,0.0,1,2,0,2,1,0,0,,,,0,0,1,1,0,0,0,0,1,a:demo_anon_1415,0
demo_session_02068,0,demo_anon_515,2020-04-19 08:28:00,P4,self,4,1.0,1,3,0,6,2,0,0,,,,0,1,0,0,0,0,0,0,1,a:demo_anon_515,0
demo_session_02069,demo_user_654,,2020-04-14 09:15:00,P4,feed,3,3.0,0,0,1,1,0,0,0,,,,0,0,0,0,0,0,0,0,0,u:demo_user_654,0
demo_session_02070,0,demo_anon_295,2020-01-21 13:54:00,P1,search,5,1.0,1,3,1,5,2,0,0,0.0,,,0,1,0,0,0,0,0,0,1,a:demo_anon_295,0
demo_session_02071,demo_user_1009,,2020-03-26 19:04:00,P3,self,3,1.0,1,1,0,2,1,0,0,,,,0,0,0,0,0,0,0,0,0,u:demo_user_1009,0
demo_session_02072,demo_user_628,,2020-01-02 15:18:00,P1,self,5,0.0,1,2,4,6,1,0,0,0.0,,,0,1,1,1,0,0,0,0,0,u:demo_user_628,0
demo_session_02073,demo_user_534,,2020-03-27 11:07:00,P3,feed,5,3.0,0,0,1,3,2,0,0,,,,0,1,1,1,0,0,0,0,0,u:demo_user_534,0
demo_session_02074,demo_user_1086,,2020-04-05 17:29:00,P4,search,5,1.0,0,2,3,2,0,0,0,,,,0,1,0,0,0,0,0,0,0,u:demo_user_1086,0
demo_session_02075,demo_user_636,,2020-02-04 01:17:00,P2,feed,4,3.0,0,0,0,0,0,0,0,2.0,,,1,1,0,0,0,0,0,0,0,u:demo_user_636,0
demo_session_02076,demo_user_724,,2020-02-25 15:38:00,P2,search,5,1.0,1,1,0,3,1,0,0,1.0,,,0,0,1,0,0,0,0,0,0,u:demo_user_724,0
demo_session_02077,demo_user_686,,2020-04-21 08:33:00,P4,search,4,0.0,1,0,0,0,0,0,0,,,,1,1,1,1,0,0,0,0,0,u:demo_user_686,0
demo_session_02078,demo_user_403,,2020-01-24 18:52:00,P1,search,4,0.0,1,4,1,6,3,0,0,1.0,,,0,1,1,1,0,0,0,0,0,u:demo_user_403,0
demo_session_02079,demo_user_196,,2020-03-05 17:54:00,P3,self,3,2.0,1,1,0,3,2,0,0,,,,0,0,0,0,1,0,0,0,0,u:demo_user_196,0
demo_session_02080,0,demo_anon_1290,2020-02-06 11:06:00,P2,search,4,1.0,0,2,1,0,0,0,0,1.0,,,0,1,0,0,0,0,0,0,1,a:demo_anon_1290,0
demo_session_02081,demo_user_143,,2020-01-20 12:03:00,P1,search,5,0.0,1,0,0,2,0,0,0,1.0,,,0,1,0,1,0,0,0,0,0,u:demo_user_143,1
demo_session_02082,demo_user_506,,2020-03-22 19:28:00,P3,self,5,0.0,1,1,0,1,0,0,0,,,,0,1,1,1,0,0,0,0,0,u:demo_user_506,1
demo_session_02083,demo_user_1041,,2020-04-24 00:52:00,P4,feed,5,0.0,0,1,0,2,1,0,0,,,,1,1,0,0,0,0,0,0,0,u:demo_user_1041,0
demo_session_02084,demo_user_204,,2020-03-08 20:17:00,P3,self,3,3.0,0,3,1,8,2,0,0,,,,0,0,0,0,0,0,0,0,0,u:demo_user_204,0
demo_session_02085,demo_user_1022,,2020-03-01 18:47:00,P3,self,5,2.0,1,1,1,0,0,0,0,,,,0,0,1,1,0,0,0,0,0,u:demo_user_1022,0
demo_session_02086,demo_user_1143,,2020-03-05 01:11:00,P3,self,4,3.0,0,1,1,4,0,1,0,,,,1,1,1,0,0,0,0,0,0,u:demo_user_1143,0
demo_session_02087,demo_user_1034,,2020-01-19 15:52:00,P1,feed,5,0.0,1,0,0,1,0,0,0,0.0,,,0,0,1,0,0,0,0,0,0,u:demo_user_1034,1
demo_session_02088,0,demo_anon_475,2020-01-25 03:34:00,P1,feed,2,2.0,1,0,1,0,0,0,0,1.0,,,0,0,0,0,0,0,0,0,1,a:demo_anon_475,0
demo_session_02089,0,demo_anon_30,2020-03-29 05:28:00,P3,search,5,0.0,0,0,1,1,1,0,0,,,,0,0,0,0,0,0,0,0,1,a:demo_anon_30,0
demo_session_02090,demo_user_1384,,2020-03-11 07:23:00,P3,feed,4,3.0,1,0,1,1,1,0,0,,,,0,1,0,1,0,0,0,0,0,u:demo_user_1384,0
demo_session_02091,demo_user_509,,2020-01-29 01:18:00,P1,feed,3,1.0,1,1,0,3,1,0,0,0.0,,,0,0,0,0,1,0,1,0,0,u:demo_user_509,0
demo_session_02092,0,demo_anon_1255,2020-01-03 08:03:00,P1,feed,1,1.0,1,0,2,2,0,1,0,0.0,,,0,0,0,0,0,0,0,0,1,a:demo_anon_1255,0
demo_session_02093,demo_user_308,,2020-01-23 12:28:00,P1,feed,4,0.0,1,1,1,0,0,0,0,1.0,,,0,0,0,0,0,0,0,0,0,u:demo_user_308,1
demo_session_02094,demo_user_253,,2020-03-01 14:38:00,P3,self,3,0.0,1,3,2,6,1,0,0,,,,0,0,0,0,0,0,1,0,0,u:demo_user_253,1
demo_session_02095,demo_user_1213,,2020-02-02 02:39:00,P2,search,5,0.0,1,2,0,1,1,0,0,1.0,,,0,1,1,0,0,0,0,0,0,u:demo_user_1213,0
demo_session_02096,0,demo_anon_1465,2020-03-28 17:10:00,P3,search,4,3.0,1,0,0,1,1,0,0,,,,1,1,0,1,0,0,0,0,1,a:demo_anon_1465,0
demo_session_02097,demo_user_1342,,2020-03-10 09:26:00,P3,search,4,0.0,1,0,3,2,2,0,0,,,,0,1,0,0,0,0,0,0,0,u:demo_user_1342,1
demo_session_02098,demo_user_1171,,2020-01-18 16:41:00,P1,self,5,3.0,1,2,0,4,1,0,0,1.0,,,0,1,0,0,0,0,0,0,0,u:demo_user_1171,0
demo_session_02099,demo_user_384,,2020-02-05 02:39:00,P2,search,5,3.0,0,2,0,1,0,1,0,1.0,,,0,1,0,0,0,0,0,0,0,u:demo_user_384,0
demo_session_02100,demo_user_1424,,2020-01-05 06:48:00,P1,feed,2,2.0,1,0,0,1,0,0,0,1.0,,,0,0,0,0,0,0,0,0,0,u:demo_user_1424,0
demo_session_02101,demo_user_1041,,2020-01-05 21:32:00,P1,self,5,0.0,0,2,0,1,0,0,0,0.0,,,0,1,1,0,0,0,0,0,0,u:demo_user_1041,0
demo_session_02102,demo_user_268,,2020-03-31 06:21:00,P4,feed,5,0.0,1,1,0,2,0,0,0,,,,0,1,1,0,0,0,0,0,0,u:demo_user_268,0
demo_session_02103,demo_user_201,,2020-02-16 11:59:00,P2,self,3,0.0,0,1,0,1,0,0,0,2.0,,,0,0,0,0,0,0,1,0,0,u:demo_user_201,0
demo_session_02104,demo_user_1359,,2020-04-15 19:18:00,P4,self,5,2.0,0,1,0,1,0,1,0,,,,0,1,0,0,0,0,0,0,0,u:demo_user_1359,0
demo_session_02105,demo_user_429,,2020-01-29 03:02:00,P1,self,5,0.0,0,3,1,4,1,0,0,0.0,,,1,1,0,0,0,0,0,0,0,u:demo_user_429,1
demo_session_02106,demo_user_1194,,2020-02-08 14:05:00,P2,search,5,0.0,0,1,0,0,0,0,0,0.0,,,1,0,1,0,0,0,0,0,0,u:demo_user_1194,0
demo_session_02107,demo_user_216,,2020-03-02 08:58:00,P3,search,4,3.0,0,1,1,3,2,0,0,,,,1,1,0,0,0,0,0,0,0,u:demo_user_216,0
demo_session_02108,demo_user_437,,2020-02-03 17:06:00,P2,self,3,3.0,1,4,1,5,2,0,0,0.0,,,0,0,0,0,0,0,0,1,0,u:demo_user_437,0
demo_session_02109,demo_user_442,,2020-02-25 03:32:00,P2,search,5,3.0,1,1,1,2,1,0,0,0.0,,,0,1,1,0,0,0,0,0,0,u:demo_user_442,0
demo_session_02110,demo_user_438,,2020-01-15 16:39:00,P1,self,5,0.0,0,1,1,1,0,0,0,0.0,,,0,1,1,1,0,0,0,0,0,u:demo_user_438,0
demo_session_02111,demo_user_1052,,2020-01-10 08:52:00,P1,search,4,1.0,1,0,0,0,0,0,0,0.0,,,0,1,0,0,0,0,0,0,0,u:demo_user_1052,0
demo_session_02112,demo_user_1426,,2020-04-13 06:57:00,P4,feed,5,1.0,1,1,0,2,1,0,0,,,,0,1,1,0,0,0,0,0,0,u:demo_user_1426,0
demo_session_02113,0,demo_anon_1420,2020-01-30 10:30:00,P1,search,4,0.0,1,1,0,5,1,0,0,0.0,,,1,0,1,1,0,0,0,0,1,a:demo_anon_1420,0
demo_session_02114,demo_user_1156,,2020-01-13 06:08:00,P1,search,5,2.0,1,2,0,4,0,0,0,0.0,,,0,1,1,0,0,0,0,0,0,u:demo_user_1156,0
demo_session_02115,0,demo_anon_315,2020-02-03 18:40:00,P2,search,4,1.0,0,0,0,0,0,0,0,0.0,,,0,1,0,1,0,0,0,0,1,a:demo_anon_315,0
demo_session_02116,demo_user_1498,,2020-02-20 08:09:00,P2,feed,4,1.0,1,0,0,1,0,0,0,0.0,,,0,0,0,0,0,0,0,0,0,u:demo_user_1498,0
demo_session_02117,0,demo_anon_845,2020-02-28 04:02:00,P2,self,4,3.0,1,0,1,1,0,0,0,1.0,,,0,0,1,0,0,0,0,0,1,a:demo_anon_845,0
demo_session_02118,demo_user_851,,2020-04-01 21:37:00,P4,self,3,2.0,1,0,0,0,0,0,0,,,,0,0,0,0,1,0,0,0,0,u:demo_user_851,0
demo_session_02119,demo_user_1094,,2020-04-08 15:59:00,P4,self,4,3.0,1,2,0,1,1,0,0,,,,0,1,1,0,0,0,0,0,0,u:demo_user_1094,0
demo_session_02120,demo_user_1199,,2020-02-05 00:44:00,P2,search,2,0.0,1,0,0,0,0,0,0,2.0,,,0,0,0,0,0,0,1,0,0,u:demo_user_1199,1
demo_session_02121,demo_user_1486,,2020-01-27 05:34:00,P1,search,5,0.0,1,1,1,0,0,1,0,1.0,,,1,1,1,0,0,0,0,0,0,u:demo_user_1486,0
demo_session_02122,demo_user_908,,2020-01-15 20:29:00,P1,search,3,0.0,1,0,0,1,1,0,0,0.0,,,0,0,0,0,0,0,0,0,0,u:demo_user_908,0
demo_session_02123,demo_user_951,,2020-01-19 23:34:00,P1,self,4,3.0,0,1,0,0,0,0,0,1.0,,,0,0,0,0,0,0,0,0,0,u:demo_user_951,0
demo_session_02124,demo_user_1163,,2020-01-04 10:01:00,P1,self,4,3.0,1,1,0,1,0,0,0,1.0,,,0,0,0,1,0,0,0,0,0,u:demo_user_1163,0
demo_session_02125,demo_user_397,,2020-01-01 02:56:00,P1,search,5,2.0,1,1,0,0,0,0,0,0.0,,,0,0,1,1,0,0,0,0,0,u:demo_user_397,0
demo_session_02126,0,demo_anon_480,2020-02-20 04:41:00,P2,feed,4,0.0,0,2,0,1,0,0,0,0.0,,,0,1,0,1,0,0,0,0,1,a:demo_anon_480,0
demo_session_02127,0,demo_anon_975,2020-03-13 18:43:00,P3,self,1,2.0,0,2,0,0,0,0,0,,,,0,0,0,0,0,0,1,0,1,a:demo_anon_975,0
demo_session_02128,0,demo_anon_100,2020-04-08 07:18:00,P4,self,5,2.0,1,2,2,4,1,0,0,,,,1,1,0,0,0,0,0,0,1,a:demo_anon_100,0
demo_session_02129,demo_user_499,,2020-02-09 01:50:00,P2,self,4,0.0,1,1,0,3,0,0,0,1.0,,,0,0,0,1,0,0,0,0,0,u:demo_user_499,0
demo_session_02130,0,demo_anon_1120,2020-02-04 16:30:00,P2,search,5,3.0,1,0,1,3,1,0,0,0.0,,-0.0,0,0,0,0,0,0,0,0,1,a:demo_anon_1120,0
demo_session_02131,demo_user_1522,,2020-03-21 10:02:00,P3,self,4,1.0,1,1,1,3,2,0,0,,,,0,1,0,0,0,0,0,0,0,u:demo_user_1522,0
demo_session_02132,0,demo_anon_810,2020-03-17 09:46:00,P3,self,4,3.0,0,3,0,1,1,0,0,,,,1,1,1,0,0,0,0,0,1,a:demo_anon_810,0
demo_session_02133,demo_user_623,,2020-03-23 19:36:00,P3,search,4,0.0,1,0,0,3,0,0,0,,,,0,0,1,0,0,0,0,0,0,u:demo_user_623,0
demo_session_02134,demo_user_686,,2020-01-21 09:38:00,P1,self,4,0.0,1,0,3,1,0,0,0,0.0,,,0,1,0,0,0,0,0,0,0,u:demo_user_686,0
demo_session_02135,demo_user_1069,,2020-01-06 08:44:00,P1,self,4,3.0,1,5,1,6,0,0,0,0.0,,,0,0,0,1,0,0,0,0,0,u:demo_user_1069,0
demo_session_02136,demo_user_849,,2020-03-06 09:25:00,P3,self,5,1.0,0,2,0,3,0,0,0,,,,1,0,0,0,0,0,0,0,0,u:demo_user_849,0
demo_session_02137,demo_user_36,,2020-02-20 05:01:00,P2,feed,3,2.0,0,0,2,0,0,0,0,1.0,,,0,0,0,0,0,0,1,1,0,u:demo_user_36,0
demo_session_02138,demo_user_841,,2020-01-31 23:50:00,P2,search,4,0.0,1,0,0,3,0,0,0,0.0,,,0,1,0,0,0,0,0,0,0,u:demo_user_841,0
demo_session_02139,demo_user_624,,2020-04-26 03:47:00,P4,self,3,1.0,0,2,0,3,0,0,0,,,,0,0,0,0,1,0,1,0,0,u:demo_user_624,0
demo_session_02140,demo_user_1093,,2020-01-20 02:16:00,P1,self,5,2.0,1,2,0,1,0,0,0,2.0,,,0,0,1,0,0,0,0,0,0,u:demo_user_1093,0
demo_session_02141,0,demo_anon_1365,2020-02-03 00:24:00,P2,search,5,1.0,0,1,0,0,0,0,0,1.0,,,0,1,1,1,0,0,0,0,1,a:demo_anon_1365,0
demo_session_02142,demo_user_1501,,2020-03-30 23:39:00,P3,feed,5,3.0,1,0,1,0,0,0,0,,,,1,1,1,1,0,0,0,0,0,u:demo_user_1501,0
demo_session_02143,demo_user_951,,2020-03-04 13:06:00,P3,self,5,3.0,0,1,1,4,1,0,0,,,,0,0,0,1,0,0,0,0,0,u:demo_user_951,0
demo_session_02144,0,demo_anon_565,2020-01-28 18:23:00,P1,self,4,2.0,1,0,0,1,1,1,0,0.0,,,1,1,0,0,0,0,0,0,1,a:demo_anon_565,0
demo_session_02145,demo_user_692,,2020-03-05 12:54:00,P3,self,5,2.0,1,1,0,3,1,1,0,,,,0,1,1,0,0,0,0,0,0,u:demo_user_692,0
demo_session_02146,0,demo_anon_275,2020-02-20 07:24:00,P2,search,5,0.0,1,0,0,0,0,0,0,0.0,,,1,1,0,0,0,0,0,0,1,a:demo_anon_275,1
demo_session_02147,0,demo_anon_1460,2020-02-01 06:23:00,P2,feed,4,2.0,1,1,0,2,0,0,0,2.0,,,0,1,1,0,0,0,0,0,1,a:demo_anon_1460,0
demo_session_02148,demo_user_1321,,2020-03-21 12:45:00,P3,search,5,2.0,1,0,2,3,2,0,0,,,,0,1,0,1,0,0,0,0,0,u:demo_user_1321,0
demo_session_02149,demo_user_1332,,2020-04-03 12:15:00,P4,self,1,1.0,0,0,1,0,0,0,0,,,,0,0,0,0,0,0,1,1,0,u:demo_user_1332,0
demo_session_02150,demo_user_511,,2020-01-09 05:15:00,P1,search,5,0.0,1,4,0,3,2,0,0,0.0,,3.0,0,1,1,1,0,0,0,0,0,u:demo_user_511,0
demo_session_02151,demo_user_502,,2020-01-01 10:36:00,P1,search,4,3.0,1,1,3,5,1,0,0,1.0,,,0,0,0,1,0,0,0,0,0,u:demo_user_502,0
demo_session_02152,demo_user_1336,,2020-04-18 09:17:00,P4,self,5,1.0,1,2,1,2,0,0,0,,,,0,1,0,0,0,0,0,0,0,u:demo_user_1336,0
demo_session_02153,demo_user_849,,2020-01-28 05:09:00,P1,self,5,1.0,0,3,2,1,0,0,0,0.0,,,0,1,0,1,0,0,0,0,0,u:demo_user_849,0
demo_session_02154,demo_user_1099,,2020-01-11 08:25:00,P1,self,5,1.0,1,1,1,4,3,0,0,0.0,,,1,1,0,1,0,0,0,0,0,u:demo_user_1099,0
demo_session_02155,demo_user_764,,2020-03-12 02:28:00,P3,search,5,0.0,1,0,0,0,0,0,0,,,,0,1,1,1,0,0,0,0,0,u:demo_user_764,0
demo_session_02156,0,demo_anon_690,2020-02-08 17:02:00,P2,search,5,1.0,0,1,1,4,1,0,0,1.0,,-1.0,0,1,0,1,0,0,0,0,1,a:demo_anon_690,0
demo_session_02157,demo_user_986,,2020-04-20 01:48:00,P4,search,4,3.0,1,1,0,2,0,0,0,,,,0,0,0,0,0,0,0,0,0,u:demo_user_986,0
demo_session_02158,demo_user_1268,,2020-04-25 06:13:00,P4,feed,4,1.0,1,2,1,3,2,0,0,,,,0,0,1,1,0,0,0,0,0,u:demo_user_1268,0
demo_session_02159,demo_user_521,,2020-01-02 03:26:00,P1,self,5,3.0,1,1,2,3,1,0,0,0.0,,,1,1,1,0,0,0,0,0,0,u:demo_user_521,0
demo_session_02160,demo_user_1262,,2020-01-23 23:34:00,P1,self,3,3.0,1,0,0,0,0,0,0,0.0,,,0,0,0,0,0,1,1,0,0,u:demo_user_1262,0
demo_session_02161,0,demo_anon_380,2020-03-13 02:29:00,P3,self,5,1.0,1,2,0,6,1,0,0,,,,0,0,0,0,0,0,0,0,1,a:demo_anon_380,0
demo_session_02162,demo_user_628,,2020-02-10 07:55:00,P2,feed,5,0.0,1,3,1,4,1,0,0,1.0,,,1,0,1,1,0,0,0,0,0,u:demo_user_628,0
demo_session_02163,demo_user_1423,,2020-01-01 09:41:00,P1,search,5,0.0,1,1,0,3,1,1,0,1.0,,,0,0,0,0,0,0,0,0,0,u:demo_user_1423,0
demo_session_02164,demo_user_1488,,2020-02-25 11:58:00,P2,self,4,0.0,0,1,2,2,0,0,0,1.0,,,1,0,0,0,0,0,0,0,0,u:demo_user_1488,0
demo_session_02165,demo_user_1441,,2020-03-15 17:42:00,P3,self,4,0.0,1,2,2,3,1,0,0,,,,0,1,1,0,0,0,0,0,0,u:demo_user_1441,1
demo_session_02166,demo_user_493,,2020-04-28 18:53:00,P4,search,5,3.0,1,0,1,0,0,0,0,,,,0,0,0,0,0,0,0,0,0,u:demo_user_493,0
demo_session_02167,0,demo_anon_1315,2020-02-19 09:23:00,P2,search,5,1.0,1,2,1,2,1,0,0,0.0,,,0,1,0,0,0,0,0,0,1,a:demo_anon_1315,0
demo_session_02168,0,demo_anon_1460,2020-04-04 17:29:00,P4,search,5,2.0,1,0,0,1,1,0,0,,,,0,1,1,0,0,0,0,0,1,a:demo_anon_1460,0
demo_session_02169,0,demo_anon_1525,2020-02-22 03:13:00,P2,self,5,2.0,1,3,0,4,2,0,0,1.0,,,0,0,0,0,0,0,0,0,1,a:demo_anon_1525,0
demo_session_02170,demo_user_32,,2020-03-21 13:48:00,P3,feed,2,0.0,1,1,1,3,1,0,0,,,,0,0,0,0,0,0,0,0,0,u:demo_user_32,0
demo_session_02171,demo_user_1162,,2020-04-26 02:25:00,P4,search,2,1.0,1,1,2,4,1,0,0,,,1.0,0,0,0,0,0,0,0,0,0,u:demo_user_1162,0
demo_session_02172,demo_user_1554,,2020-04-07 11:55:00,P4,search,4,2.0,0,2,1,3,1,0,0,,,,0,1,0,0,0,0,0,0,0,u:demo_user_1554,0
demo_session_02173,demo_user_1192,,2020-03-22 20:52:00,P3,search,4,3.0,1,1,0,0,0,0,0,,,,0,1,0,1,0,0,0,0,0,u:demo_user_1192,0
demo_session_02174,demo_user_363,,2020-04-09 07:07:00,P4,feed,3,0.0,0,1,0,1,1,0,0,,,,0,0,0,0,1,0,0,0,0,u:demo_user_363,1
demo_session_02175,demo_user_1189,,2020-01-24 13:40:00,P1,feed,3,3.0,1,0,0,0,0,1,0,0.0,,,0,0,0,0,0,0,0,1,0,u:demo_user_1189,0
demo_session_02176,demo_user_164,,2020-04-05 12:31:00,P4,search,3,1.0,1,1,1,4,0,0,0,,,,0,0,0,0,0,1,1,1,0,u:demo_user_164,0
demo_session_02177,demo_user_749,,2020-04-29 16:19:00,P4,search,4,0.0,1,3,0,4,0,0,0,,,,0,1,1,0,0,0,0,0,0,u:demo_user_749,0
demo_session_02178,demo_user_976,,2020-04-26 18:41:00,P4,self,5,2.0,1,3,0,1,0,0,0,,,,1,0,1,0,0,0,0,0,0,u:demo_user_976,0
demo_session_02179,demo_user_712,,2020-01-31 19:13:00,P2,feed,3,0.0,1,1,1,0,0,0,0,0.0,,,0,0,0,0,0,0,0,0,0,u:demo_user_712,0
demo_session_02180,demo_user_1091,,2020-02-21 07:06:00,P2,search,4,2.0,1,1,0,1,1,0,0,0.0,,,0,0,0,0,0,0,0,0,0,u:demo_user_1091,0
demo_session_02181,demo_user_374,,2020-03-23 07:24:00,P3,self,4,0.0,1,0,1,1,0,0,0,,,,0,1,1,0,0,0,0,0,0,u:demo_user_374,1
demo_session_02182,0,demo_anon_945,2020-01-09 20:06:00,P1,self,4,3.0,0,1,0,2,1,1,0,1.0,,,0,0,0,0,0,0,0,0,1,a:demo_anon_945,0
demo_session_02183,0,demo_anon_1005,2020-03-22 15:14:00,P3,feed,5,1.0,0,0,0,0,0,0,0,,,,0,0,0,1,0,0,0,0,1,a:demo_anon_1005,0
demo_session_02184,demo_user_988,,2020-02-03 01:36:00,P2,feed,4,1.0,1,1,2,1,0,0,0,3.0,,,0,0,0,0,0,0,0,0,0,u:demo_user_988,0
demo_session_02185,demo_user_451,,2020-04-11 23:12:00,P4,feed,5,0.0,1,2,1,5,3,0,0,,,,0,1,0,1,0,0,0,0,0,u:demo_user_451,1
demo_session_02186,demo_user_476,,2020-03-14 15:47:00,P3,search,5,2.0,1,0,3,4,0,0,0,,,,1,0,1,0,0,0,0,0,0,u:demo_user_476,0
demo_session_02187,demo_user_402,,2020-02-17 20:44:00,P2,search,5,3.0,0,3,0,4,1,0,0,0.0,,,1,1,1,1,0,0,0,0,0,u:demo_user_402,0
demo_session_02188,0,demo_anon_720,2020-01-07 00:05:00,P1,feed,3,2.0,0,3,1,6,3,0,0,1.0,,,0,0,0,0,1,0,0,0,1,a:demo_anon_720,0
demo_session_02189,demo_user_914,,2020-03-24 12:22:00,P3,self,4,1.0,1,3,0,1,1,0,0,,,,0,1,0,1,0,0,0,0,0,u:demo_user_914,0
demo_session_02190,0,demo_anon_565,2020-03-05 08:29:00,P3,self,4,2.0,1,2,3,3,1,0,0,,,,0,1,0,0,0,0,0,0,1,a:demo_anon_565,0
demo_session_02191,demo_user_639,,2020-03-16 02:42:00,P3,feed,5,0.0,0,0,0,0,0,0,0,,,,0,1,0,0,0,0,0,0,0,u:demo_user_639,0
demo_session_02192,demo_user_446,,2020-01-03 03:16:00,P1,self,5,3.0,1,3,2,7,1,0,0,1.0,,,1,0,0,0,0,0,0,0,0,u:demo_user_446,0
demo_session_02193,demo_user_341,,2020-02-22 08:53:00,P2,search,2,0.0,1,1,0,0,0,0,0,0.0,,,0,0,0,0,0,0,1,0,0,u:demo_user_341,1
demo_session_02194,0,demo_anon_1025,2020-03-31 17:41:00,P4,search,3,3.0,1,1,1,2,2,0,0,,,0.0,0,0,0,0,1,0,1,0,1,a:demo_anon_1025,0
demo_session_02195,demo_user_1273,,2020-04-19 21:57:00,P4,search,4,0.0,1,2,0,5,1,0,0,,,,1,1,1,1,0,0,0,0,0,u:demo_user_1273,0
demo_session_02196,demo_user_453,,2020-02-12 03:03:00,P2,self,4,0.0,0,1,0,2,2,0,0,1.0,,,0,0,1,0,0,0,0,0,0,u:demo_user_453,0
demo_session_02197,demo_user_1342,,2020-01-31 05:33:00,P2,search,5,0.0,1,0,0,1,1,1,0,1.0,,,1,0,1,1,0,0,0,0,0,u:demo_user_1342,1
demo_session_02198,0,demo_anon_890,2020-03-25 17:32:00,P3,self,5,1.0,1,1,0,1,1,0,0,,,,1,1,0,0,0,0,0,0,1,a:demo_anon_890,0
demo_session_02199,demo_user_261,,2020-01-27 21:54:00,P1,feed,4,3.0,0,0,2,4,0,0,0,0.0,,1.0,0,0,0,0,0,0,0,0,0,u:demo_user_261,0
demo_session_02200,0,demo_anon_570,2020-04-16 14:10:00,P4,self,4,2.0,0,2,0,0,0,1,0,,,,0,1,0,1,0,0,0,0,1,a:demo_anon_570,0
demo_session_02201,demo_user_11,,2020-03-16 15:31:00,P3,search,4,0.0,1,0,0,0,0,0,0,,,,1,1,0,0,0,0,0,0,0,u:demo_user_11,1
demo_session_02202,demo_user_61,,2020-04-21 01:20:00,P4,search,2,0.0,1,0,0,1,0,0,0,,,,0,0,0,0,0,1,1,1,0,u:demo_user_61,0
demo_session_02203,demo_user_524,,2020-01-23 19:58:00,P1,self,4,1.0,1,1,2,6,1,0,0,1.0,,,0,0,0,0,0,0,0,0,0,u:demo_user_524,0
demo_session_02204,demo_user_708,,2020-01-11 01:55:00,P1,self,5,3.0,0,2,1,2,0,0,0,2.0,,,1,1,0,0,0,0,0,0,0,u:demo_user_708,0
demo_session_02205,demo_user_1244,,2020-04-09 14:23:00,P4,search,5,3.0,1,1,0,3,0,0,0,,,,0,0,1,1,0,0,0,0,0,u:demo_user_1244,0
demo_session_02206,demo_user_209,,2020-02-04 16:03:00,P2,self,4,0.0,1,2,1,3,1,0,0,0.0,,,0,1,1,0,0,0,0,0,0,u:demo_user_209,1
demo_session_02207,demo_user_1309,,2020-02-10 18:15:00,P2,self,4,0.0,1,3,1,3,1,1,0,0.0,,,1,1,0,0,0,0,0,0,0,u:demo_user_1309,1
demo_session_02208,0,demo_anon_365,2020-02-02 04:09:00,P2,search,3,2.0,1,1,1,1,0,0,0,1.0,,-1.0,0,0,0,0,0,0,0,0,1,a:demo_anon_365,0
demo_session_02209,0,demo_anon_215,2020-02-20 12:45:00,P2,feed,3,2.0,1,0,0,0,0,1,0,0.0,,,0,0,0,0,0,0,0,1,1,a:demo_anon_215,0
demo_session_02210,demo_user_1091,,2020-04-17 20:42:00,P4,search,4,2.0,1,2,0,2,0,0,0,,,,1,1,0,0,0,0,0,0,0,u:demo_user_1091,0
demo_session_02211,demo_user_1207,,2020-03-22 21:04:00,P3,self,5,2.0,1,2,1,1,0,0,0,,,,0,1,0,1,0,0,0,0,0,u:demo_user_1207,0
demo_session_02212,demo_user_943,,2020-01-09 15:42:00,P1,feed,3,2.0,1,0,1,0,0,0,0,1.0,,,0,0,0,0,0,0,1,0,0,u:demo_user_943,0
demo_session_02213,0,demo_anon_180,2020-04-16 05:05:00,P4,search,4,1.0,0,0,0,0,0,0,0,,,-0.0,0,1,1,0,0,0,0,0,1,a:demo_anon_180,0
demo_session_02214,demo_user_179,,2020-02-22 22:53:00,P2,search,2,2.0,1,3,0,0,0,0,0,1.0,,,0,0,0,0,0,0,1,0,0,u:demo_user_179,0
demo_session_02215,demo_user_608,,2020-03-23 19:06:00,P3,search,3,2.0,1,1,1,2,0,0,0,,,,0,0,0,0,1,0,0,0,0,u:demo_user_608,0
demo_session_02216,demo_user_702,,2020-02-13 20:19:00,P2,self,3,0.0,0,1,0,0,0,0,0,0.0,,,0,0,0,0,0,0,1,0,0,u:demo_user_702,0
demo_session_02217,demo_user_1557,,2020-01-12 07:18:00,P1,self,5,2.0,0,3,1,3,1,0,0,0.0,,,1,1,0,0,0,0,0,0,0,u:demo_user_1557,0
demo_session_02218,demo_user_446,,2020-02-20 08:50:00,P2,search,5,3.0,1,1,0,3,0,0,0,0.0,,,0,1,0,1,0,0,0,0,0,u:demo_user_446,0
demo_session_02219,0,demo_anon_300,2020-02-10 13:36:00,P2,self,5,3.0,0,0,0,1,1,0,0,0.0,,,0,1,1,0,0,0,0,0,1,a:demo_anon_300,0
demo_session_02220,0,demo_anon_1475,2020-01-03 03:29:00,P1,search,3,2.0,1,1,0,1,0,0,0,0.0,,,0,0,0,0,1,0,0,0,1,a:demo_anon_1475,0
demo_session_02221,0,demo_anon_240,2020-03-31 00:10:00,P4,self,4,0.0,0,2,1,3,1,1,0,,,,1,1,0,0,0,0,0,0,1,a:demo_anon_240,0
demo_session_02222,demo_user_41,,2020-04-13 09:33:00,P4,self,5,0.0,1,0,1,1,1,0,0,,,,1,1,0,1,0,0,0,0,0,u:demo_user_41,0
demo_session_02223,demo_user_659,,2020-04-18 22:19:00,P4,self,5,1.0,1,1,2,2,1,0,0,,,,1,1,0,0,0,0,0,0,0,u:demo_user_659,0
demo_session_02224,0,demo_anon_625,2020-01-30 07:26:00,P1,search,3,2.0,1,0,0,1,0,0,0,0.0,,,0,0,0,0,0,0,0,1,1,a:demo_anon_625,0
demo_session_02225,demo_user_966,,2020-03-17 01:25:00,P3,search,3,2.0,0,0,0,1,1,0,0,,,,0,0,0,0,0,0,0,0,0,u:demo_user_966,0
demo_session_02226,demo_user_1369,,2020-03-04 20:18:00,P3,self,5,1.0,1,1,1,2,0,0,0,,,,0,1,1,0,0,0,0,0,0,u:demo_user_1369,0
demo_session_02227,0,demo_anon_1455,2020-03-12 12:55:00,P3,self,5,2.0,0,1,1,2,0,0,0,,,,0,1,0,1,0,0,0,0,1,a:demo_anon_1455,0
demo_session_02228,demo_user_451,,2020-04-05 18:13:00,P4,self,4,0.0,1,3,0,2,2,0,0,,,,0,1,0,0,0,0,0,0,0,u:demo_user_451,1
demo_session_02229,0,demo_anon_1530,2020-02-15 12:09:00,P2,feed,3,2.0,0,1,1,3,2,0,0,0.0,,,0,0,0,0,1,0,0,0,1,a:demo_anon_1530,0
demo_session_02230,demo_user_986,,2020-02-02 23:33:00,P2,self,4,3.0,1,1,2,0,0,0,0,0.0,,,0,1,1,1,0,0,0,0,0,u:demo_user_986,0
demo_session_02231,demo_user_108,,2020-02-27 08:47:00,P2,search,5,1.0,0,1,0,3,1,0,0,0.0,,,0,0,0,1,0,0,0,0,0,u:demo_user_108,0
demo_session_02232,demo_user_1463,,2020-03-20 21:06:00,P3,self,5,0.0,1,3,4,3,0,0,0,,,,0,1,0,0,0,0,0,0,0,u:demo_user_1463,1
demo_session_02233,0,demo_anon_215,2020-02-21 20:48:00,P2,self,4,2.0,1,3,1,2,0,0,0,0.0,,,0,0,1,0,0,0,0,0,1,a:demo_anon_215,0
demo_session_02234,demo_user_918,,2020-02-06 09:56:00,P2,search,3,1.0,0,0,0,1,1,1,0,2.0,,,0,0,0,0,1,0,0,0,0,u:demo_user_918,0
demo_session_02235,demo_user_1233,,2020-01-07 14:54:00,P1,search,5,3.0,0,1,1,3,1,0,0,0.0,,,1,1,0,1,0,0,0,0,0,u:demo_user_1233,0
demo_session_02236,demo_user_389,,2020-03-09 18:19:00,P3,self,4,3.0,1,0,0,1,0,0,0,,,1.0,0,1,1,1,0,0,0,0,0,u:demo_user_389,0
demo_session_02237,demo_user_422,,2020-01-03 14:56:00,P1,feed,2,0.0,1,0,0,4,0,0,0,0.0,,,0,0,0,0,0,0,0,0,0,u:demo_user_422,0
demo_session_02238,demo_user_742,,2020-02-26 11:38:00,P2,self,5,1.0,1,3,1,4,2,0,0,0.0,,,0,1,0,0,0,0,0,0,0,u:demo_user_742,0
demo_session_02239,0,demo_anon_1380,2020-03-15 02:07:00,P3,self,4,0.0,0,2,0,6,2,0,0,,,,0,0,0,0,0,0,0,0,1,a:demo_anon_1380,0
demo_session_02240,demo_user_348,,2020-02-25 08:01:00,P2,self,3,1.0,0,0,0,1,1,0,0,2.0,,,0,0,0,0,0,0,0,0,0,u:demo_user_348,0
demo_session_02241,demo_user_1034,,2020-03-02 04:20:00,P3,search,4,0.0,1,0,0,0,0,0,0,,,,0,0,0,0,0,0,0,0,0,u:demo_user_1034,1
demo_session_02242,demo_user_706,,2020-02-03 07:00:00,P2,search,4,3.0,1,2,0,3,1,0,0,0.0,,,0,0,0,0,0,0,0,0,0,u:demo_user_706,0
demo_session_02243,demo_user_174,,2020-01-30 09:17:00,P1,self,1,3.0,0,0,0,0,0,0,0,1.0,,,0,0,0,0,0,0,1,0,0,u:demo_user_174,0
demo_session_02244,demo_user_1108,,2020-04-11 09:19:00,P4,feed,5,0.0,1,1,0,1,0,1,0,,,,0,0,0,0,0,0,0,0,0,u:demo_user_1108,0
demo_session_02245,demo_user_1298,,2020-04-17 03:07:00,P4,search,5,0.0,1,1,1,2,0,0,0,,,,0,1,0,0,0,0,0,0,0,u:demo_user_1298,1
demo_session_02246,demo_user_897,,2020-01-20 05:44:00,P1,feed,4,3.0,0,0,1,1,0,0,0,1.0,,,0,0,0,0,0,0,0,0,0,u:demo_user_897,0
demo_session_02247,0,demo_anon_275,2020-01-25 18:59:00,P1,feed,4,0.0,1,1,0,1,0,0,0,1.0,,,1,0,0,0,0,0,0,0,1,a:demo_anon_275,1
demo_session_02248,demo_user_242,,2020-02-12 20:36:00,P2,feed,3,0.0,1,0,1,2,0,0,0,1.0,,,0,0,0,0,0,1,0,0,0,u:demo_user_242,1
demo_session_02249,0,demo_anon_660,2020-03-25 01:26:00,P3,search,2,0.0,0,1,0,1,0,0,0,,,,0,0,0,0,0,0,0,1,1,a:demo_anon_660,1
demo_session_02250,0,demo_anon_790,2020-01-08 10:05:00,P1,self,4,0.0,1,2,0,0,0,0,0,0.0,,1.0,0,0,0,0,0,0,0,0,1,a:demo_anon_790,0
demo_session_02251,demo_user_861,,2020-04-04 14:29:00,P4,search,5,1.0,0,1,0,2,0,0,0,,,,0,0,0,1,0,0,0,0,0,u:demo_user_861,0
demo_session_02252,0,demo_anon_380,2020-01-01 19:55:00,P1,search,4,1.0,1,0,2,3,2,0,0,0.0,,,0,1,0,0,0,0,0,0,1,a:demo_anon_380,0
demo_session_02253,demo_user_781,,2020-04-10 19:51:00,P4,search,5,0.0,1,2,0,6,1,0,0,,,-1.0,0,1,0,1,0,0,0,0,0,u:demo_user_781,1
demo_session_02254,0,demo_anon_460,2020-01-05 21:50:00,P1,search,5,0.0,1,2,1,3,1,0,0,0.0,,,1,1,1,0,0,0,0,0,1,a:demo_anon_460,0
demo_session_02255,0,demo_anon_1070,2020-04-10 17:50:00,P4,self,2,0.0,1,1,0,1,1,0,0,,,,0,0,0,0,0,1,0,0,1,a:demo_anon_1070,0
demo_session_02256,demo_user_1242,,2020-04-23 05:54:00,P4,feed,5,3.0,0,0,1,0,0,0,0,,,,0,1,1,0,0,0,0,0,0,u:demo_user_1242,0
demo_session_02257,demo_user_1018,,2020-04-05 07:14:00,P4,self,2,0.0,1,2,0,2,0,0,0,,,,0,0,0,0,1,1,0,0,0,u:demo_user_1018,0
demo_session_02258,demo_user_1,,2020-04-28 02:17:00,P4,feed,5,2.0,1,1,0,2,1,0,0,,,,0,1,0,1,0,0,0,0,0,u:demo_user_1,0
demo_session_02259,demo_user_1547,,2020-02-24 22:27:00,P2,self,5,1.0,1,3,0,3,2,0,0,0.0,,,0,0,0,1,0,0,0,0,0,u:demo_user_1547,0
demo_session_02260,demo_user_37,,2020-03-18 00:02:00,P3,self,4,2.0,1,3,1,5,2,0,0,,,,0,0,1,0,0,0,0,0,0,u:demo_user_37,0
demo_session_02261,demo_user_1559,,2020-03-15 20:51:00,P3,feed,4,0.0,1,0,1,3,1,1,0,,,,0,1,0,0,0,0,0,0,0,u:demo_user_1559,0
demo_session_02262,demo_user_49,,2020-01-02 09:52:00,P1,feed,5,0.0,1,0,1,2,1,0,0,0.0,,,0,1,1,1,0,0,0,0,0,u:demo_user_49,0
demo_session_02263,0,demo_anon_805,2020-04-12 22:12:00,P4,search,5,2.0,1,2,1,4,3,0,0,,,,1,0,1,0,0,0,0,0,1,a:demo_anon_805,0
demo_session_02264,0,demo_anon_165,2020-03-25 14:30:00,P3,feed,4,0.0,0,1,1,3,2,0,0,,,,0,1,1,1,0,0,0,0,1,a:demo_anon_165,1
demo_session_02265,demo_user_148,,2020-02-20 10:26:00,P2,self,5,1.0,1,0,1,2,0,0,0,1.0,,,0,1,0,0,0,0,0,0,0,u:demo_user_148,0
demo_session_02266,demo_user_1066,,2020-01-26 18:22:00,P1,feed,3,2.0,1,1,0,5,2,0,0,0.0,,,0,0,0,0,1,0,0,0,0,u:demo_user_1066,0
demo_session_02267,0,demo_anon_1135,2020-03-21 12:03:00,P3,self,4,0.0,1,1,1,0,0,0,0,,,,0,1,0,0,0,0,0,0,1,a:demo_anon_1135,0
demo_session_02268,demo_user_184,,2020-04-27 18:47:00,P4,search,5,1.0,1,0,0,2,1,0,0,,,,1,0,0,0,0,0,0,0,0,u:demo_user_184,0
demo_session_02269,demo_user_1523,,2020-01-20 03:27:00,P1,search,5,1.0,1,1,1,2,0,0,0,1.0,,,1,1,1,1,0,0,0,0,0,u:demo_user_1523,0
demo_session_02270,demo_user_499,,2020-04-20 09:44:00,P4,self,1,0.0,1,0,0,0,0,0,0,,,-2.0,0,0,0,0,0,0,0,0,0,u:demo_user_499,0
demo_session_02271,demo_user_496,,2020-03-08 18:18:00,P3,search,4,2.0,1,1,1,3,1,0,0,,,,0,0,1,0,0,0,0,0,0,u:demo_user_496,0
demo_session_02272,demo_user_463,,2020-04-04 15:42:00,P4,search,4,2.0,1,3,0,4,2,0,0,,,,0,0,1,0,0,0,0,0,0,u:demo_user_463,0
demo_session_02273,demo_user_719,,2020-01-17 22:12:00,P1,self,5,3.0,1,3,0,2,0,0,0,0.0,,,1,0,0,1,0,0,0,0,0,u:demo_user_719,0
demo_session_02274,demo_user_277,,2020-01-13 13:05:00,P1,feed,5,3.0,1,1,0,2,2,0,0,1.0,,,0,0,1,1,0,0,0,0,0,u:demo_user_277,0
demo_session_02275,demo_user_662,,2020-03-20 05:38:00,P3,search,5,1.0,1,1,0,2,2,0,0,,,,0,1,0,1,0,0,0,0,0,u:demo_user_662,0
demo_session_02276,demo_user_327,,2020-02-04 00:30:00,P2,self,3,0.0,0,0,1,1,0,0,0,0.0,,,0,0,0,0,0,0,0,0,0,u:demo_user_327,0
demo_session_02277,0,demo_anon_80,2020-02-15 05:16:00,P2,search,1,2.0,1,0,0,1,0,0,0,0.0,,,0,0,0,0,1,0,0,0,1,a:demo_anon_80,0
demo_session_02278,0,demo_anon_575,2020-03-15 16:01:00,P3,self,4,1.0,1,1,1,2,2,0,0,,,,0,0,0,0,0,0,0,0,1,a:demo_anon_575,0
demo_session_02279,demo_user_1048,,2020-01-28 08:11:00,P1,self,2,2.0,1,3,0,1,0,0,0,1.0,,,0,0,0,0,0,0,1,0,0,u:demo_user_1048,0
demo_session_02280,0,demo_anon_1190,2020-02-10 23:42:00,P2,search,3,0.0,1,2,0,1,1,0,0,1.0,,,0,0,0,0,1,0,0,0,1,a:demo_anon_1190,0
demo_session_02281,demo_user_551,,2020-02-13 06:56:00,P2,self,3,2.0,1,0,0,2,0,0,0,1.0,,,0,0,0,0,1,0,0,0,0,u:demo_user_551,0
demo_session_02282,0,demo_anon_505,2020-02-12 07:48:00,P2,self,5,3.0,1,2,0,2,0,0,0,2.0,,3.0,0,0,0,0,0,0,0,0,1,a:demo_anon_505,0
demo_session_02283,demo_user_1228,,2020-03-25 04:04:00,P3,search,4,3.0,1,1,0,0,0,0,0,,,,0,1,1,0,0,0,0,0,0,u:demo_user_1228,0
demo_session_02284,demo_user_1062,,2020-01-19 04:59:00,P1,self,5,3.0,0,3,3,3,0,0,0,1.0,,,0,1,0,0,0,0,0,0,0,u:demo_user_1062,0
demo_session_02285,demo_user_1298,,2020-04-18 23:08:00,P4,feed,5,0.0,1,1,1,2,0,0,0,,,,1,0,1,1,0,0,0,0,0,u:demo_user_1298,1
demo_session_02286,demo_user_1413,,2020-03-26 22:31:00,P3,search,5,1.0,0,2,0,3,2,0,0,,,,0,1,0,0,0,0,0,0,0,u:demo_user_1413,0
demo_session_02287,demo_user_1281,,2020-01-02 08:29:00,P1,self,4,0.0,0,0,2,2,0,0,0,0.0,,,0,1,1,0,0,0,0,0,0,u:demo_user_1281,0
demo_session_02288,0,demo_anon_1460,2020-03-08 19:46:00,P3,search,5,2.0,1,2,1,5,1,0,0,,,,1,1,1,0,0,0,0,0,1,a:demo_anon_1460,0
demo_session_02289,demo_user_649,,2020-01-21 03:24:00,P1,self,4,0.0,1,2,0,4,2,0,0,0.0,,,0,1,1,0,0,0,0,0,0,u:demo_user_649,1
demo_session_02290,0,demo_anon_615,2020-01-19 07:51:00,P1,search,5,1.0,0,1,0,1,1,0,0,0.0,,,1,0,1,0,0,0,0,0,1,a:demo_anon_615,0
demo_session_02291,demo_user_501,,2020-03-25 16:30:00,P3,self,5,3.0,0,0,0,0,0,0,0,,,1.0,0,0,0,0,0,0,0,0,0,u:demo_user_501,0
demo_session_02292,demo_user_366,,2020-01-30 21:47:00,P1,feed,2,1.0,0,1,1,1,0,0,0,0.0,,,0,0,0,0,1,1,1,0,0,u:demo_user_366,0
demo_session_02293,demo_user_1168,,2020-03-09 05:57:00,P3,self,4,3.0,1,3,0,3,2,0,0,,,,0,0,0,1,0,0,0,0,0,u:demo_user_1168,0
demo_session_02294,demo_user_1114,,2020-02-04 02:41:00,P2,search,3,1.0,1,0,4,1,0,0,0,0.0,,,0,0,0,0,1,0,0,0,0,u:demo_user_1114,0
demo_session_02295,0,demo_anon_1250,2020-02-08 07:14:00,P2,self,4,0.0,1,3,1,3,2,0,0,0.0,,,0,1,1,0,0,0,0,0,1,a:demo_anon_1250,0
demo_session_02296,demo_user_261,,2020-03-21 11:49:00,P3,self,5,3.0,0,1,1,1,1,0,0,,,,1,1,0,1,0,0,0,0,0,u:demo_user_261,0
demo_session_02297,demo_user_766,,2020-03-19 05:04:00,P3,search,5,2.0,1,1,0,1,1,0,0,,,,0,1,0,0,0,0,0,0,0,u:demo_user_766,0
demo_session_02298,demo_user_346,,2020-01-03 13:56:00,P1,search,3,0.0,1,1,0,0,0,0,0,1.0,,0.0,0,0,0,0,0,0,1,0,0,u:demo_user_346,0
demo_session_02299,demo_user_1393,,2020-04-14 01:30:00,P4,feed,4,2.0,1,0,0,0,0,1,0,,,,0,1,0,0,0,0,0,0,0,u:demo_user_1393,0
demo_session_02300,demo_user_417,,2020-03-11 10:33:00,P3,self,5,3.0,0,3,1,6,2,0,0,,,,0,0,1,0,0,0,0,0,0,u:demo_user_417,0
demo_session_02301,demo_user_224,,2020-01-31 22:58:00,P2,self,4,3.0,1,1,0,0,0,1,0,1.0,,,0,1,0,0,0,0,0,0,0,u:demo_user_224,0
demo_session_02302,demo_user_888,,2020-01-14 12:50:00,P1,self,3,0.0,0,3,0,4,3,0,0,0.0,,,0,0,0,0,0,0,0,0,0,u:demo_user_888,0
demo_session_02303,demo_user_1371,,2020-02-28 06:44:00,P2,self,2,1.0,0,1,0,1,0,0,0,1.0,,,0,0,0,0,1,0,0,1,0,u:demo_user_1371,0
demo_session_02304,demo_user_1428,,2020-03-24 11:47:00,P3,feed,5,2.0,0,1,1,1,1,0,0,,,,1,0,0,1,0,0,0,0,0,u:demo_user_1428,0
demo_session_02305,demo_user_149,,2020-01-03 11:48:00,P1,feed,3,0.0,1,3,0,6,3,0,0,1.0,,,0,0,0,0,0,0,0,0,0,u:demo_user_149,0
demo_session_02306,demo_user_508,,2020-02-04 18:43:00,P2,feed,5,0.0,1,1,1,0,0,0,0,0.0,,,1,0,0,0,0,0,0,0,0,u:demo_user_508,0
demo_session_02307,demo_user_239,,2020-04-23 12:28:00,P4,self,5,3.0,1,0,0,0,0,0,0,,,,0,1,0,0,0,0,0,0,0,u:demo_user_239,0
demo_session_02308,0,demo_anon_480,2020-01-13 00:47:00,P1,search,3,0.0,0,0,0,1,0,0,0,3.0,,,0,0,0,0,0,0,0,0,1,a:demo_anon_480,0
demo_session_02309,demo_user_832,,2020-04-06 04:44:00,P4,search,3,2.0,1,3,0,4,3,0,0,,,,0,0,0,0,1,0,0,0,0,u:demo_user_832,0
demo_session_02310,demo_user_437,,2020-01-29 14:19:00,P1,self,3,3.0,1,1,1,1,1,0,0,0.0,,,0,0,0,0,1,0,0,0,0,u:demo_user_437,0
demo_session_02311,0,demo_anon_105,2020-03-01 14:39:00,P3,search,4,0.0,0,0,0,2,1,1,0,,,,0,1,0,1,0,0,0,0,1,a:demo_anon_105,0
demo_session_02312,0,demo_anon_795,2020-04-01 14:20:00,P4,self,5,0.0,0,2,2,2,0,0,0,,,,0,1,0,0,0,0,0,0,1,a:demo_anon_795,0
demo_session_02313,demo_user_82,,2020-04-29 00:57:00,P4,self,4,0.0,1,4,1,1,1,0,0,,,,1,1,0,0,0,0,0,0,0,u:demo_user_82,0
demo_session_02314,demo_user_353,,2020-03-13 09:57:00,P3,feed,4,2.0,1,2,0,1,0,0,0,,,,1,1,1,0,0,0,0,0,0,u:demo_user_353,0
demo_session_02315,0,demo_anon_0,2020-01-27 10:13:00,P1,self,4,0.0,0,1,1,3,3,0,0,3.0,,,1,1,0,0,0,0,0,0,1,a:demo_anon_0,1
demo_session_02316,0,demo_anon_135,2020-01-10 19:33:00,P1,feed,4,3.0,0,0,0,1,0,0,0,1.0,,,0,1,0,0,0,0,0,0,1,a:demo_anon_135,0
demo_session_02317,0,demo_anon_680,2020-03-30 06:38:00,P3,self,5,1.0,1,2,3,3,1,0,0,,,,1,0,1,1,0,0,0,0,1,a:demo_anon_680,0
demo_session_02318,demo_user_1327,,2020-03-10 09:58:00,P3,self,5,2.0,1,3,0,1,0,0,0,,,,0,1,1,0,0,0,0,0,0,u:demo_user_1327,0
demo_session_02319,demo_user_1208,,2020-04-02 08:10:00,P4,self,5,2.0,1,0,1,2,1,0,0,,,,1,1,0,0,0,0,0,0,0,u:demo_user_1208,0
demo_session_02320,demo_user_154,,2020-04-28 11:11:00,P4,self,5,0.0,1,3,1,3,1,0,0,,,,0,0,0,0,0,0,0,0,0,u:demo_user_154,1
demo_session_02321,demo_user_54,,2020-04-09 16:51:00,P4,search,5,3.0,0,3,0,6,3,1,0,,,,1,1,1,1,0,0,0,0,0,u:demo_user_54,0
demo_session_02322,demo_user_527,,2020-03-01 04:39:00,P3,self,1,1.0,1,2,0,1,1,0,0,,,,0,0,0,0,1,0,0,0,0,u:demo_user_527,0
demo_session_02323,demo_user_1017,,2020-03-23 05:04:00,P3,search,2,3.0,0,1,1,1,0,0,0,,,,0,0,0,0,0,1,1,0,0,u:demo_user_1017,0
demo_session_02324,demo_user_1164,,2020-03-16 00:09:00,P3,feed,2,3.0,0,0,1,3,2,0,0,,,,0,0,0,0,0,0,0,1,0,u:demo_user_1164,0
demo_session_02325,demo_user_1284,,2020-01-23 20:54:00,P1,self,3,3.0,0,3,1,0,0,1,0,1.0,,,0,0,0,0,0,0,1,0,0,u:demo_user_1284,0
demo_session_02326,demo_user_533,,2020-02-07 01:39:00,P2,self,4,1.0,1,1,0,3,1,1,0,1.0,,,0,1,1,1,0,0,0,0,0,u:demo_user_533,0
demo_session_02327,demo_user_262,,2020-01-11 23:02:00,P1,search,4,0.0,1,2,1,3,1,0,0,1.0,,,1,1,0,0,0,0,0,0,0,u:demo_user_262,0
demo_session_02328,demo_user_41,,2020-02-14 05:04:00,P2,search,5,0.0,1,1,0,1,0,0,0,2.0,,,0,1,1,0,0,0,0,0,0,u:demo_user_41,0
demo_session_02329,demo_user_229,,2020-01-22 15:25:00,P1,search,5,0.0,1,3,1,1,0,1,0,1.0,,,0,1,0,1,0,0,0,0,0,u:demo_user_229,0
demo_session_02330,demo_user_101,,2020-04-17 15:00:00,P4,self,1,0.0,1,2,0,2,0,0,0,,,,0,0,0,0,1,0,0,0,0,u:demo_user_101,0
demo_session_02331,demo_user_1342,,2020-04-12 23:57:00,P4,search,3,0.0,1,0,0,2,1,0,0,,,,0,0,0,0,1,1,0,0,0,u:demo_user_1342,1
demo_session_02332,demo_user_418,,2020-03-28 07:59:00,P3,search,5,0.0,1,0,0,0,0,0,0,,,,0,1,0,0,0,0,0,0,0,u:demo_user_418,1
demo_session_02333,demo_user_1284,,2020-02-18 05:44:00,P2,self,4,3.0,0,1,0,1,0,0,0,1.0,,1.0,0,1,0,1,0,0,0,0,0,u:demo_user_1284,0
demo_session_02334,demo_user_862,,2020-01-01 21:53:00,P1,self,5,2.0,1,3,1,3,1,0,0,0.0,,,0,0,0,0,0,0,0,0,0,u:demo_user_862,0
demo_session_02335,0,demo_anon_840,2020-03-06 12:57:00,P3,feed,4,0.0,0,1,1,1,1,0,0,,,,0,1,1,0,0,0,0,0,1,a:demo_anon_840,0
demo_session_02336,demo_user_709,,2020-01-03 23:23:00,P1,self,4,0.0,1,0,1,1,0,0,0,1.0,,,1,1,0,0,0,0,0,0,0,u:demo_user_709,0
demo_session_02337,demo_user_1277,,2020-01-04 01:04:00,P1,self,3,3.0,1,2,1,1,1,0,0,1.0,,,0,0,0,0,0,0,1,1,0,u:demo_user_1277,0
demo_session_02338,demo_user_67,,2020-01-19 13:44:00,P1,self,4,2.0,1,6,1,7,4,0,0,1.0,,,0,1,1,0,0,0,0,0,0,u:demo_user_67,0
demo_session_02339,demo_user_144,,2020-02-28 23:18:00,P2,search,5,3.0,0,2,1,2,1,0,0,1.0,,,0,1,0,0,0,0,0,0,0,u:demo_user_144,0
demo_session_02340,0,demo_anon_660,2020-03-30 21:33:00,P3,search,4,0.0,0,0,1,3,1,0,0,,,,1,0,0,0,0,0,0,0,1,a:demo_anon_660,1
demo_session_02341,0,demo_anon_615,2020-02-19 02:41:00,P2,self,5,1.0,0,1,0,1,0,0,0,0.0,,,0,0,1,0,0,0,0,0,1,a:demo_anon_615,0
demo_session_02342,demo_user_851,,2020-04-03 00:16:00,P4,search,5,2.0,1,0,1,0,0,1,0,,,,0,1,0,0,0,0,0,0,0,u:demo_user_851,0
demo_session_02343,0,demo_anon_1150,2020-03-05 03:32:00,P3,search,4,1.0,1,1,1,3,2,0,0,,,,0,1,0,0,0,0,0,0,1,a:demo_anon_1150,0
demo_session_02344,demo_user_916,,2020-04-17 05:37:00,P4,self,4,2.0,1,4,1,1,1,0,0,,,,0,1,0,0,0,0,0,0,0,u:demo_user_916,0
demo_session_02345,demo_user_401,,2020-02-15 00:47:00,P2,feed,5,1.0,1,1,2,2,1,0,0,2.0,,,1,0,0,0,0,0,0,0,0,u:demo_user_401,0
demo_session_02346,0,demo_anon_510,2020-02-06 00:56:00,P2,self,5,0.0,0,4,0,2,0,0,0,1.0,,,0,1,1,1,0,0,0,0,1,a:demo_anon_510,0
demo_session_02347,demo_user_1173,,2020-01-10 01:16:00,P1,self,5,1.0,0,2,1,2,1,0,0,1.0,,,0,0,0,1,0,0,0,0,0,u:demo_user_1173,0
demo_session_02348,demo_user_314,,2020-01-27 06:46:00,P1,feed,4,2.0,1,0,0,1,0,0,0,1.0,,,0,1,0,0,0,0,0,0,0,u:demo_user_314,0
demo_session_02349,demo_user_786,,2020-01-06 06:36:00,P1,feed,3,3.0,0,1,0,2,1,0,0,0.0,,2.0,0,0,0,0,0,0,1,1,0,u:demo_user_786,0
demo_session_02350,0,demo_anon_840,2020-01-21 20:13:00,P1,self,5,0.0,0,2,0,3,2,0,0,1.0,,,0,1,0,1,0,0,0,0,1,a:demo_anon_840,0
demo_session_02351,0,demo_anon_1170,2020-04-23 23:24:00,P4,feed,5,3.0,0,1,0,1,0,0,0,,,,0,0,0,1,0,0,0,0,1,a:demo_anon_1170,0
demo_session_02352,demo_user_1114,,2020-03-06 08:02:00,P3,search,1,1.0,1,0,1,1,0,0,0,,,,0,0,0,0,0,0,0,0,0,u:demo_user_1114,0
demo_session_02353,demo_user_724,,2020-03-13 10:59:00,P3,self,5,1.0,1,0,1,2,0,0,0,,,,0,1,0,1,0,0,0,0,0,u:demo_user_724,0
demo_session_02354,demo_user_482,,2020-02-16 04:07:00,P2,feed,4,2.0,1,0,1,1,0,0,0,0.0,,,0,1,1,0,0,0,0,0,0,u:demo_user_482,0
demo_session_02355,demo_user_573,,2020-03-18 04:58:00,P3,search,5,3.0,0,3,0,3,0,0,0,,,,0,0,0,1,0,0,0,0,0,u:demo_user_573,0
demo_session_02356,demo_user_642,,2020-03-08 11:13:00,P3,self,5,1.0,0,3,0,3,0,0,0,,,,0,0,0,1,0,0,0,0,0,u:demo_user_642,0
demo_session_02357,demo_user_341,,2020-04-19 20:24:00,P4,search,3,0.0,1,2,0,0,0,0,0,,,,0,0,0,0,1,0,0,0,0,u:demo_user_341,1
demo_session_02358,0,demo_anon_975,2020-04-05 11:05:00,P4,self,2,2.0,0,1,1,0,0,0,0,,,,0,0,0,0,1,0,0,0,1,a:demo_anon_975,0
demo_session_02359,0,demo_anon_325,2020-03-07 02:28:00,P3,self,5,2.0,1,2,0,3,1,0,0,,,,0,0,0,0,0,0,0,0,1,a:demo_anon_325,0
demo_session_02360,demo_user_1011,,2020-04-03 19:03:00,P4,feed,5,3.0,0,2,0,2,1,0,0,,,,0,1,1,1,0,0,0,0,0,u:demo_user_1011,0
demo_session_02361,demo_user_1172,,2020-03-14 20:47:00,P3,search,4,2.0,1,2,0,4,2,0,0,,,,1,1,1,0,0,0,0,0,0,u:demo_user_1172,0
demo_session_02362,0,demo_anon_1500,2020-04-29 08:55:00,P4,search,4,2.0,0,1,0,2,0,0,0,,,,1,1,0,1,0,0,0,0,1,a:demo_anon_1500,0
demo_session_02363,0,demo_anon_185,2020-03-03 18:21:00,P3,search,5,2.0,1,0,1,2,0,1,0,,,,1,0,1,0,0,0,0,0,1,a:demo_anon_185,0
demo_session_02364,0,demo_anon_1185,2020-04-12 03:03:00,P4,search,5,0.0,0,0,1,1,1,0,0,,,,0,1,0,1,0,0,0,0,1,a:demo_anon_1185,0
demo_session_02365,demo_user_134,,2020-01-22 02:48:00,P1,self,5,3.0,1,1,0,2,0,1,0,0.0,,,0,0,0,1,0,0,0,0,0,u:demo_user_134,0
demo_session_02366,demo_user_526,,2020-01-21 04:37:00,P1,feed,5,2.0,1,1,1,4,1,0,0,0.0,,,0,0,1,0,0,0,0,0,0,u:demo_user_526,0
demo_session_02367,0,demo_anon_275,2020-02-07 09:09:00,P2,search,5,0.0,1,1,1,1,0,1,0,0.0,,,1,0,0,0,0,0,0,0,1,a:demo_anon_275,1
demo_session_02368,demo_user_253,,2020-04-08 19:37:00,P4,search,5,0.0,1,1,0,2,2,0,0,,,,1,1,0,0,0,0,0,0,0,u:demo_user_253,1
demo_session_02369,demo_user_273,,2020-04-16 02:53:00,P4,search,3,0.0,0,2,1,4,1,0,0,,,,0,0,0,0,0,0,0,0,0,u:demo_user_273,0
demo_session_02370,demo_user_68,,2020-02-18 03:16:00,P2,self,2,0.0,1,1,1,7,5,0,0,0.0,,,0,0,0,0,0,0,1,0,0,u:demo_user_68,0
demo_session_02371,demo_user_1284,,2020-02-23 06:19:00,P2,self,5,3.0,0,2,0,3,0,1,0,0.0,,,0,1,0,0,0,0,0,0,0,u:demo_user_1284,0
demo_session_02372,0,demo_anon_95,2020-02-28 16:54:00,P2,self,4,0.0,1,1,1,4,0,0,0,1.0,,,0,0,0,0,0,0,0,0,1,a:demo_anon_95,0
demo_session_02373,demo_user_621,,2020-01-25 11:57:00,P1,self,1,0.0,0,2,2,1,0,0,0,0.0,,,0,0,0,0,1,1,0,0,0,u:demo_user_621,0
demo_session_02374,0,demo_anon_1090,2020-03-05 10:43:00,P3,search,5,0.0,1,0,2,3,2,0,0,,,,0,1,1,1,0,0,0,0,1,a:demo_anon_1090,0
demo_session_02375,0,demo_anon_1545,2020-04-09 08:45:00,P4,feed,5,2.0,0,0,0,0,0,0,0,,,,0,1,0,1,0,0,0,0,1,a:demo_anon_1545,0
demo_session_02376,demo_user_1331,,2020-03-31 03:03:00,P4,self,5,0.0,1,1,1,2,1,0,0,,,,0,1,0,1,0,0,0,0,0,u:demo_user_1331,1
demo_session_02377,demo_user_214,,2020-01-11 11:26:00,P1,self,5,0.0,1,2,1,0,0,0,0,0.0,,1.0,0,1,0,1,0,0,0,0,0,u:demo_user_214,0
demo_session_02378,0,demo_anon_1540,2020-02-12 10:22:00,P2,search,4,0.0,1,1,1,1,0,0,0,0.0,,,0,0,1,0,0,0,0,0,1,a:demo_anon_1540,1
demo_session_02379,demo_user_1019,,2020-03-17 17:50:00,P3,self,5,1.0,1,2,1,5,4,0,0,,,,0,1,1,0,0,0,0,0,0,u:demo_user_1019,0
demo_session_02380,0,demo_anon_280,2020-03-12 04:09:00,P3,feed,5,0.0,1,0,0,0,0,0,0,,,,0,1,1,1,0,0,0,0,1,a:demo_anon_280,0
demo_session_02381,0,demo_anon_700,2020-03-25 00:21:00,P3,self,5,1.0,1,3,2,5,2,0,0,,,,0,0,0,1,0,0,0,0,1,a:demo_anon_700,0
demo_session_02382,demo_user_1431,,2020-03-30 16:15:00,P3,self,4,0.0,0,0,2,2,0,0,0,,,,0,0,1,0,0,0,0,0,0,u:demo_user_1431,0
demo_session_02383,demo_user_612,,2020-02-06 10:51:00,P2,self,1,0.0,0,0,0,1,1,0,0,1.0,,,0,0,0,0,0,0,1,0,0,u:demo_user_612,0
demo_session_02384,demo_user_286,,2020-02-26 08:57:00,P2,feed,5,0.0,1,2,1,3,0,0,0,2.0,,,1,1,0,0,0,0,0,0,0,u:demo_user_286,1
demo_session_02385,0,demo_anon_1365,2020-01-21 00:37:00,P1,self,3,1.0,0,1,0,1,0,0,0,1.0,,,0,0,0,0,0,0,0,0,1,a:demo_anon_1365,0
demo_session_02386,demo_user_1486,,2020-03-27 01:01:00,P3,search,4,0.0,1,1,0,3,2,0,0,,,,1,1,0,0,0,0,0,0,0,u:demo_user_1486,0
demo_session_02387,demo_user_1521,,2020-02-23 19:04:00,P2,self,5,2.0,0,3,1,2,1,1,0,0.0,,,0,0,1,1,0,0,0,0,0,u:demo_user_1521,0
demo_session_02388,0,demo_anon_1490,2020-02-11 20:17:00,P2,self,4,2.0,1,1,0,0,0,0,0,0.0,,,0,0,0,0,0,0,0,0,1,a:demo_anon_1490,0
demo_session_02389,demo_user_1361,,2020-03-31 14:29:00,P4,feed,5,2.0,1,0,0,0,0,0,0,,,,1,1,1,0,0,0,0,0,0,u:demo_user_1361,0
demo_session_02390,demo_user_709,,2020-04-22 12:55:00,P4,self,4,0.0,1,2,2,1,0,0,0,,,,0,1,0,0,0,0,0,0,0,u:demo_user_709,0
demo_session_02391,demo_user_299,,2020-04-16 09:40:00,P4,self,5,0.0,1,1,2,2,1,0,0,,,,0,0,1,0,0,0,0,0,0,u:demo_user_299,0
demo_session_02392,demo_user_962,,2020-01-17 04:37:00,P1,search,5,0.0,1,1,0,2,0,0,0,0.0,,,0,1,0,0,0,0,0,0,0,u:demo_user_962,0
demo_session_02393,demo_user_344,,2020-04-07 20:10:00,P4,feed,5,0.0,1,1,0,1,0,0,0,,,,1,1,1,1,0,0,0,0,0,u:demo_user_344,0
demo_session_02394,demo_user_738,,2020-03-09 01:12:00,P3,self,4,1.0,0,1,0,0,0,0,0,,,1.0,0,1,0,0,0,0,0,0,0,u:demo_user_738,0
demo_session_02395,demo_user_1023,,2020-01-14 03:26:00,P1,self,5,0.0,0,0,1,2,1,0,0,1.0,,,0,0,1,1,0,0,0,0,0,u:demo_user_1023,1
demo_session_02396,demo_user_1476,,2020-02-16 12:56:00,P2,feed,5,2.0,0,2,1,6,1,0,0,0.0,,,0,1,1,1,0,0,0,0,0,u:demo_user_1476,0
demo_session_02397,0,demo_anon_450,2020-01-27 17:35:00,P1,search,2,0.0,0,0,0,2,0,0,0,0.0,,-1.0,0,0,0,0,0,0,0,0,1,a:demo_anon_450,0
demo_session_02398,demo_user_392,,2020-01-31 23:31:00,P2,feed,4,2.0,1,1,4,5,2,0,0,1.0,,,0,0,1,1,0,0,0,0,0,u:demo_user_392,0
demo_session_02399,demo_user_1146,,2020-03-15 00:55:00,P3,search,4,1.0,0,0,1,1,0,0,0,,,-0.0,1,0,0,0,0,0,0,0,0,u:demo_user_1146,0
